Company,Year_term,Number of sites_Electric power company's own_Hydroelectric,Number of sites_Electric power company's own_Thermal power,Number of sites_Electric power company's own_Nuclear power,Number of sites_Electric power company's own_Renewable energy,Number of sites_Electric power company's own_Total,Number of sites_Privately-owned_Hydroelectric,Number of sites_Privately-owned_Thermal power,Number of sites_Privately-owned_Nuclear power,Number of sites_Privately-owned_Renewable energy,Number of sites_Privately-owned_Other power sources,Number of sites_Privately-owned_Total,Number of sites_Total of EPCo and Privately-owned_Hydroelectric,Number of sites_Total of EPCo and Privately-owned_Thermal power,Number of sites_Total of EPCo and Privately-owned_Nuclear power,Number of sites_Total of EPCo and Privately-owned_Renewable energy,Number of sites_Total of EPCo and Privately-owned_Other power sources,Number of sites_Total of EPCo and Privately-owned_Total,Capacity in total_Electric power company's own_Hydroelectric (MW),Capacity in total_Electric power company's own_Thermal power (MW),Capacity in total_Electric power company's own_Nuclear power (MW),Capacity in total_Electric power company's own_Renewable energy (MW),Capacity in total_Electric power company's own_Total (MW),Capacity in total_Privately-owned_Hydroelectric (MW),Capacity in total_Privately-owned_Thermal power (MW),Capacity in total_Privately-owned_Nuclear power (MW),Capacity in total_Privately-owned_Renewable energy (MW),Capacity in total_Privately-owned_Other power sources (MW),Capacity in total_Privately-owned_Total (MW),Capacity in total_Total of EPCos and Privately-owned_Hydroelectric (MW),Capacity in total_Total of EPCos and Privately-owned_Thermal power (MW),Capacity in total_Total of EPCos and Privately-owned_Nuclear power (MW),Capacity in total_Total of EPCos and Privately-owned_Renewable energy (MW),Capacity in total_Total of EPCos and Privately-owned_Other power sources (MW),Capacity in total_Total of EPCos and Privately-owned_Total (MW)
Hokkaido,2015,66,13,1,,82,31,122,,,,316,97,135,1,,,398,1863,4482,2070,,8441,211,2008,,,,2864,2074,6490,2070,,,11304
Tohoku,2015,225,14,2,,250,109,227,,,,609,334,241,2,,,859,6514,12136,3274,,22168,1333,5146,,,,7692,7847,17282,3274,,,29860
Tokyo,2015,165,33,3,,207,106,721,,,,1388,271,754,3,,,1595,10534,45967,13712,,70264,1047,15846,,,,18258,11580,61812,13712,,,88522
Chubu,2015,211,10,1,,226,41,350,,,,703,252,360,1,,,929,7613,24015,3617,,35284,424,4160,,,,5464,8037,28175,3617,,,40748
Hokuriku,2015,134,6,2,,148,31,44,,,,161,165,50,2,,,309,2445,4400,2906,,9758,225,360,,,,847,2669,4760,2906,,,10605
Kansai,2015,158,18,3,,182,2,385,,,,573,160,403,3,,,755,8836,21048,8928,,38824,13,6687,,,,7326,8849,27735,8928,,,46150
Chugoku,2015,99,13,1,,115,35,202,,,,571,134,215,1,,,686,2909,9101,820,,12836,180,6812,,,,7913,3089,15912,820,,,20749
Shikoku,2015,63,6,1,,71,24,79,,,,330,87,85,1,,,401,1334,6067,2022,,9425,274,1745,,,,2595,1608,7811,2022,,,12019
Kyushu,2015,146,48,2,,213,60,235,,,,917,206,283,2,,,1130,3739,13359,4699,,22018,512,4959,,,,7271,4250,18319,4699,,,29289
Okinawa,2015,,24,,,29,2,20,,,,40,2,44,,,,69,,2465,,,2467,31,43,,,,121,31,2508,,,,2588
Hokkaido,2014,66,13,1,,80,30,122,,,,288,96,135,1,,,370,1657,4482,2070,,8235,182,2038,,,,2753,1840,6520,2070,,,10988
Tohoku,2014,228,13,2,,249,106,240,,,,598,334,253,2,,,849,6526,11865,3274,,21908,1276,7414,,,,9876,7801,19279,3274,,,31784
Tokyo,2014,165,33,3,,208,105,723,,,,1163,270,756,3,,,1368,10532,45242,13712,,69519,1045,15282,,,,17602,11576,60525,13712,,,87122
Chubu,2014,204,11,1,,215,46,354,,,,631,250,365,1,,,851,7437,25082,3617,,36174,458,4287,,,,5426,7895,29369,3617,,,41600
Hokuriku,2014,133,6,2,,147,30,42,,,,129,163,48,2,,,276,2438,4400,3263,,10109,223,339,,,,776,2661,4739,3263,,,10884
Kansai,2014,157,18,3,,180,3,384,,,,535,160,402,3,,,716,8833,21081,9768,,39693,13,6716,,,,7212,8846,27798,9768,,,46905
Chugoku,2014,98,13,1,,72,36,202,,,,451,134,215,1,,,565,2909,9101,1280,,13295,182,6808,,,,7632,3091,15909,1280,,,20928
Shikoku,2014,63,6,1,,209,24,80,,,,247,87,86,1,,,318,1334,6417,2022,,9775,272,1780,,,,2423,1606,8197,2022,,,12198
Kyushu,2014,146,49,2,,26,60,227,,,,717,206,276,2,,,926,3739,13659,5258,,22871,511,4872,,,,6714,4250,18531,5258,,,29584
Okinawa,2014,,24,,,1507,2,19,,,,38,2,43,,,,64,,2447,0,,2448,31,42,,,,119,31,2489,,,,2567
Hokkaido,2013,64,13,1,,80,31,128,,,,263,95,141,1,,,343,1455,4482,2070,,8033,180,2051,,,,2632,1636,6532,2070,,,10665
Tohoku,2013,226,13,2,,249,106,238,,,,507,332,251,2,,,756,6511,11833,3274,,21912,1285,7409,,,,9617,7796,19242,3274,,,31529
Tokyo,2013,165,36,3,,208,106,747,,,,1010,271,783,3,,,1218,10131,44711,13712,,68587,1046,15372,,,,16860,11177,60082,13712,,,85447
Chubu,2013,200,11,1,,215,49,381,,,,568,249,392,1,,,783,7349,24506,3617,,35502,514,4394,,,,5300,7863,28901,3617,,,40803
Hokuriku,2013,132,6,2,,147,30,41,,,,101,162,47,2,,,248,2437,4400,3263,,10110,223,334,,,,732,2660,4735,3263,,,10841
Kansai,2013,157,18,3,,180,3,396,,,,484,160,414,3,,,664,8819,19622,9768,,38219,13,6609,,,,6907,8832,26231,9768,,,45126
Chugoku,2013,98,13,1,,113,36,210,,,,369,134,223,1,,,482,2906,9101,1280,,13290,182,6797,,,,7453,3088,15897,1280,,,20742
Shikoku,2013,64,6,1,,73,24,79,,,,176,88,85,1,,,249,1330,6417,2022,,9772,272,1766,,,,2272,1603,8183,2022,,,12043
Kyushu,2013,146,47,2,,204,59,231,,,,454,205,278,2,,,658,3738,14084,5258,,23297,509,4581,,,,5837,4247,18664,5258,,,29134
Okinawa,2013,,23,,,24,2,20,,,,31,2,43,,,,55,,2746,,,2747,31,44,,,,93,31,2790,,,,2840
Hokkaido,2012,64,13,1,,80,31,129,,,,206,95,142,1,,,286,1455,4482,2070,,8033,195,1914,,,,2408,1650,6396,2070,,,10441
Tohoku,2012,226,13,2,,249,107,237,,,,408,333,250,2,,,657,6505,11833,3274,,21906,1296,7374,,,,9404,7801,19207,3274,,,31309
Tokyo,2012,165,32,4,,206,104,769,,,,934,269,801,4,,,1140,10128,43216,15596,,68974,1043,15240,,,,16535,11171,58456,15596,,,85510
Chubu,2012,198,12,1,,214,51,397,,,,479,249,409,1,,,693,7342,25159,3617,,36149,518,4375,,,,5106,7859,29534,3617,,,41255
Hokuriku,2012,132,6,2,,147,30,42,,,,82,162,48,2,,,229,2430,4400,3263,,10102,223,337,,,,700,2653,4737,3263,,,10803
Kansai,2012,157,17,3,,178,3,385,,,,435,160,402,3,,,613,8819,18608,9768,,37205,13,6641,,,,6834,8832,25249,9768,,,44039
Chugoku,2012,97,13,1,,112,36,215,,,,279,133,228,1,,,391,2906,9101,1280,,13289,182,6805,,,,7275,3088,15905,1280,,,20564
Shikoku,2012,64,6,1,,73,24,80,,,,130,88,86,1,,,203,1330,6417,2022,,9771,272,1766,,,,2183,1602,8183,2022,,,11954
Kyushu,2012,145,47,2,,202,59,237,,,,360,204,284,2,,,562,3737,14084,5258,,23295,509,4608,,,,5563,4247,18691,5258,,,28858
Okinawa,2012,,23,,,24,2,23,,,,33,2,46,,,,57,,1495,,,2495,31,51,,,,98,31,2545,,,,2593
Hokkaido,2011,63,12,1,2,78,31,134,,35,,200,94,146,1,37,,278,1453,4334,2070,51,7908,195,1908,,274,,2377,1648,6242,2070,325,,10285
Tohoku,2011,227,13,2,7,249,106,232,,55,,393,333,245,2,62,,642,6515,10887,3274,292,20967,1283,7338,,711,,9331,7798,18225,3274,1002,,30298
Tokyo,2011,164,31,4,6,205,104,749,,34,,887,268,780,4,40,,1092,9657,41657,18408,35,69757,1042,15360,,190,,16594,10699,57017,18408,226,,86351
Chubu,2011,198,11,1,3,213,50,395,,28,,473,248,406,1,31,,686,7334,23969,3617,31,34951,500,4371,,191,,5061,7834,28341,3617,221,,40012
Hokuriku,2011,131,6,2,5,144,31,45,,10,,86,162,51,2,15,,230,2429,4400,3263,7,10099,224,346,,140,,710,2653,4746,3263,148,,10810
Kansai,2011,156,17,3,1,177,3,380,,23,,406,159,397,3,24,,583,8808,18543,9768,10,37129,13,6585,,127,,6725,8822,25128,9768,137,,43855
Chugoku,2011,97,13,1,1,112,36,218,,18,,272,133,231,1,19,,384,2906,9101,1280,3,13289,182,6808,,274,,7264,3087,15909,1280,277,,20553
Shikoku,2011,64,6,1,2,73,24,85,,13,,122,88,91,1,15,,195,1330,6417,2022,2,9771,272,1797,,124,,2194,1602,8214,2022,126,,11965
Kyushu,2011,144,48,2,8,202,59,232,,34,,325,203,280,2,42,,527,3737,14580,5258,216,23791,508,4606,,346,,5460,4245,19186,5258,562,,29251
Okinawa,2011,,22,,1,23,2,25,,8,,35,2,47,,9,,58,,2245,,a,2245,31,57,,16,,105,31,2302,,17,,2350
Hokkaido,2010,63,12,1,1,77,31,139,,34,,204,94,151,1,35,,281,1450,4334,2070,50,7903,195,1914,,250,,2360,1645,6248,2070,300,,10263
Tohoku,2010,226,14,2,6,248,106,231,,46,,383,332,245,2,52,,631,6504,11288,3274,290,21355,1284,5359,,672,,7316,7788,16647,3274,962,,28671
Tokyo,2010,163,31,4,3,201,103,736,,33,,872,266,767,4,36,,1073,9656,40204,18408,5,68274,1041,15338,,188,,16568,10697,55542,18408,194,,84842
Chubu,2010,198,12,1,2,213,54,379,,23,,456,252,391,1,25,,669,7335,23973,3617,23,34948,516,4344,,191,,5050,7851,28317,3617,214,,39998
Hokuriku,2010,130,6,2,4,142,30,47,,10,,87,160,53,2,14,,229,2428,4400,3263,6,10098,223,350,,140,,714,2651,4751,3263,147,,10812
Kansai,2010,155,17,3,1,176,3,397,,14,,414,158,414,3,15,,590,8807,18543,9768,6,37124,13,6716,,115,,6844,8820,25259,9768,121,,43968
Chugoku,2010,97,13,1,,111,35,223,,18,,276,132,236,1,18,,387,2906,9101,1280,,13286,181,6813,,274,,7268,3086,15914,1280,274,,20554
Shikoku,2010,64,6,1,2,73,24,88,,13,,125,88,94,1,15,,198,1330,6417,2022,2,9771,272,1805,,124,,2201,1602,8221,2022,126,,11972
Kyushu,2010,142,48,2,8,200,58,234,,30,,322,200,282,2,38,,522,3434,14580,5258,216,23488,505,4612,,290,,5407,3939,19192,5258,506,,28895
Okinawa,2010,,22,,1,23,2,27,,9,,38,2,49,,10,,61,,2231,,a,2231,31,60,,17,,108,31,2291,,18,,2340
Hokkaido,2009,74,13,1,1,89,20,142,,33,,195,94,155,1,34,,284,1527,4584,2070,50,8230,116,1671,,248,,2036,1643,6255,2070,298,,10266
Tohoku,2009,286,17,2,5,310,58,254,,46,,358,344,271,2,51,,668,6983,14957,3274,239,25452,787,3086,,622,,4494,7770,18042,3274,861,,29947
Tokyo,2009,215,34,4,3,256,75,744,,31,,850,290,778,4,34,,1106,9859,41215,18408,5,69488,939,13072,,140,,14151,10797,54287,18408,146,,83639
Chubu,2009,220,12,1,1,234,30,413,,21,1,465,250,425,1,22,1,699,7532,23907,3504,6,34949,309,4490,,153,1,4952,7840,28396,3504,159,1,39901
Hokuriku,2009,144,6,2,,152,21,52,,10,,83,165,58,2,10,,235,2550,4400,3263,,10213,167,372,,88,,627,2717,4773,3263,88,,10840
Kansai,2009,156,18,3,,177,2,401,,10,1,414,158,419,3,10,1,591,8818,18299,9768,,36885,2,6211,,80,a,6293,8820,24510,9768,80,a,43178
Chugoku,2009,97,15,1,,113,34,233,,18,,285,131,248,1,18,,398,2905,10558,1280,,14743,179,5495,,274,,5948,3084,16052,1280,274,,20691
Shikoku,2009,88,9,1,2,100,,87,,12,,99,88,96,1,14,,199,1602,6548,2022,a,10172,,1334,,123,,1458,1602,7882,2022,123,,11630
Kyushu,2009,174,50,2,7,233,31,242,,30,,303,205,292,2,37,,536,3446,15871,5258,211,24785,216,3376,,290,,3882,3661,19247,5258,500,,28667
Okinawa,2009,,22,,,22,2,27,,9,,38,2,49,,9,,60,,2236,,,2236,31,56,,17,,104,31,2292,,17,,2340
Hokkaido,2008,74,13,1,1,89,20,149,,33,,202,94,162,1,34,,291,1526,4584,1158,50,7317,116,1690,,245,,2051,1642,6273,1158,295,,9368
Tohoku,2008,287,16,2,5,310,58,259,,41,,358,345,275,2,46,,668,6991,15205,3274,236,25706,787,2841,,600,,4229,7778,18046,3274,836,,29935
Tokyo,2008,270,35,4,2,311,26,755,,29,,810,296,790,4,31,,1121,10585,40134,18408,4,69131,189,13221,,128,,13539,10773,53356,18408,132,,82670
Chubu,2008,220,12,1,,233,30,432,,18,1,481,250,444,1,18,1,714,7532,23907,3504,,34943,309,4600,,107,1,5016,7840,28507,3504,107,1,39958
Hokuriku,2008,159,6,2,,167,7,55,,10,,72,166,61,2,10,,239,2682,4400,3263,,10345,35,385,,68,,488,2717,4786,3263,68,,10833
Kansai,2008,156,17,3,,176,2,411,,8,1,422,158,428,3,8,1,598,8817,16743,9768,,35327,2,6211,,65,a,6279,8819,22954,9768,65,a,41606
Chugoku,2008,140,15,1,,156,5,246,,17,,268,145,261,1,17,,424,3075,10398,1280,,14752,14,5483,,196,,5693,3089,15881,1280,196,,20446
Shikoku,2008,88,9,1,2,100,,95,,11,,106,88,104,1,13,,206,1601,6548,2022,a,10172,,1385,,105,,1490,1601,7933,2022,105,,11662
Kyushu,2008,174,49,2,7,232,29,253,,26,,308,203,302,2,33,,540,3444,15868,5258,211,24781,215,3427,,270,,3912,3659,19296,5258,481,,28693
Okinawa,2008,,22,,,22,2,28,,8,,38,2,50,,8,,60,,2237,,,2237,31,57,,15,,104,31,2294,,15,,2340
Hokkaido,2007,74,13,1,1,89,20,145,,34,,199,94,158,1,35,,288,1526,4584,1158,50,7317,116,1686,,246,,2048,1642,6269,1158,296,,9366
Tohoku,2007,289,16,2,5,312,57,279,,41,,377,346,295,2,46,,689,6992,15208,3274,236,25711,781,2874,,550,,4205,7773,18083,3274,786,,29916
Tokyo,2007,275,33,4,2,314,21,779,,25,,825,296,812,4,27,,1139,10611,39271,18408,4,68294,161,12668,,102,,12931,10772,51939,18408,105,,81225
Chubu,2007,220,12,1,,233,29,465,,18,2,514,249,477,1,18,2,747,7530,22373,4884,,34787,306,4597,,106,2,5011,7837,26969,4884,106,2,39797
Hokuriku,2007,159,6,2,,167,7,66,,10,,83,166,72,2,10,,250,2682,4400,3415,,10497,35,439,,68,,542,2717,4840,3415,68,,11039
Kansai,2007,156,17,3,,176,2,441,,7,2,452,158,458,3,7,2,628,8816,17243,9768,,35827,2,6285,,49,a,6337,8818,23528,9768,49,a,42164
Chugoku,2007,140,15,1,,156,5,266,,15,,286,145,281,1,15,,442,3075,10398,1280,,14752,14,5289,,136,,5439,3089,15686,1280,136,,20191
Shikoku,2007,88,9,1,2,100,,106,,8,,114,88,115,1,10,,214,1601,6554,2022,a,10178,,1388,,78,,1466,1601,7942,2022,78,,11644
Kyushu,2007,173,50,2,7,232,29,276,,25,,330,202,326,2,32,,562,3144,15860,5258,211,24472,215,3475,,219,,3909,3358,19335,5258,429,,28381
Okinawa,2007,,22,,,22,2,33,,7,,42,2,55,,7,,64,,2237,,,2237,31,66,,14,,110,31,2303,,14,,2348
Hokkaido,2006,74,13,1,1,89,20,155,,31,,206,94,168,1,32,,295,1526,4584,1158,50,7317,116,1711,,230,,2057,1642,6294,1158,280,,9374
Tohoku,2006,288,16,2,5,311,58,303,,42,,403,346,319,2,47,,714,6988,15555,3274,236,26053,858,2709,,1042,,4609,7846,18263,3274,1278,,30662
Tokyo,2006,280,33,4,2,319,18,777,,22,,817,298,810,4,24,,1136,10621,39625,18408,4,67658,144,11597,,97,,11838,10765,50222,18408,100,,79496
Chubu,2006,220,12,1,,233,24,526,,18,2,570,244,538,1,18,2,803,7533,22373,4884,,34789,290,4784,,96,2,5173,7822,27156,4884,96,2,39962
Hokuriku,2006,159,6,2,,167,5,70,,8,,83,164,76,2,8,,250,2681,4400,3415,,10496,23,458,,41,,522,2704,4858,3415,41,,11018
Kansai,2006,156,17,3,,176,2,448,,6,2,458,158,465,3,6,2,634,8816,17740,9768,,36325,2,6249,,12,a,6263,8818,23990,9768,12,a,42588
Chugoku,2006,140,15,1,,156,5,284,,10,,299,145,299,1,10,,455,3075,10773,1280,,15127,14,5287,,116,,5417,3089,16059,1280,116,,20544
Shikoku,2006,88,9,1,2,100,,110,,8,,118,88,119,1,10,,218,1601,6747,2022,a,10371,,1231,,58,,1288,1601,7978,2022,58,,11659
Kyushu,2006,174,50,2,7,233,29,287,,17,,333,203,337,2,24,,566,2845,15858,5258,211,24171,213,3356,,139,,3708,3057,19214,5258,349,,27879
Okinawa,2006,,22,,,22,2,35,,6,,43,2,57,,6,,65,,2236,,,2236,31,69,,12,,111,31,2305,,12,,2347
Hokkaido,2005,73,13,1,1,88,20,165,,30,,215,93,178,1,31,,303,1521,4583,1158,50,7312,116,1726,,229,,2071,1637,6309,1158,279,,9383
Tohoku,2005,288,16,2,5,311,58,333,,36,,427,346,349,2,41,,738,6984,15021,3274,237,25516,859,2665,,695,,4219,7843,17686,3274,932,,29735
Tokyo,2005,281,33,4,2,320,19,816,,10,,845,300,849,4,12,,1165,10624,38569,18408,4,67604,146,10679,,29,,10854,10770,49248,18408,33,0,78458
Chubu,2005,220,12,1,,233,24,552,,9,,585,244,564,1,9,,818,7533,22372,4997,,34902,289,4847,,50,,5187,7822,27219,4997,50,,40089
Hokuriku,2005,159,6,2,,167,5,88,,6,,99,164,94,2,6,,266,2680,4400,3415,,10495,23,495,,18,,535,2703,4895,3415,18,,11030
Kansai,2005,156,19,3,,178,1,446,,6,2,455,157,465,3,6,2,633,8813,18653,9768,,37234,2,6179,,12,a,6193,8815,24832,9768,12,a,43427
Chugoku,2005,137,15,1,,153,5,305,,10,,320,142,320,1,10,,473,3063,10783,1280,,15126,14,5327,,40,,5381,3077,16110,1280,40,,20507
Shikoku,2005,88,9,1,2,100,,119,,6,,125,88,128,1,8,,225,1618,6747,2022,a,10388,,1233,,37,,1269,1618,7980,2022,37,,11657
Kyushu,2005,174,49,2,7,232,29,289,,17,,335,203,338,2,24,,567,2831,15850,5258,211,24149,213,3342,,141,,3695,3044,19192,5258,352,,27844
Okinawa,2005,,23,,,23,2,33,,6,,41,2,56,,6,,64,,2238,,,2238,31,59,,12,,102,31,2297,,12,,2340
Hokkaido,2004,73,13,1,1,88,20,169,,25,,214,93,182,1,26,,302,1521,4669,1158,50,7397,116,1991,,154,,2262,1637,6660,1158,204,,9659
Tohoku,2004,288,16,1,5,310,57,354,,33,,444,345,370,1,38,,754,6985,15027,2174,236,24422,791,2725,,394,,3910,7776,17752,2174,630,,28332
Tokyo,2004,282,33,4,2,321,16,800,,8,,824,298,833,4,10,,1145,10156,40016,18408,4,68584,141,10790,,15,,10946,10298,50806,18408,18,,79530
Chubu,2004,220,12,1,,233,23,525,,9,,557,243,537,1,9,,790,7531,22373,4997,,34901,287,4458,,50,,4796,7818,26831,4997,50,,39697
Hokuriku,2004,158,6,2,,166,5,88,,6,,99,163,94,2,6,,265,2674,4400,2057,,9132,23,483,,18,,524,2697,4883,2057,18,,9655
Kansai,2004,156,17,3,,176,1,436,,6,1,444,157,453,3,6,1,620,8813,18636,9768,,37216,2,6002,,12,a,6016,8815,24637,9768,12,a,43232
Chugoku,2004,137,15,1,,153,4,308,,7,,319,141,323,1,7,,472,3069,10783,1280,,15131,9,5285,,14,,5308,3078,16068,1280,14,,20440
Shikoku,2004,88,9,1,2,100,,121,,4,,125,88,130,1,6,,225,1603,6743,2022,a,10368,,1760,,15,,1775,1603,8503,2022,15,,12143
Kyushu,2004,175,53,2,7,237,29,291,,15,,335,204,344,2,22,,572,2839,15869,5258,211,24177,213,3179,,118,,3509,3052,19048,5258,329,,27685
Okinawa,2004,,23,,,23,2,32,,6,,40,2,55,,6,,63,,2228,,,2228,31,57,,12,,99,31,2285,,12,,2328
Hokkaido,2003,77,12,1,1,91,16,156,,23,,195,93,168,1,24,,286,1536,4400,1158,50,7144,100,1780,,126,,2005,1636,6180,1158,176,,9151
Tohoku,2003,290,16,1,5,312,49,340,,16,,405,339,356,1,21,,717,6988,15027,2174,236,24425,780,2508,,260,,3548,7768,17535,2174,496,,27973
Tokyo,2003,283,32,4,2,321,16,730,,5,,751,299,762,4,7,,1072,10155,39837,18408,4,68403,141,9891,,10,,10042,10296,49728,18408,14,,78446
Chubu,2003,221,13,1,,235,23,441,,3,,467,244,454,1,3,,702,7531,22904,3617,,34052,287,3612,,20,,3918,7818,26516,3617,20,,37971
Hokuriku,2003,158,8,2,,168,5,85,,4,,94,163,93,2,4,,262,2673,4400,2057,,9130,23,486,,8,,516,2696,4886,2057,8,,9647
Kansai,2003,156,15,3,,174,1,418,,4,2,425,157,433,3,4,2,599,8805,17726,9768,,36299,2,5894,,8,a,5905,8807,23620,9768,8,a,42203
Chugoku,2003,137,15,1,,153,4,318,,4,,326,141,333,1,4,,479,3069,10783,1280,,15132,9,5398,,10,,5416,3078,16181,1280,10,,20548
Shikoku,2003,88,9,1,2,100,,118,,4,,122,88,127,1,6,,222,1601,6743,2022,a,10366,,1523,,15,,1538,1601,8266,2022,15,,11904
Kyushu,2003,175,54,2,7,238,28,294,,11,,333,203,348,2,18,,571,2839,16337,5258,211,24645,211,3164,,75,,3450,3050,19501,5258,286,,28094
Okinawa,2003,,23,,,23,2,30,,7,,39,2,53,,7,,62,,2230,,,2230,31,78,,11,,120,31,2308,,11,,2350
Hokkaido,2002,83,12,1,1,97,15,142,,21,,178,98,154,1,22,,275,1540,4400,1158,50,7148,98,1684,,123,,1906,1638,6085,1158,173,,9054
Tohoku,2002,290,16,1,5,312,51,276,,9,,336,341,292,1,14,,648,6707,15552,2174,236,24669,844,2369,,122,,3334,7551,17921,2174,358,,28003
Tokyo,2002,283,29,4,2,318,16,651,,3,,670,299,680,4,5,,988,10153,37719,18408,4,66283,141,9201,,7,,9350,10294,46920,18408,11,,75633
Chubu,2002,219,13,1,,233,23,397,,,,420,242,410,1,,,653,7529,23904,3617,,35050,287,3487,,,,3774,7816,27391,3617,,,38824
Hokuriku,2002,159,8,2,,169,5,86,1,3,,95,164,94,3,3,,264,2673,5156,2057,,9886,23,492,165,6,,686,2695,5648,2222,6,,10572
Kansai,2002,156,16,3,,175,1,385,,3,1,390,157,401,3,3,1,565,8791,18350,9768,,36909,2,5561,,8,a,5570,8793,23910,9768,8,a,42479
Chugoku,2002,136,15,1,,152,3,293,,1,,297,139,308,1,1,,449,3070,10781,1280,,15130,7,4927,,2,,4936,3076,15708,1280,2,,20066
Shikoku,2002,86,9,1,2,98,1,120,,2,,123,87,129,1,4,,221,1600,6777,2022,a,10399,1,1510,,2,,1514,1601,8287,2022,3,,11912
Kyushu,2002,176,55,2,7,240,28,292,,5,,325,204,347,2,12,,565,2840,15793,5258,211,24101,211,3167,,9,,3387,3050,18959,5258,220,,27487
Okinawa,2002,,22,,,22,2,26,,5,,33,2,48,,5,,55,,1988,,,1988,31,71,,7,,109,31,2060,,7,,2098
Hokkaido,2001,83,12,1,1,97,15,133,,18,,166,98,145,1,19,,263,1540,3700,1158,50,6448,98,1630,,97,,1824,1638,5330,1158,147,,8272
Tohoku,2001,289,16,1,5,311,48,269,,10,,327,337,285,1,15,,638,6733,15552,2174,236,24695,705,2350,,89,,3144,7438,17902,2174,325,,27839
Tokyo,2001,283,28,4,2,317,16,599,,1,,616,299,627,4,3,,933,10151,37118,18408,4,65681,141,8253,,2,,8396,10292,45371,18408,5,,74077
Chubu,2001,219,13,1,,233,22,372,,,,394,241,385,1,,,627,7527,23404,3617,,34548,286,3321,,,,3607,7812,26725,3617,,,38154
Hokuriku,2001,158,8,2,,168,5,77,1,1,,84,163,85,3,1,,252,2670,5156,2057,,9883,23,456,165,1,,644,2692,5612,2222,1,,10527
Kansai,2001,156,18,3,,177,1,345,,2,,348,157,363,3,2,,525,8787,18656,9768,,37211,2,4836,,6,,4844,8789,23491,9768,6,,42054
Chugoku,2001,136,15,1,,152,3,282,,,,285,139,297,1,,,437,3054,10781,1280,,15115,7,4745,,,,4751,3061,15526,1280,,,19867
Shikoku,2001,86,9,1,,96,1,120,,2,,123,87,129,1,2,,219,1584,6777,2022,,10382,1,1508,,2,,1512,1584,8285,2022,2,,11894
Kyushu,2001,175,55,2,5,237,28,291,,5,,324,203,346,2,10,,561,2838,15787,5258,208,24090,211,2657,,9,,2877,3049,18444,5258,217,,26968
Okinawa,2001,,22,,,22,2,18,,3,,23,2,40,,3,,45,,1988,,,1988,31,55,,4,,90,31,2043,,4,,2078
Hokkaido,2000,87,12,1,1,101,12,130,,10,,152,99,142,1,11,,253,1573,3700,1158,50,6481,66,1472,,66,,1604,1638,5172,1158,116,,8085
Tohoku,2000,286,16,1,5,308,40,254,,3,,297,326,270,1,8,,605,6687,15531,1349,236,23803,706,2122,,36,,2865,7393,17653,1349,272,,26668
Tokyo,2000,280,27,5,2,314,16,558,,,,574,296,585,5,2,,888,10137,35928,18574,4,64643,142,8219,,,,8361,10279,44147,18574,4,,73004
Chubu,2000,219,14,1,,234,22,352,,,,374,241,366,1,,,608,7527,22944,3617,,34087,285,3223,,,,3509,7812,26167,3617,,,37596
Hokuriku,2000,159,8,2,,169,5,78,1,1,,85,164,86,3,1,,254,2668,5312,2057,,10037,23,457,165,1,,645,2690,5769,2222,1,,10682
Kansai,2000,156,22,3,,181,1,331,,,,332,157,353,3,,,513,8786,20530,9768,,39084,2,4040,,,,4042,8788,24569,9768,,,43125
Chugoku,2000,138,15,1,,154,2,273,,,,275,140,288,1,,,429,3063,10781,1280,,15124,6,4673,,,,4678,3068,15454,1280,,,19802
Shikoku,2000,85,8,1,,94,1,105,,2,,108,86,113,1,2,,202,1576,6253,2022,,9851,1,1462,,2,,1466,1577,7715,2022,2,,11316
Kyushu,2000,173,55,2,5,235,28,284,,5,,317,201,339,2,10,,552,2837,15417,5258,208,23719,211,2759,,9,,2979,3048,18176,5258,217,,26698
Okinawa,2000,,21,,,21,2,18,,3,,23,2,39,,3,,44,,1768,,,1768,31,58,,4,,93,31,1826,,4,,1861
Hokkaido,1999,87,12,1,1,101,12,124,,5,,141,99,136,1,6,,242,1573,3700,1158,50,6481,66,1455,,25,,1546,1638,5156,1158,75,,8027
Tohoku,1999,285,16,1,5,307,40,222,,3,,265,325,238,1,8,,572,6674,15531,1349,236,23790,696,1881,,36,,2613,7371,17412,1349,272,,26404
Tokyo,1999,279,28,5,2,314,16,533,,,,549,295,561,5,2,,863,9730,35336,18574,4,63644,142,8021,,,,8163,9872,43357,18574,4,,71807
Chubu,1999,218,14,1,,233,22,313,,,,335,240,327,1,,,568,7524,22944,3617,,34085,285,3106,,,,3391,7809,26049,3617,,,37475
Hokuriku,1999,159,8,2,,169,5,71,1,,,77,164,79,3,,,246,2668,4612,2057,,9337,23,432,165,,,620,2690,5045,2222,,,9957
Kansai,1999,155,25,3,,183,1,311,,,,312,156,336,3,,,495,8763,20890,9768,,39421,2,4010,,,,4012,8765,24900,9768,,,43433
Chugoku,1999,138,14,1,,153,2,265,,,,267,140,279,1,,,420,3063,10522,1280,,14865,6,4550,,,,4556,3068,15072,1280,,,19420
Shikoku,1999,84,7,1,,92,1,100,,1,,102,85,107,1,1,,194,1575,3614,2022,,7210,1,1450,,1,,1452,1576,5064,2022,1,,8663
Kyushu,1999,172,55,2,5,234,27,251,,1,,279,199,306,2,6,,513,2830,15407,5258,208,23702,210,2605,,3,,2818,3039,18012,5258,211,,26520
Okinawa,1999,,20,,,20,2,15,,3,,20,2,35,,3,,40,,1757,,,1757,31,46,,4,,81,31,1803,,4,,1838
Hokkaido,1998,86,12,1,1,100,11,117,,2,,130,97,129,1,3,,230,1516,3699,1158,50,6423,63,1437,,2,,1502,1579,5136,1158,52,,7925
Tohoku,1998,286,16,1,5,308,43,215,,2,,260,329,231,1,7,,568,6677,14726,1349,236,22988,732,1855,,33,,2621,7410,16581,1349,269,,25609
Tokyo,1998,273,29,5,1,308,16,494,,,,510,289,523,5,1,,818,9321,34773,18574,3,62671,142,7589,,,,7731,9463,42362,18574,3,,70402
Chubu,1998,217,14,1,,232,22,285,,,,307,239,299,1,,,539,7519,22944,3617,,34080,283,2849,,,,3132,7802,25793,3617,,,37212
Hokuriku,1998,159,8,2,,169,5,67,1,,,73,164,75,3,,,242,2667,4612,2057,,9336,23,423,165,,,610,2689,5035,2222,,,9946
Kansai,1998,154,25,3,,182,1,286,,,2,289,155,311,3,,2,471,8744,20890,9768,,39402,2,3945,,,67,4014,8746,24835,9768,,67,43416
Chugoku,1998,139,14,1,,154,2,243,,,,245,141,257,1,,,399,3063,10960,1280,,15303,6,4161,,,,4166,3068,15121,1280,,,19469
Shikoku,1998,84,7,1,,92,1,100,,,,101,85,107,1,,,193,1575,3171,2022,,6768,1,1417,,,,1418,1576,4588,2022,,,8186
Kyushu,1998,171,55,2,5,233,28,261,,1,,290,199,316,2,6,,523,2807,15394,5258,208,23667,211,2402,,3,,2615,3018,17796,5258,211,,26282
Okinawa,1998,,20,,,20,2,13,,3,,18,2,33,,3,,38,,1757,,,1757,31,53,,4,,88,31,1810,,4,,1845
Hokkaido,1997,85,12,1,1,99,11,114,,1,,126,96,126,1,2,,225,1506,3699,1158,50,6412,63,1432,,1,,1496,1569,5130,1158,51,,7909
Tohoku,1997,286,16,1,5,308,42,196,,2,,240,328,212,1,7,,548,6677,13726,1349,236,21988,652,1789,,33,,2446,7302,15514,1349,269,,24434
Tokyo,1997,271,29,5,,305,18,419,,,1,438,289,448,5,,1,743,9284,34689,18574,,62547,142,7062,,,1,7205,9426,41751,18574,,1,69752
Chubu,1997,216,13,1,,230,22,251,,,,273,238,264,1,,,503,7516,21483,3617,,32616,283,2666,,,,2949,7799,24149,3617,,,35565
Hokuriku,1997,160,8,2,,170,5,59,1,,2,65,165,67,3,,,235,2668,3912,2057,,8637,23,398,165,,,586,2690,4311,2222,,,9223
Kansai,1997,153,24,3,,180,1,271,,1,,275,154,295,3,1,2,455,8017,20877,9768,,38662,2,3195,,,2,3201,8018,24072,9768,,2,41862
Chugoku,1997,138,13,1,,152,2,222,,,,224,140,235,1,,,376,3060,9518,1280,,13858,6,3914,,,,3919,3056,13431,1280,,,17777
Shikoku,1997,84,7,1,,92,1,100,,,,101,85,107,1,,,193,1573,3614,2022,,7209,1,1419,,,,1420,1574,5033,2022,,,8629
Kyushu,1997,171,56,2,5,234,28,222,,1,,251,199,278,2,6,,485,2806,14646,5258,208,22918,211,2355,,3,,2569,3017,17002,5258,211,,25488
Okinawa,1997,,20,,,20,1,12,,,,13,1,32,,,,33,,1757,,,1757,1,51,,,,52,1,1808,,,,1809
Hokkaido,1996,84,12,1,1,98,11,110,,1,,122,95,122,1,2,,220,1498,3263,1158,50,5968,63,1410,,1,,1474,1561,4672,1158,51,,7442
Tohoku,1996,286,15,1,5,307,42,178,,2,,222,328,193,1,7,,529,6676,12726,1349,236,20987,625,1648,,33,,2305,7301,14373,1349,269,,23293
Tokyo,1996,266,29,5,,300,18,378,,,2,398,284,407,5,,2,698,9235,33285,17218,,59739,142,6665,,,5,6812,9377,39950,17218,,5,66551
Chubu,1996,216,13,1,,230,22,241,,,,263,238,254,1,,,493,7515,20649,3617,,31780,283,2516,,,,2799,7798,23164,3617,,,34579
Hokuriku,1996,160,8,2,,170,5,51,1,,,57,165,59,3,,,227,2668,3912,2057,,8637,23,378,165,,,565,2690,4290,2222,,,9202
Kansai,1996,154,24,3,,181,1,248,,1,3,253,155,272,3,1,3,434,8019,20877,9768,,38664,2,2780,,,7,2790,8021,23657,9768,,7,41454
Chugoku,1996,137,13,1,,151,2,212,,,,214,139,225,1,,,365,3061,9518,1280,,13859,6,3813,,,,3819,3066,13331,1280,,,17677
Shikoku,1996,84,7,1,,92,1,101,,,,102,85,108,1,,,194,1573,3634,2022,,7229,1,1379,,,,1380,1574,5013,2022,,,8609
Kyushu,1996,172,56,2,5,235,28,210,,1,,239,200,266,2,6,,474,2810,13634,4078,208,20729,208,2195,,3,,2406,3018,15829,4078,211,,23135
Okinawa,1996,,21,,,21,1,11,,,,12,1,32,,,,33,,1746,,,1746,1,48,,,,49,1,1794,,,,1795
Hokkaido,1995,83,12,1,1,97,14,127,,1,,142,97,139,1,2,,239,1495,3262,1158,50,5964,66,1416,,1,,1482,1560,4677,1158,51,,7447
Tohoku,1995,284,15,1,5,305,53,249,,2,,304,337,264,1,7,,609,6070,12725,1349,235,20380,632,1636,,33,,2301,6703,14361,1349,268,,22681
Tokyo,1995,266,28,5,,299,18,543,,,2,563,284,571,5,,2,862,9225,31857,15862,,56944,142,6743,,,5,6890,9367,38600,15862,,5,63834
Chubu,1995,214,13,1,,228,24,305,,,,329,238,318,1,,,557,7477,18691,3617,,29784,284,2381,,,,2665,7761,21071,3617,,,32449
Hokuriku,1995,159,8,2,,169,9,61,1,,,71,168,69,3,,,240,2666,3912,2057,,8635,25,362,165,,,552,2691,4274,2222,,,9187
Kansai,1995,154,24,3,,181,3,328,,1,5,337,157,352,3,1,5,518,8039,20207,9768,,38014,3,2605,,1,8,2617,8042,22812,9768,1,8,40631
Chugoku,1995,136,13,1,,150,6,309,,,,315,142,322,1,,,465,2758,9514,1280,,13552,8,3777,,,,3785,2766,13291,1280,,,17337
Shikoku,1995,84,7,1,,92,3,123,,,,126,87,130,1,,,218,1573,3634,2022,,7228,2,1304,,,,1307,1575,4938,2022,,,8535
Kyushu,1995,169,56,2,4,231,32,293,,1,,326,201,349,2,5,,557,2779,13629,4078,183,20669,210,2180,,3,,2393,2989,15809,4078,186,,23062
Okinawa,1995,,21,,,21,1,24,,,,25,1,45,,,,46,,1773,,,1773,1,58,,,,59,1,1831,,,,1832
Hokkaido,1994,83,12,1,1,97,14,117,,1,,132,97,129,1,2,,229,1494,3262,1158,50,5964,66,1389,,1,,1456,1560,4651,1158,51,,7420
Tohoku,1994,283,15,1,4,303,53,222,,2,,277,336,237,1,6,,580,6068,11725,524,140,18458,632,1513,,33,,2178,6701,13238,524,173,,20636
Tokyo,1994,267,34,5,,306,18,510,,,1,529,285,544,5,,1,835,8930,32262,15862,,57055,142,6502,,,3,6647,9072,38765,15862,,3,63702
Chubu,1994,211,13,1,,225,24,280,,,,304,235,293,1,,,529,6925,18383,3617,,28924,284,2282,,,,2566,7209,20665,3617,,,31491
Hokuriku,1994,158,8,2,,168,9,59,1,,,69,167,67,3,,,237,2661,3912,2057,,8630,25,360,165,,,550,2686,4272,2222,,,9180
Kansai,1994,153,24,3,,180,3,309,,0,3,315,156,333,3,0,3,495,7693,19537,9768,,36998,3,2391,,1,3,2398,7697,21928,9768,1,3,39396
Chugoku,1994,133,13,1,,147,6,286,,,,292,139,299,1,,,439,2435,9018,1280,,12732,8,3725,,,,3732,2442,12742,1280,,,16465
Shikoku,1994,84,7,1,,92,3,114,,,,117,87,121,1,,,209,1572,3634,2022,,7227,2,1281,,,,1283,1574,4915,2022,,,8511
Kyushu,1994,169,55,2,3,229,32,274,,1,,307,201,329,2,4,,536,2780,12923,4078,153,19934,210,2128,,3,,2341,2990,15051,4078,156,,22275
Okinawa,1994,,21,,,21,1,24,,,,25,1,45,,,,46,,1764,,,1764,1,58,,,,58,1,1822,,,,1823
Hokkaido,1993,80,12,1,1,94,14,113,,1,,128,94,125,1,2,,222,1474,3260,1158,50,5942,66,1305,,1,,1372,1539,4566,1158,51,,7314
Tohoku,1993,282,14,1,3,300,53,197,,2,,252,335,211,1,5,,552,6048,10115,524,90,16778,632,1474,,33,,2140,6680,11590,524,123,,18917
Tokyo,1993,266,34,5,,305,18,467,,,1,486,284,501,5,,1,791,8329,32134,14762,,55225,142,6206,,,7,6355,8471,38340,14762,,7,61580
Chubu,1993,209,13,1,,223,24,267,,,,291,233,280,1,,,514,5923,18075,3617,,27614,284,2258,,,,2542,6207,20332,3617,,,30157
Hokuriku,1993,158,7,2,,167,8,55,1,,,64,166,62,3,,,231,2660,3412,2057,,8130,25,341,165,,,530,2685,3753,2222,,,8660
Kansai,1993,153,24,3,,180,3,290,,,,293,156,314,3,,,473,7372,19537,9768,,36677,3,2298,,,,2301,7376,21835,9768,,,38979
Chugoku,1993,133,13,1,,147,6,256,,,,262,139,269,1,,,409,2434,8948,1280,,12662,8,3677,,,,3685,2442,12625,1280,,,16347
Shikoku,1993,84,7,1,,92,3,106,,,,109,87,113,1,,,201,1572,3634,1132,,6337,2,1271,,,,1273,1574,4905,1132,,,7610
Kyushu,1993,169,55,2,2,228,31,244,,1,,276,200,299,2,3,,504,2780,12479,4078,123,19460,209,2024,,3,,2236,2989,14503,4078,126,,21696
Okinawa,1993,,22,,,22,1,23,,,,24,1,45,,,,46,,1602,,,1602,1,51,,,,52,1,1653,,,,1654
Hokkaido,1992,80,12,1,1,94,16,111,,,,127,96,123,1,1,,221,1374,3259,1158,50,5841,71,1220,,,,1291,1445,4479,1158,50,,7132
Tohoku,1992,285,13,1,2,301,52,180,,2,,234,337,193,1,4,,535,5592,9515,524,63,15694,631,1430,,32,,2092,6223,10945,524,94,,17786
Tokyo,1992,266,34,5,,305,18,429,,,1,448,284,463,5,,1,753,8822,32133,13662,,54617,142,5496,,,11,5649,8964,37629,13662,,11,60266
Chubu,1992,208,13,1,,222,24,255,,,,279,232,268,1,,,501,5875,17375,2480,,25730,284,2225,,,,2510,6159,19600,2480,,,28239
Hokuriku,1992,156,7,1,,164,9,52,1,,,62,165,59,2,,,226,2643,3412,1517,,7572,32,318,165,,,514,2675,3730,1682,,,8087
Kansai,1992,151,23,3,,177,3,276,,,,279,154,299,3,,,456,7037,19497,9768,,36302,3,2194,,,,2197,7040,21691,9768,,,38499
Chugoku,1992,133,14,1,,148,6,246,,,,252,139,260,1,,,400,2434,8754,1280,,12468,8,3613,,,,3621,2442,12367,1280,,,16090
Shikoku,1992,84,7,1,,92,3,96,,,,99,87,103,1,,,191,1571,3634,1132,,6337,2,1251,,,,1253,1573,4884,1132,,,7590
Kyushu,1992,170,55,2,2,229,31,222,,1,,254,201,277,2,3,,483,2792,12018,2898,123,17831,209,1910,,3,,2122,3001,13928,2898,126,,19953
Okinawa,1992,,20,,,20,1,22,,,,23,1,42,,,,43,,1442,,,1442,1,49,,,,50,1,1491,,,,1492
Hokkaido,1991,80,13,1,,94,16,103,,,,119,96,116,1,,,213,1359,3309,1158,,5826,71,1192,,,,1264,1431,4502,1158,,,7090
Tohoku,1991,282,14,1,,297,51,175,,,,226,333,189,1,,,523,5551,9568,524,,15643,630,1444,,,,2073,6181,11011,524,,,17716
Tokyo,1991,265,31,5,,301,17,401,,,1,419,282,432,5,,1,720,8820,30652,13662,,53134,141,4927,,,11,5079,8961,35579,13662,,11,58213
Chubu,1991,211,13,1,,225,24,240,,,,264,235,253,1,,,489,5865,16675,2480,,25019,284,2113,,,,2398,6149,18788,2480,,,27417
Hokuriku,1991,156,7,1,,164,9,50,1,,,60,165,57,2,,,224,2643,3412,1517,,7572,32,298,165,,,495,2675,3710,1682,,,8067
Kansai,1991,150,23,3,,176,3,260,,,,263,153,283,3,,,439,6716,19497,8588,,34801,3,2147,,,,2150,6719,21644,8588,,,36951
Chugoku,1991,133,14,1,,148,7,233,,,,240,140,247,1,,,388,2434,8424,1280,,12139,8,3572,,,,3581,2443,11997,1280,,,15719
Shikoku,1991,84,7,1,,92,3,93,,1,,97,87,100,1,1,,189,1571,3634,1132,,6337,2,1160,,1,,1163,1573,4794,1132,1,,7500
Kyushu,1991,168,57,2,,227,31,211,,,,242,199,268,2,,,469,2775,12125,2898,,17798,209,1927,,,,2136,2985,14051,2898,,,19934
Okinawa,1991,,19,,,19,1,19,,,,20,1,38,,,,39,,1329,,,1329,1,47,,,,48,1,1376,,,,1377
Hokkaido,1990,79,14,1,,94,15,95,,,,110,94,109,1,,,204,1355,3329,579,,5263,71,1227,,,,1298,1425,4557,579,,,6561
Tohoku,1990,278,14,1,,293,49,156,,,,205,327,170,1,,,498,5489,9568,524,,15581,626,1384,,,,2009,6115,10951,524,,,17590
Tokyo,1990,265,32,5,,302,17,374,,,,391,282,406,5,,,693,7616,31001,13662,,52279,141,4682,,,,4822,7757,35683,13662,,,57101
Chubu,1990,208,12,1,,221,26,214,,,,240,234,226,1,,,461,5844,15975,2480,,24299,286,2033,,,,2319,6130,18008,2480,,,26618
Hokuriku,1990,157,6,1,,164,9,48,1,,,58,166,54,2,,,222,2645,2912,1517,,7074,32,294,165,,,490,2676,3206,1682,,,7564
Kansai,1990,151,23,3,,177,2,239,,,,241,153,262,3,,,418,6716,18897,7408,,33021,2,2045,,,,2048,6718,20942,7408,,,35069
Chugoku,1990,131,14,1,,146,7,218,,,,225,138,232,1,,,371,2442,8499,1280,,12222,8,3519,,,,3527,2451,12018,1280,,,15749
Shikoku,1990,84,7,1,,92,3,87,,1,,91,87,94,1,1,,183,1571,3634,1132,,6337,2,1114,,1,,1117,1573,4747,1132,1,,7454
Kyushu,1990,169,57,2,,228,31,190,,,,221,200,247,2,,,449,2775,11997,2898,,17670,209,1770,,,,1979,2984,13767,2898,,,19649
Okinawa,1990,,19,,,19,1,18,,,,19,1,37,,,,38,,1327,,,1327,1,47,,,,48,1,1374,,,,1375
Hokkaido,1989,79,15,1,,95,15,81,,,,96,94,96,1,,,191,1355,3454,579,,5387,71,1202,,,,1273,1425,4656,579,,,6660
Tohoku,1989,274,15,1,,290,46,134,,,,180,320,149,1,,,470,5381,9568,524,,15473,413,1238,,,,1651,5794,10806,524,,,17123
Tokyo,1989,264,32,5,,301,17,342,,,,359,281,374,5,,,660,7611,29993,11462,,49066,141,4403,,,,4544,7752,34396,11462,,,53610
Chubu,1989,207,12,1,,220,25,187,,,,212,232,199,1,,,432,5825,15275,2480,,23580,283,1820,,,,2104,6109,17095,2480,,,25683
Hokuriku,1989,157,6,1,,164,9,38,1,,,48,166,44,2,,,212,2643,2912,1517,,7072,32,242,165,,,439,2674,3154,1682,,,7511
Kansai,1989,150,22,3,,175,2,203,,,,205,152,225,3,,,380,6711,17697,7408,,31816,2,1884,,,,1886,6713,19581,7408,,,33702
Chugoku,1989,130,13,1,,144,6,190,,,,196,136,203,1,,,340,2442,8274,1280,,11996,8,3323,,,,3330,2449,11597,1280,,,15326
Shikoku,1989,84,7,1,,92,3,78,,1,,82,87,85,1,1,,174,1571,3634,1132,,6336,2,1083,,1,,1086,1573,4717,1132,1,,7423
Kyushu,1989,169,55,2,,226,29,163,,,,192,198,218,2,,,418,2784,10353,2898,,16035,207,1689,,,,1896,2991,12042,2898,,,17931
Okinawa,1989,,19,,,19,1,18,,,,19,1,37,,,,38,,1214,,,1214,1,47,,,,48,1,1261,,,,1262
Hokkaido,1988,77,16,,,93,15,62,,,,77,92,78,,,,170,1344,3579,,,4923,71,1136,,,,1206,1415,4714,,,,6129
Tohoku,1988,271,13,1,,285,45,109,,,,154,316,122,1,,,439,5311,7943,524,,13778,410,1191,,,,1600,5721,9133,524,,,15378
Tokyo,1988,263,33,5,,301,18,295,,,,313,281,328,5,,,614,7595,30618,11462,,49675,142,4181,,,,4323,7737,34799,11426,,,53998
Chubu,1988,206,11,1,,218,25,159,,,,184,231,170,1,,,402,5815,14909,2480,,23204,283,1528,,,,1811,6099,16437,2480,,,25016
Hokuriku,1988,154,6,1,,161,8,28,1,,,37,162,34,2,,,198,2622,2912,1517,,7051,31,171,165,,,367,2653,3083,1682,,,7418
Kansai,1988,150,21,3,,174,2,178,,,,180,152,199,3,,,354,6683,16947,7408,,31038,2,1761,,,,1764,6686,18708,7408,,,32802
Chugoku,1988,128,13,1,,142,6,156,,,,162,134,169,1,,,304,2434,8274,1280,,11989,8,3063,,,,3071,2442,11337,1280,,,15059
Shikoku,1988,84,7,1,,92,4,56,,,,60,88,63,1,,,152,1549,3634,1132,,6315,3,914,,,,917,1552,4547,1132,,,7232
Kyushu,1988,168,54,2,,224,29,127,,,,156,197,181,2,,,380,2780,9965,2898,,15642,207,1574,,,,1781,2986,11539,2898,,,17423
Okinawa,1988,,18,,,18,1,17,,,,18,1,35,,,,36,,1207,,,1207,1,46,,,,47,1,1253,,,,1254
Hokkaido,1987,77,16,,,93,15,53,,,,68,92,69,,,,161,1343,3854,,,5197,71,1115,,,,1186,1414,4969,,,,6383
Tohoku,1987,271,14,1,,286,44,103,,,,147,315,117,1,,,433,4805,7933,524,,13262,409,1120,,,,1529,5214,9053,524,,,14791
Tokyo,1987,261,33,5,,299,17,244,,,,261,278,277,5,,,560,7240,29947,11462,,48649,141,4033,,,,4173,7379,33980,11463,,,52997
Chubu,1987,204,11,1,,216,25,140,,,,165,229,151,1,,,381,5784,14466,2480,,22730,283,1481,,,,1764,6067,15947,2480,,,24494
Hokuriku,1987,152,6,1,,159,8,22,1,,,31,160,28,2,,,190,2615,2912,1517,,7044,31,129,165,,,325,2646,3041,1682,,,7369
Kansai,1987,152,21,3,,176,2,160,,,,162,154,181,3,,,338,6695,16947,7408,,31049,2,1668,,,,1670,6697,18615,7408,,,32719
Chugoku,1987,125,14,1,,140,6,113,,,,119,131,127,1,,,259,2420,8819,460,,11700,8,2857,,,,2865,2428,11676,460,,,14565
Shikoku,1987,84,7,1,,92,3,40,,,,43,87,47,1,,,135,1549,3634,1132,,6315,2,825,,,,827,1551,4459,1132,,,7142
Kyushu,1987,168,58,2,,228,31,109,,,,140,199,167,2,,,368,2779,10190,2898,,15867,208,1502,,,,1710,2987,11692,2898,,,17577
Okinawa,1987,,18,,,18,1,15,,,,16,1,33,,,,34,,1200,,,1200,1,44,,,,45,1,1244,,,,1245
Hokkaido,1986,76,16,,,92,15,45,,,,60,91,61,,,,152,1328,4179,,,5506,71,1045,,,,1116,1398,5224,,,,6622
Tohoku,1986,270,16,1,,287,44,85,,,,129,314,101,1,,,416,4803,9783,524,,15110,409,949,,,,1358,5212,10732,524,,,16468
Tokyo,1986,262,32,5,,299,17,222,,,,239,279,254,5,,,538,7237,27232,10362,,44831,141,3699,,,,3840,7378,30931,10362,,,48671
Chubu,1986,207,12,1,,220,25,118,,,,143,232,130,1,,,363,5756,13922,1380,,21059,282,1439,,,,1721,6038,15361,1380,,,22780
Hokuriku,1986,152,6,1,,159,7,21,1,,,29,159,27,2,,,188,2612,2912,1517,,7041,30,186,165,,,381,2642,3098,1682,,,7422
Kansai,1986,149,20,3,,172,3,129,,,,132,152,149,3,,,304,6661,15747,7408,,29816,3,1622,,,,1625,6664,17369,7408,,,31441
Chugoku,1986,127,16,1,,144,5,96,,,,101,132,112,1,,,245,2122,8951,460,,11534,7,2751,,,,2759,2130,11703,460,,,14292
Shikoku,1986,84,7,1,,92,3,31,,,,34,87,38,1,,,126,1549,3790,1132,,6471,3,784,,,,787,1551,4573,1133,,,7257
Kyushu,1986,168,57,2,,227,31,90,,,,121,199,147,2,,,348,2475,10400,2898,,15772,208,1628,,,,1836,2683,12028,2898,,,17609
Okinawa,1986,,18,,,18,1,17,,,,18,1,35,,,,36,,1200,,,1200,1,46,,,,47,1,1246,,,,1247
Hokkaido,1985,75,16,,,91,14,44,,,,58,89,60,,,,149,1308,4429,,,5736,70,1012,,,,1082,1378,5440,,,,6818
Tohoku,1985,268,15,1,,284,43,58,,,,101,311,73,1,,,385,4781,9783,524,,15088,403,938,,,,1341,5183,10721,524,,,16429
Tokyo,1985,261,32,5,,298,17,213,,,,230,278,245,5,,,528,6630,26559,10362,,43551,141,3627,,,,3768,6771,30185,10362,,,47319
Chubu,1985,206,13,1,,220,24,112,,,,136,230,125,1,,,356,5749,14072,1380,,21201,279,1395,,,,1674,6027,15468,1380,,,22875
Hokuriku,1985,149,6,1,,156,7,22,1,,,30,156,28,2,,,186,2554,2912,357,,5823,30,187,165,,,383,2584,3099,522,,,6206
Kansai,1985,148,20,3,,171,2,122,,,,124,150,142,3,,,295,6630,15747,7408,,29785,2,1593,,,,1595,6633,17340,7408,,,31380
Chugoku,1985,127,15,1,,143,4,86,,,,90,131,101,1,,,233,1825,7951,460,,10236,7,2670,,,,2676,1832,10621,460,,,12913
Shikoku,1985,84,7,1,,92,3,28,,,,31,87,35,1,,,123,1548,3790,1132,,6470,3,756,,,,758,1551,4545,1132,,,7228
Kyushu,1985,166,58,2,,226,30,85,,,,115,196,143,2,,,341,2169,10395,2898,,15462,207,1540,,,,1747,2377,11935,2898,,,17210
Okinawa,1985,,18,,,18,1,17,,,,18,1,35,,,,36,,976,,,976,1,45,,,,46,1,1021,,,,1022
Hokkaido,1984,73,17,,,90,14,40,,,,54,87,57,,,,144,1266,3829,,,5095,70,1025,,,,1095,1336,4854,,,,6190
Tohoku,1984,266,15,1,,282,41,63,,,,104,307,78,1,,,386,4772,9238,524,,14534,399,1022,,,,1421,5171,10260,524,,,15955
Tokyo,1984,258,31,4,,293,17,205,,,,222,275,236,4,,,515,6603,26304,8162,,41068,141,3568,,,,3709,6743,29872,8162,,,44777
Chubu,1984,201,14,1,,216,24,105,,,,129,225,119,1,,,345,5696,14102,1380,,21178,279,1341,,,,1619,5974,15443,1380,,,22797
Hokuriku,1984,147,6,1,,154,7,21,1,,,29,154,27,2,,,183,2546,2912,357,,5815,30,180,165,,,375,2577,3092,522,,,6190
Kansai,1984,146,20,3,,169,3,108,,,,111,149,128,3,,,280,6504,15747,6538,,28789,3,1566,,,,1569,6507,17313,6538,,,30358
Chugoku,1984,125,16,1,,142,4,81,,,,85,129,97,1,,,227,1803,8083,460,,10347,7,2685,,,,2692,1810,10769,460,,,13039
Shikoku,1984,87,8,1,,96,2,25,,,,27,89,33,1,,,123,1547,3790,1132,,6468,2,720,,,,722,1548,4510,1132,,,7190
Kyushu,1984,165,58,2,,225,30,73,,,,103,195,131,2,,,328,2092,9968,2008,,14068,207,1498,,,,1705,2299,11466,2008,,,15773
Okinawa,1984,,18,,,18,1,18,,,,19,1,36,,,,37,,976,,,976,1,44,,,,45,1,1020,,,,1021
Hokkaido,1983,74,17,,,91,14,40,,,,54,88,57,,,,145,1267,3829,,,5096,70,1025,,,,1095,1337,4854,,,,6191
Tohoku,1983,263,15,,,278,40,58,,,,98,303,73,,,,376,4734,8818,,,13552,389,1123,,,,1512,5123,9941,,,,15064
Tokyo,1983,256,32,4,,292,17,193,,,,210,273,225,4,,,502,6598,27031,8162,,41791,141,3536,,,,3676,6739,30566,8162,,,45467
Chubu,1983,201,14,1,,216,24,97,,,,121,225,111,1,,,337,5694,14102,1380,,21177,279,1327,,,,1606,5973,15430,1380,,,22782
Hokuriku,1983,143,7,1,,151,7,22,1,,,30,150,29,2,,,181,2501,2912,357,,5771,30,194,165,,,390,2532,3106,522,,,6160
Kansai,1983,147,19,3,,169,2,105,,,,107,149,124,3,,,276,6505,13947,5668,,26120,2,1573,,,,1575,6507,15520,5668,,,27695
Chugoku,1983,121,17,1,,139,4,80,,,,84,125,97,1,,,223,1799,8213,460,,10473,7,2673,,,,2679,1806,10886,460,,,13152
Shikoku,1983,86,8,1,,95,2,25,,,,27,88,33,1,,,122,1225,3790,1132,,6146,2,711,,,,712,1226,4500,1132,,,6858
Kyushu,1983,163,58,1,,222,29,72,,,,101,192,130,1,,,323,2076,9964,1118,,13158,206,1480,,,,1686,2282,11444,1118,,,14844
Okinawa,1983,,18,,,18,1,15,,,,16,1,33,,,,34,,976,,,976,1,42,,,,43,1,1018,,,,1019
Hokkaido,1982,72,18,,,90,13,38,,,,51,85,56,,,,141,1156,3559,,,4715,69,1018,,,,1087,1225,4577,,,,5802
Tohoku,1982,259,15,,,274,40,57,,,,97,299,72,,,,371,4719,7213,,,11932,388,1145,,,,1533,5107,8358,,,,13465
Tokyo,1982,254,32,4,,290,17,188,,,,205,271,220,4,,,495,6582,27211,7062,,40855,141,3466,,,,3607,6723,30677,7062,,,44462
Chubu,1982,200,13,1,,214,23,91,,,,114,223,104,1,,,328,5673,12702,1380,,19755,278,1306,,,,1584,5951,14008,1380,,,21339
Hokuriku,1982,143,7,1,,151,7,21,1,,,29,150,28,2,,,180,2501,2912,357,,5770,30,192,165,,,388,2531,3104,522,,,6157
Kansai,1982,146,19,3,,168,1,100,,,,101,147,119,3,,,269,6473,13947,5668,,26088,1,1559,,,,1560,6474,15506,5668,,,27648
Chugoku,1982,119,18,1,,138,4,78,,,,82,123,96,1,,,220,1797,8315,460,,10572,7,2652,,,,2658,1804,10967,460,,,13231
Shikoku,1982,86,9,1,,96,2,25,,,,27,88,34,1,,,123,1224,3790,1132,,6146,2,710,,,,712,1226,4500,1132,,,6858
Kyushu,1982,163,57,1,,221,29,67,,,,96,192,124,1,,,317,2067,9812,1118,,12997,206,1425,,,,1631,2273,11237,1118,,,14628
Okinawa,1982,,21,,,21,,14,,,,14,,35,,,,35,,1014,,,1014,,41,,,,41,,1055,,,,1055
Hokkaido,1981,72,17,,,89,13,36,,,,49,85,53,,,,138,1156,3454,,,4610,69,1004,,,,1073,1225,4458,,,,5683
Tohoku,1981,258,15,,,273,39,55,,,,94,297,70,,,,367,3490,7363,,,10853,388,1165,,,,1553,3879,8527,,,,12405
Tokyo,1981,252,32,3,,287,17,170,1,,,188,269,202,4,,,475,6479,27209,5962,,39650,141,3410,13,,,3563,6619,30620,5975,,,43214
Chubu,1981,197,14,1,,212,22,84,,,,106,219,98,1,,,318,5590,12987,1380,,19957,277,1242,,,,1519,5867,14229,1380,,,21477
Hokuriku,1981,142,7,1,,150,7,19,1,,,27,149,26,2,,,177,2487,2912,357,,5757,30,188,165,,,383,2517,3100,522,,,6140
Kansai,1981,147,18,3,,168,2,98,,,,100,149,116,3,,,268,6502,12822,5668,,24992,1,1533,,,,1534,6503,14355,5668,,,26526
Chugoku,1981,116,18,1,,135,4,77,,,,81,120,95,1,,,216,1795,7615,460,,9871,7,2543,,,,2550,1802,10158,460,,,12420
Shikoku,1981,84,9,1,,94,1,24,,,,25,85,33,1,,,119,915,3790,1132,,5838,1,708,,,,709,916,4498,1132,,,6547
Kyushu,1981,163,55,1,,219,29,67,,,,96,192,122,1,,,315,2067,9779,1118,,12964,204,1408,,,,1612,2271,11187,1118,,,14576
Okinawa,1981,,21,,,21,,15,,,,15,,36,,,,36,,1011,,,1011,,42,,,,42,,1054,,,,1054
Hokkaido,1980,73,17,,,90,13,34,,,,47,86,51,,,,137,1156,3454,,,4610,69,958,,,,1027,1225,4412,,,,5637
Tohoku,1980,261,15,,,276,38,47,,,,85,299,62,,,,361,3264,7355,,,10619,384,1211,,,,1595,3648,8566,,,,12214
Tokyo,1980,250,32,3,,285,17,158,1,,,176,267,190,4,,,461,5364,26507,5962,,37832,141,3351,13,,,3504,5505,29858,5975,,,41336
Chubu,1980,197,14,1,,212,22,79,,,,101,219,93,1,,,313,5589,11587,1380,,18557,277,1166,,,,1443,5866,12753,1380,,,20000
Hokuriku,1980,136,7,1,,144,7,20,1,,,28,143,27,2,,,172,2081,2412,357,,4850,25,199,165,,,389,2106,2611,522,,,5239
Kansai,1980,147,18,3,,168,2,92,,,,94,149,110,3,,,262,6502,12822,5668,,24992,1,1469,,,,1470,6503,14291,5668,,,26462
Chugoku,1980,115,18,1,,134,4,75,,,,79,119,93,1,,,213,1785,7113,460,,9359,7,2536,,,,2543,1792,9649,460,,,11902
Shikoku,1980,83,9,1,,93,1,21,,,,22,84,30,1,,,115,896,3790,566,,5253,1,720,,,,721,897,4510,566,,,5974
Kyushu,1980,162,54,1,,217,28,68,,,,96,190,122,1,,,313,2029,9265,1118,,12412,204,1403,,,,1607,2233,10668,1118,,,14019
Okinawa,1980,,20,,,20,,13,,,,13,,33,,,,33,,875,,,875,,41,,,,41,,916,,,,916
Hokkaido,1979,72,16,,,88,13,31,,,,44,85,47,,,,132,1131,3103,,,4234,69,953,,,,1022,1200,4056,,,,5256
Tohoku,1979,259,15,,,274,38,48,,,,86,297,63,,,,360,2500,6887,,,9387,384,1213,,,,1596,2883,8100,,,,10983
Tokyo,1979,249,31,3,,283,17,148,1,,,166,266,179,4,,,449,6685,25174,5962,,37821,141,2951,13,,,3104,6826,28125,5975,,,40925
Chubu,1979,194,14,1,,209,22,73,,,,95,216,87,1,,,304,3914,11787,1380,,17081,277,1132,,,,1409,4191,12919,1380,,,18490
Hokuriku,1979,136,7,1,,144,6,18,1,,,25,142,25,2,,,169,1944,2462,357,,4763,19,199,165,,,383,1963,2661,522,,,5146
Kansai,1979,146,18,3,,167,2,83,,,,85,148,101,3,,,252,6322,12572,5668,,24562,1,1403,,,,1404,6323,13975,5668,,,25966
Chugoku,1979,117,18,1,,136,4,75,,,,79,121,93,1,,,215,1832,7189,460,,9481,7,2513,,,,2520,1839,9702,460,,,12001
Shikoku,1979,83,9,1,,93,1,21,,,,22,84,30,1,,,115,851,3791,566,,5208,1,692,,,,693,852,4483,566,,,5901
Kyushu,1979,162,49,1,,212,28,67,,,,95,190,116,1,,,307,2028,8160,559,,10747,204,1410,,,,1613,2232,9570,559,,,12360
Okinawa,1979,,20,,,20,,13,,,,13,,33,,,,33,,870,,,870,,41,,,,41,,911,,,,911
Hokkaido,1978,71,16,,,87,13,31,,,,44,84,47,,,,131,1103,2753,,,3856,69,953,,,,1022,1172,3706,,,,4878
Tohoku,1978,256,15,,,271,38,47,,,,85,294,62,,,,356,2495,6887,,,9382,384,1208,,,,1592,2879,8095,,,,10974
Tokyo,1978,248,31,3,,282,17,137,1,,,155,265,168,4,,,437,6504,23572,4862,,34938,141,2908,13,,,3062,6644,26480,4875,,,37999
Chubu,1978,194,14,1,,209,22,69,,,,91,216,83,1,,,300,3914,11787,1380,,17081,277,1091,,,,1368,4191,12879,1380,,,18450
Hokuriku,1978,134,7,1,,142,6,17,1,,,24,140,24,2,,,166,1615,2462,357,,4434,19,202,165,,,386,1634,2665,522,,,4821
Kansai,1978,145,18,3,,166,3,84,,,,87,148,102,3,,,253,5900,12572,4493,,22965,2,1378,,,,1380,5902,13950,4493,,,24345
Chugoku,1978,115,18,1,,134,4,76,,,,80,119,94,1,,,214,1818,6488,460,,8766,7,2523,,,,2530,1824,9011,460,,,11295
Shikoku,1978,86,9,1,,96,1,20,,,,21,87,29,1,,,117,871,3790,566,,5227,1,606,,,,607,872,4396,566,,,5834
Kyushu,1978,162,46,1,,209,27,67,,,,94,189,113,1,,,303,2027,7536,559,,10122,171,1429,,,,1600,2199,8965,559,,,11723
Okinawa,1978,,20,,,20,,14,,,,14,,34,,,,34,,859,,,859,,42,,,,42,,901,,,,901
Hokkaido,1977,70,14,,,84,14,32,,,,46,84,46,,,,130,1063,2255,,,3318,70,940,,,,1010,1133,3195,,,,4328
Tohoku,1977,255,14,,,269,38,46,,,,84,293,60,,,,353,2486,6480,,,8965,384,1201,,,,1585,2870,7681,,,,10550
Tokyo,1977,248,31,2,,281,17,133,1,,,151,265,164,3,,,432,6025,23571,2194,,31790,141,2810,13,,,2963,6166,26381,2207,,,34753
Chubu,1977,193,14,1,,208,22,62,,,,84,215,76,1,,,292,3899,11087,540,,15526,277,1054,,,,1331,4176,12141,540,,,16857
Hokuriku,1977,134,6,1,,141,6,16,,,,22,140,22,1,,,163,1597,2212,357,,4166,18,201,,,,219,1615,2412,357,,,4385
Kansai,1977,142,18,2,,162,3,81,,,,84,145,99,2,,,246,5266,12572,3318,,21156,2,1321,,,,1322,5268,13893,3318,,,22478
Chugoku,1977,115,18,1,,134,4,78,,,,82,119,96,1,,,216,1818,6488,460,,8766,7,2478,,,,2484,1825,8966,460,,,11250
Shikoku,1977,85,9,1,,95,1,20,,,,21,86,29,1,,,116,859,3790,566,,5215,1,606,,,,607,860,4396,566,,,5822
Kyushu,1977,160,39,1,,200,27,67,,,,94,187,106,1,,,294,2017,6920,559,,9498,171,1491,,,,1662,2188,8411,559,,,11158
Okinawa,1977,,20,,,20,,14,,,,14,,34,,,,34,,724,,,724,,42,,,,42,,766,,,,766
Hokkaido,1976,70,15,,,85,14,32,,,,46,84,47,,,,131,1063,2130,,,3193,70,937,,,,1008,1133,3067,,,,4201
Tohoku,1976,250,11,,,261,39,46,,,,85,289,57,,,,346,2473,4810,,,7283,375,1201,,,,1576,2848,6011,,,,8859
Tokyo,1976,252,32,2,,286,17,129,1,,,147,269,161,3,,,433,5995,23689,2194,,31878,141,2659,13,,,2812,6136,26348,2207,,,34690
Chubu,1976,190,14,1,,205,11,57,,,,68,201,71,1,,,273,3883,10387,540,,14811,277,1050,,,,1327,4160,11437,540,,,16138
Hokuriku,1976,132,6,1,,139,2,15,,,,17,134,21,1,,,156,1583,2212,357,,4152,7,200,,,,207,1590,2412,357,,,4359
Kansai,1976,145,17,2,,164,3,78,,,,81,148,95,2,,,245,5226,11372,3318,,19916,2,1319,,,,1320,5228,12691,3318,,,21236
Chugoku,1976,117,18,1,,136,4,77,,,,81,121,95,1,,,217,1819,6088,460,,8368,7,2467,,,,2474,1826,8555,460,,,10842
Shikoku,1976,83,9,,,92,1,20,,,,21,84,29,,,,113,847,3791,,,4638,1,618,,,,619,848,4409,,,,5257
Kyushu,1976,160,39,1,,200,27,67,,,,94,187,106,1,,,294,2017,6269,559,,8846,171,1526,,,,1696,2188,7795,559,,,10542
Okinawa,1976,,20,,,20,,14,,,,14,,34,,,,34,,710,,,710,,41,,,,41,,751,,,,751
Hokkaido,1975,70,15,,,85,15,31,,,,46,85,46,,,,131,1063,2130,,,3193,70,940,,,,1010,1133,3070,,,,4203
Tohoku,1975,255,12,,,267,40,44,,,,84,295,56,,,,351,2444,5528,,,7972,375,1201,,,,1576,2819,6729,,,,9548
Tokyo,1975,246,30,2,,278,20,124,1,,,145,266,154,3,,,423,5940,21969,2194,,30103,149,2345,13,,,2507,6089,24314,2207,,,32610
Chubu,1975,190,14,1,,205,25,54,,,,79,215,68,1,,,284,3531,10387,540,,14458,287,1023,,,,1310,3818,11410,540,,,15768
Hokuriku,1975,131,6,1,,138,3,16,,,,19,134,22,1,,,157,1523,2212,357,,4092,7,202,,,,209,1530,2414,357,,,4301
Kansai,1975,144,17,2,,163,4,81,,,,85,148,98,2,,,248,5222,11372,2492,,19086,2,1337,,,,1339,5224,12709,2492,,,20425
Chugoku,1975,114,17,1,,132,5,79,,,,84,119,96,1,,,216,1195,5947,460,,7602,7,2302,,,,2309,1202,8249,460,,,9911
Shikoku,1975,86,9,,,95,1,19,,,,20,87,28,,,,115,850,3340,,,4190,1,590,,,,591,851,3930,,,,4781
Kyushu,1975,160,36,1,,197,27,63,,,,90,187,99,1,,,287,2017,5763,559,,8338,171,1483,,,,1654,2188,7246,559,,,9992
Okinawa,1975,,21,,,21,,8,,,,8,,29,,,,29,,705,,,705,,42,,,,42,,747,,,,747
Hokkaido,1974,70,15,,,85,15,31,,,,46,85,46,,,,131,1043,2129,,,3172,69,885,,,,954,1112,3014,,,,4126
Tohoku,1974,257,11,,,268,40,45,,,,85,297,56,,,,353,2382,5168,,,7550,375,1173,,,,1548,2757,6341,,,,9098
Tokyo,1974,245,30,2,,277,20,125,1,,,146,265,155,3,,,423,5922,19964,1410,,27296,149,2154,13,,,2316,6071,22118,1423,,,29612
Chubu,1974,192,14,,,206,25,52,,,,77,217,66,,,,283,3505,9887,,,13392,287,895,,,,1182,3792,10782,,,,14574
Hokuriku,1974,132,6,1,,139,3,16,,,,19,135,22,1,,,158,1524,2212,357,,4093,7,212,,,,219,1531,2424,357,,,4312
Kansai,1974,144,18,2,,164,4,80,,,,84,148,98,2,,,248,4600,11738,1666,,18004,2,1292,,,,1294,4602,13030,1666,,,19298
Chugoku,1974,114,15,1,,130,5,77,,,,82,119,92,1,,,212,1151,5658,460,,7269,7,2180,,,,2187,1158,7838,460,,,9456
Shikoku,1974,86,9,,,95,1,19,,,,20,87,28,,,,115,834,2890,,,3724,1,574,,,,575,835,3464,,,,4299
Kyushu,1974,161,34,,,195,27,63,,,,90,188,97,,,,285,1517,5752,,,7269,171,1295,,,,1466,1688,7047,,,,8735
Okinawa,1974,,24,,,24,,,,,,,,24,,,,24,,697,,,697,,,,,,,,697,,,,697
Hokkaido,1973,69,15,,,84,14,30,,,,44,83,45,,,,128,843,2128,,,2971,69,797,,,,866,912,2925,,,,3837
Tohoku,1973,257,10,,,267,41,46,,,,87,298,56,,,,354,2382,4082,,,6464,376,1249,,,,1624,2758,5331,,,,8088
Tokyo,1973,244,29,2,,275,18,116,1,,,135,262,145,3,,,410,5907,19079,626,,25612,149,2274,13,,,2436,6056,21353,639,,,28048
Chubu,1973,191,14,,,205,26,42,,,,68,217,56,,,,273,3505,9387,,,12892,287,784,,,,1071,3792,10171,,,,13963
Hokuriku,1973,132,5,1,,138,3,17,,,,20,135,22,1,,,158,1524,1712,357,,3593,10,211,,,,220,1534,1923,357,,,3813
Kansai,1973,143,18,1,,162,3,68,,,,71,146,86,1,,,233,3891,11336,840,,16067,2,1117,,,,1119,3893,12453,840,,,17186
Chugoku,1973,113,15,1,,129,3,72,,,,75,116,87,1,,,204,1138,4808,460,,6406,7,2011,,,,2017,1145,6819,460,,,8423
Shikoku,1973,86,9,,,95,1,16,,,,17,87,25,,,,112,812,2352,,,3164,1,399,,,,340,813,2691,,,,3504
Kyushu,1973,159,61,,,220,27,58,,,,85,186,119,,,,305,1517,5724,,,7241,171,1228,,,,1399,1688,6952,,,,8640
Okinawa,1973,,,,,,,,,,,,,,,,,,,,,,,,,,,,,,,,,,
Hokkaido,1972,68,13,,,81,15,28,,,,43,83,41,,,,124,843,1608,,,2451,70,718,,,,788,913,2326,,,,3239
Tohoku,1972,261,11,,,272,41,46,,,,87,302,57,,,,359,2328,4202,,,6530,376,1250,,,,1625,2704,5452,,,,8155
Tokyo,1972,243,27,2,,272,18,110,1,,,129,261,137,3,,,401,4992,16683,626,,22301,149,2078,13,,,2240,5141,18761,639,,,24541
Chubu,1972,192,13,,,205,26,39,,,,65,218,52,,,,270,3053,8531,,,11584,287,752,,,,1039,3340,9283,,,,12623
Hokuriku,1972,135,5,1,,141,3,17,,,,20,138,22,1,,,161,1525,1712,357,,3595,10,211,,,,220,1535,1923,357,,,3815
Kansai,1972,138,17,1,,156,3,59,,,,62,141,76,1,,,218,3548,9416,840,,13804,2,1055,,,,1057,3550,10471,840,,,14861
Chugoku,1972,113,15,,,128,3,71,,,,74,116,86,,,,202,1138,4433,,,5571,7,1999,,,,2006,1145,6432,,,,7577
Shikoku,1972,92,9,,,101,1,16,,,,17,93,25,,,,118,801,1902,,,2703,1,339,,,,340,802,2241,,,,3043
Kyushu,1972,156,65,,,221,27,58,,,,85,183,123,,,,306,1435,4609,,,6044,170,1229,,,,1399,1605,5838,,,,7443
Okinawa,1972,,,,,,,,,,,,,,,,,,,,,,,,,,,,,,,,,,
Hokkaido,1971,63,12,,,75,16,28,,,,44,79,40,,,,119,782,1374,,,2156,71,704,,,,775,853,2078,,,,2931
Tohoku,1971,263,10,,,273,41,45,,,,86,304,55,,,,359,3056,3464,,,6520,375,1203,,,,1578,3431,4667,,,,8098
Tokyo,1971,255,28,2,,285,18,108,1,,,127,273,136,3,,,412,3805,15668,626,,20099,149,1966,13,,,2128,3954,17634,639,,,22227
Chubu,1971,190,13,,,203,26,39,,,,65,216,52,,,,268,2688,6456,,,9144,287,751,,,,1038,2975,7207,,,,10182
Hokuriku,1971,135,4,1,,140,3,17,,,,20,138,21,1,,,160,1633,1062,357,,3052,10,211,,,,221,1643,1273,357,,,3273
Kansai,1971,141,16,1,,158,3,57,,,,60,144,73,1,,,218,3757,9546,340,,13643,2,958,,,,960,3759,10504,340,,,14603
Chugoku,1971,116,16,,,132,3,70,,,,73,119,86,,,,205,1099,3208,,,4307,7,1828,,,,1835,1106,5036,,,,6142
Shikoku,1971,93,9,,,102,1,16,,,,17,94,25,,,,119,847,1552,,,2399,1,339,,,,340,848,1891,,,,2739
Kyushu,1971,159,35,,,194,27,56,,,,83,186,91,,,,277,1436,3474,,,4910,170,1200,,,,1370,1606,4674,,,,6280
Okinawa,1971,,,,,,,,,,,,,,,,,,,,,,,,,,,,,,,,,,
Hokkaido,1970,64,11,,,75,16,28,,,,44,80,39,,,,119,755,1223,,,1978,71,634,,,,705,826,1857,,,,2683
Tohoku,1970,264,9,,,273,41,43,,,,84,305,52,,,,357,3057,2764,,,5821,375,1078,,,,1453,3432,3842,,,,7274
Tokyo,1970,268,26,3,,297,18,104,1,,,123,286,130,4,,,420,3789,12697,983,,17469,149,1763,13,,,1925,3938,14460,996,,,19394
Chubu,1970,190,11,,,201,26,35,,,,61,216,46,,,,262,2670,5382,,,8052,287,624,,,,911,2957,6006,,,,8963
Hokuriku,1970,138,3,,,141,3,16,,,,19,141,19,,,,160,1633,812,,,2445,10,189,,,,199,1643,1001,,,,2644
Kansai,1970,140,16,1,,157,3,56,,,,59,143,72,1,,,216,3694,8647,340,,12681,2,912,,,,914,3696,9559,340,,,13595
Chugoku,1970,119,16,,,135,4,68,,,,72,123,84,,,,207,1099,2897,,,3996,7,1471,,,,1478,1106,4368,,,,5474
Shikoku,1970,92,8,,,100,1,15,,,,16,93,23,,,,116,838,1357,,,2195,1,332,,,,333,839,1689,,,,2528
Kyushu,1970,160,36,,,196,27,61,,,,88,187,97,,,,284,1386,2931,,,4317,170,1219,,,,1389,1556,4150,,,,5706
Okinawa,1970,,,,,,,,,,,,,,,,,,,,,,,,,,,,,,,,,,
Hokkaido,1969,64,10,,,74,16,27,,,,43,80,37,,,,117,750,1183,,,1933,72,571,,,,643,822,1754,,,,2576
Tohoku,1969,263,6,,,269,43,39,,,,82,306,45,,,,351,3026,2159,,,5185,426,871,,,,1297,3452,3030,,,,6482
Tokyo,1969,268,24,1,,293,16,91,1,,,108,284,115,2,,,401,3460,11047,166,,14673,91,1138,13,,,1242,3551,12185,179,,,15915
Chubu,1969,189,10,,,199,28,31,,,,59,217,41,,,,258,2851,4942,,,7793,346,507,,,,853,3197,5449,,,,8646
Hokuriku,1969,139,1,1,,141,3,15,,,,18,142,16,1,,,159,1658,562,331,,2551,10,184,,,,194,1668,746,331,,,2745
Kansai,1969,136,15,,,151,3,50,,,,53,139,65,,,,204,3156,7091,,,10247,2,687,,,,689,3158,7778,,,,10936
Chugoku,1969,120,15,,,135,3,64,,,,67,123,79,,,,202,1099,2391,,,3490,6,1264,,,,1270,1105,3655,,,,4759
Shikoku,1969,92,8,,,100,1,15,,,,16,93,23,,,,116,837,1107,,,1944,1,264,,,,265,838,1371,,,,2209
Kyushu,1969,159,35,,,194,27,61,,,,88,186,96,,,,282,1349,2675,,,4024,170,1019,,,,1189,1519,3694,,,,5214
Okinawa,1969,,,,,,,,,,,,,,,,,,,,,,,,,,,,,,,,,,
