Company,Year_term,Transmission and distribution losses (%),Integrated loss factor (%)
会社名,年期,送配電損失率,総合損失率
Hokkaido,199603,4.62,9.8
Tohoku,199603,9.55,12.5
Tokyo,199603,5.98,9.57
Chubu,199603,5.09,9.06
Hokuriku,199603,5.04,7.85
Kansai,199603,4.7,8.36
Chugoku,199603,6,9.4
Shikoku,199603,8.7,13.7
Kyushu,199603,5.88,9.69
Okinawa,199603,11.18,17.4
Hokkaido,199602,1.68,7.25
Tohoku,199602,3.19,6.09
Tokyo,199602,5.17,8.8
Chubu,199602,5.1,9.06
Hokuriku,199602,5.37,9.29
Kansai,199602,4.62,8.31
Chugoku,199602,3.87,7.52
Shikoku,199602,6.3,11.1
Kyushu,199602,3.93,7.96
Okinawa,199602,4.04,10.8
Hokkaido,199601,9.73,14.75
Tohoku,199601,5.12,7.82
Tokyo,199601,1.67,5.55
Chubu,199601,1.02,5.19
Hokuriku,199601,0.54,4.56
Kansai,199601,2.29,6.22
Chugoku,199601,4.6,8.1
Shikoku,199601,4.8,10
Kyushu,199601,2.1,6.25
Okinawa,199601,1.49,8.28
Hokkaido,199512,15.5,20.05
Tohoku,199512,12.41,15.13
Tokyo,199512,11.67,15.03
Chubu,199512,11.43,15.06
Hokuriku,199512,9.43,13.05
Kansai,199512,11.8,15.4
Chugoku,199512,13,16.1
Shikoku,199512,14.4,19.3
Kyushu,199512,13.27,16.91
Okinawa,199512,5.78,11.7
Hokkaido,199511,8.76,13.58
Tohoku,199511,8.88,11.66
Tokyo,199511,6.56,10.22
Chubu,199511,6.83,10.55
Hokuriku,199511,7.53,11.07
Kansai,199511,7.26,11.06
Chugoku,199511,8.1,11.9
Shikoku,199511,10.1,15.2
Kyushu,199511,6.09,10.25
Okinawa,199511,-14.54,-7.36
Hokkaido,199510,8.75,13.36
Tohoku,199510,6.08,9.31
Tokyo,199510,4.94,8.65
Chubu,199510,4.31,8.28
Hokuriku,199510,3.89,7.51
Kansai,199510,3.91,7.78
Chugoku,199510,4.2,8.6
Shikoku,199510,6.7,12
Kyushu,199510,3.37,7.53
Okinawa,199510,-0.79,5.48
Hokkaido,199509,3.16,7.88
Tohoku,199509,-0.51,2.81
Tokyo,199509,-10.67,-6.44
Chubu,199509,-10.88,-6.3
Hokuriku,199509,-2.05,1.49
Kansai,199509,-11.6,-6.99
Chugoku,199509,-13.5,-8.7
Shikoku,199509,-5.1,1.1
Kyushu,199509,-12.3,-7.33
Okinawa,199509,-4.14,2.24
Hokkaido,199508,7.41,12.22
Tohoku,199508,7.41,10.67
Tokyo,199508,10.11,13.41
Chubu,199508,9.39,13.06
Hokuriku,199508,6.54,10.29
Kansai,199508,8.07,11.78
Chugoku,199508,12.6,16.2
Shikoku,199508,11.5,16.5
Kyushu,199508,10.23,14.16
Okinawa,199508,10.3,15.77
Hokkaido,199507,14.35,19.25
Tohoku,199507,13.83,16.87
Tokyo,199507,15.32,18.57
Chubu,199507,13.4,16.91
Hokuriku,199507,11.04,14.08
Kansai,199507,16.87,20.09
Chugoku,199507,17.4,20.8
Shikoku,199507,17.1,21.8
Kyushu,199507,19,22.44
Okinawa,199507,13.93,19.28
Hokkaido,199506,5.96,10.48
Tohoku,199506,5.3,8.45
Tokyo,199506,6.58,10.3
Chubu,199506,7.93,11.64
Hokuriku,199506,5.69,8.96
Kansai,199506,9.93,13.56
Chugoku,199506,7.6,11.4
Shikoku,199506,6.9,12.1
Kyushu,199506,9.57,13.57
Okinawa,199506,14.24,19.78
Hokkaido,199505,7.05,11.36
Tohoku,199505,4.52,7.35
Tokyo,199505,6.76,10.46
Chubu,199505,2.93,6.75
Hokuriku,199505,1.69,4.76
Kansai,199505,4.85,8.57
Chugoku,199505,6.17,10.02
Shikoku,199505,4.93,10.14
Kyushu,199505,2.35,6.44
Okinawa,199505,9.11,14.69
Hokkaido,199504,-0.71,4.09
Tohoku,199504,-0.93,2.06
Tokyo,199504,-4.83,-0.73
Chubu,199504,-2.39,1.47
Hokuriku,199504,1.96,5.12
Kansai,199504,-1.79,2.36
Chugoku,199504,-1.81,2.39
Shikoku,199504,4.06,9.77
Kyushu,199504,1.31,5.02
Okinawa,199504,11.13,17.02
Hokkaido,199503,8.62,13.29
Tohoku,199503,11.49,14.21
Tokyo,199503,9.86,13.3
Chubu,199503,7.19,10.86
Hokuriku,199503,5.83,9.13
Kansai,199503,6.72,10.39
Chugoku,199503,7.8,11.7
Shikoku,199503,8.1,13.6
Kyushu,199503,7.03,10.89
Okinawa,199503,11.9,18.1
Hokkaido,199502,-3.03,2.82
Tohoku,199502,2.28,5.5
Tokyo,199502,2.67,6.29
Chubu,199502,2.54,6.36
Hokuriku,199502,3.22,6.81
Kansai,199502,2.32,6.19
Chugoku,199502,1.8,5.7
Shikoku,199502,4,9.2
Kyushu,199502,2.34,6.15
Okinawa,199502,-2.28,4.97
Hokkaido,199501,8.24,13.08
Tohoku,199501,4.03,7.3
Tokyo,199501,3.62,7.31
Chubu,199501,3.49,7.45
Hokuriku,199501,2.74,6.25
Kansai,199501,4.08,8.03
Chugoku,199501,6.1,9.6
Shikoku,199501,5.4,10.8
Kyushu,199501,3.38,7.19
Okinawa,199501,1.98,8.92
Hokkaido,199412,16.68,21.1
Tohoku,199412,12.08,14.78
Tokyo,199412,11.06,14.45
Chubu,199412,11.44,15.1
Hokuriku,199412,8.99,12.33
Kansai,199412,11.68,15.24
Chugoku,199412,12.7,16.2
Shikoku,199412,14.8,19.9
Kyushu,199412,14.35,17.91
Okinawa,199412,3.69,9.64
Hokkaido,199411,9.76,14.97
Tohoku,199411,8.08,10.92
Tokyo,199411,7.01,10.61
Chubu,199411,6.59,10.5
Hokuriku,199411,6.44,10.11
Kansai,199411,6.73,10.71
Chugoku,199411,6.4,10.3
Shikoku,199411,9.1,14.7
Kyushu,199411,5.71,9.7
Okinawa,199411,-0.37,5.54
Hokkaido,199410,5.46,10.41
Tohoku,199410,5.2,8.31
Tokyo,199410,2.22,5.89
Chubu,199410,1.46,5.6
Hokuriku,199410,4.1,8.12
Kansai,199410,0.52,4.75
Chugoku,199410,1.6,5.4
Shikoku,199410,5.6,10.9
Kyushu,199410,1.19,5.45
Okinawa,199410,-1.81,3.91
Hokkaido,199409,3.02,8.05
Tohoku,199409,0,3.32
Tokyo,199409,-4.13,-0.13
Chubu,199409,-5.83,-1.13
Hokuriku,199409,-2.02,2.31
Kansai,199409,-8.59,-3.89
Chugoku,199409,-8.5,-4.1
Shikoku,199409,-2.6,3.5
Kyushu,199409,-10.86,-6.18
Okinawa,199409,-10.83,-4.46
Hokkaido,199408,10.02,15.22
Tohoku,199408,6.79,9.81
Tokyo,199408,4.62,8.31
Chubu,199408,4.72,8.8
Hokuriku,199408,6.21,9.54
Kansai,199408,4.37,8.43
Chugoku,199408,7.4,11.2
Shikoku,199408,7.8,12.9
Kyushu,199408,5.74,9.66
Okinawa,199408,1.77,7.1
Hokkaido,199407,14.57,19.49
Tohoku,199407,15.56,18.08
Tokyo,199407,15.17,18.47
Chubu,199407,14.8,18.39
Hokuriku,199407,11.95,14.8
Kansai,199407,16.58,20.14
Chugoku,199407,19,22.3
Shikoku,199407,18,22.8
Kyushu,199407,21.08,24.4
Okinawa,199407,15.5,19.86
Hokkaido,199406,9.24,13.83
Tohoku,199406,5.63,8.45
Tokyo,199406,7.75,11.4
Chubu,199406,9.47,13.34
Hokuriku,199406,5.99,8.32
Kansai,199406,11.86,15.62
Chugoku,199406,10.3,14.2
Shikoku,199406,9.8,15.3
Kyushu,199406,10.47,14.32
Okinawa,199406,19.14,23.58
Hokkaido,199405,4.96,9.62
Tohoku,199405,5.24,7.72
Tokyo,199405,7.59,11.31
Chubu,199405,3.48,7.61
Hokuriku,199405,1.71,3.97
Kansai,199405,5.36,9.35
Chugoku,199405,7.1,11.1
Shikoku,199405,5.6,11.1
Kyushu,199405,4.42,8.57
Okinawa,199405,8.68,14.02
Hokkaido,199404,-2.54,2.85
Tohoku,199404,-2.17,0.62
Tokyo,199404,-4.61,-0.39
Chubu,199404,-4.36,-0.25
Hokuriku,199404,1.11,3.61
Kansai,199404,-4.55,-0.31
Chugoku,199404,-4.65,-0.37
Shikoku,199404,0.6,5.9
Kyushu,199404,-2.47,1.89
Okinawa,199404,12.17,17.68
Hokkaido,199403,10.28,15.71
Tohoku,199403,11.37,14.03
Tokyo,199403,10.69,14.21
Chubu,199403,9.12,12.74
Hokuriku,199403,6.16,9.29
Kansai,199403,8.89,12.56
Chugoku,199403,9.63,13.37
Shikoku,199403,8.7,13.3
Kyushu,199403,8.47,12.58
Okinawa,199403,11.75,17.34
Hokkaido,199402,-1.53,4.06
Tohoku,199402,2.83,5.7
Tokyo,199402,0.14,3.96
Chubu,199402,2.17,6.01
Hokuriku,199402,4.16,7.54
Kansai,199402,2.43,6.41
Chugoku,199402,3,6.7
Shikoku,199402,4,8.9
Kyushu,199402,2.11,6.08
Okinawa,199402,-3.21,3.29
Hokkaido,199401,7.55,12.65
Tohoku,199401,4.86,7.73
Tokyo,199401,4.26,8.02
Chubu,199401,2.85,6.75
Hokuriku,199401,1.76,5.3
Kansai,199401,3.56,7.55
Chugoku,199401,5,8.8
Shikoku,199401,6.8,11.6
Kyushu,199401,3.19,7.2
Okinawa,199401,2.31,8.76
Hokkaido,199312,16.27,20.8
Tohoku,199312,12.28,14.81
Tokyo,199312,11.8,15.24
Chubu,199312,11.89,15.41
Hokuriku,199312,10.6,13.62
Kansai,199312,12.26,15.9
Chugoku,199312,11.2,14.6
Shikoku,199312,12.6,17.1
Kyushu,199312,13.63,17.37
Okinawa,199312,4.53,9.55
Hokkaido,199311,8.79,13.44
Tohoku,199311,7.95,10.63
Tokyo,199311,6.92,10.51
Chubu,199311,6.47,10.25
Hokuriku,199311,6.07,9.33
Kansai,199311,7.67,11.5
Chugoku,199311,9.3,12.8
Shikoku,199311,8.7,13.5
Kyushu,199311,7.2,11.32
Okinawa,199311,-3.97,0.73
Hokkaido,199310,9.44,14.6
Tohoku,199310,7.49,10.16
Tokyo,199310,3.81,7.51
Chubu,199310,3.4,7.29
Hokuriku,199310,5.7,8.59
Kansai,199310,2.96,7
Chugoku,199310,4.3,8.2
Shikoku,199310,6.3,10.9
Kyushu,199310,3.04,7.18
Okinawa,199310,-5.9,-1.11
Hokkaido,199309,5.47,10.89
Tohoku,199309,3.47,6.28
Tokyo,199309,-1.26,2.65
Chubu,199309,-2.25,1.84
Hokuriku,199309,3.05,5.77
Kansai,199309,-2.27,1.7
Chugoku,199309,-0.56,3.43
Shikoku,199309,2.05,6.9
Kyushu,199309,-4.01,0.61
Okinawa,199309,-3.78,1.12
Hokkaido,199308,8.97,14.21
Tohoku,199308,8.71,11.46
Tokyo,199308,7.16,10.91
Chubu,199308,6.1,9.82
Hokuriku,199308,5.11,8
Kansai,199308,4.36,8.23
Chugoku,199308,6.11,9.74
Shikoku,199308,8.68,13.39
Kyushu,199308,6.55,10.59
Okinawa,199308,4.69,9.02
Hokkaido,199307,12.99,18.15
Tohoku,199307,8.25,11.05
Tokyo,199307,9.54,13.21
Chubu,199307,9.86,13.41
Hokuriku,199307,9.32,11.89
Kansai,199307,12.55,16.03
Chugoku,199307,12.7,16.22
Shikoku,199307,11.49,16.06
Kyushu,199307,12.65,16.48
Okinawa,199307,14.77,18.68
Hokkaido,199306,8.55,13.53
Tohoku,199306,6.17,8.9
Tokyo,199306,8.64,12.26
Chubu,199306,8.31,12.21
Hokuriku,199306,5.21,8.08
Kansai,199306,11.15,14.68
Chugoku,199306,9.96,13.58
Shikoku,199306,9.22,14.12
Kyushu,199306,12.54,16.32
Okinawa,199306,14.47,18.45
Hokkaido,199305,5.6,10.94
Tohoku,199305,5.45,7.8
Tokyo,199305,3.58,7.34
Chubu,199305,2.15,6.11
Hokuriku,199305,2.9,5.48
Kansai,199305,3.26,7.1
Chugoku,199305,4.45,8.43
Shikoku,199305,6.06,10.78
Kyushu,199305,2.32,6.18
Okinawa,199305,17.93,21.78
Hokkaido,199304,1.94,7.9
Tohoku,199304,-2.65,-0.1
Tokyo,199304,-0.5,3.47
Chubu,199304,-2.73,1.4
Hokuriku,199304,1.11,3.68
Kansai,199304,-3.02,0.99
Chugoku,199304,-2.55,1.67
Shikoku,199304,1.24,5.94
Kyushu,199304,-1.6,2.5
Okinawa,199304,7.31,12.18
Hokkaido,199303,9.74,15.14
Tohoku,199303,9.37,11.76
Tokyo,199303,10.9,14.34
Chubu,199303,9.5,13.05
Hokuriku,199303,6.13,8.83
Kansai,199303,9.73,13.45
Chugoku,199303,10.3,13.88
Shikoku,199303,9.23,13.75
Kyushu,199303,8.24,12.02
Okinawa,199303,12.42,16.64
Hokkaido,199302,-0.71,4.8
Tohoku,199302,4.99,7.41
Tokyo,199302,-0.49,3.42
Chubu,199302,2.69,6.62
Hokuriku,199302,4.32,7.13
Kansai,199302,3.17,7
Chugoku,199302,2.33,6.34
Shikoku,199302,2.46,7.57
Kyushu,199302,2.3,6.23
Okinawa,199302,-3.24,2.24
Hokkaido,199301,8.19,13.4
Tohoku,199301,2.61,5.24
Tokyo,199301,3.17,7.05
Chubu,199301,2.02,5.89
Hokuriku,199301,1.37,4.39
Kansai,199301,2.59,6.45
Chugoku,199301,4.49,8.27
Shikoku,199301,7.92,12.77
Kyushu,199301,2.72,6.66
Okinawa,199301,4.55,9.59
Hokkaido,199212,16.19,20.74
Tohoku,199212,14.43,16.83
Tokyo,199212,12.58,16.13
Chubu,199212,12.84,16.28
Hokuriku,199212,10.82,13.11
Kansai,199212,13.03,16.47
Chugoku,199212,13.18,16.49
Shikoku,199212,12.71,17.3
Kyushu,199212,14.09,17.61
Okinawa,199212,6.91,11.13
Hokkaido,199211,7.09,12.47
Tohoku,199211,8.45,11.1
Tokyo,199211,3.94,7.85
Chubu,199211,3.6,7.31
Hokuriku,199211,6.34,8.69
Kansai,199211,4.57,8.48
Chugoku,199211,6.78,10.53
Shikoku,199211,9.74,14.87
Kyushu,199211,6.51,10.67
Okinawa,199211,-10.42,-5.55
Hokkaido,199210,10.49,15.44
Tohoku,199210,6.38,9.09
Tokyo,199210,6.11,9.83
Chubu,199210,4.2,7.78
Hokuriku,199210,4.5,6.84
Kansai,199210,2.67,6.84
Chugoku,199210,2.58,6.52
Shikoku,199210,5.45,10.64
Kyushu,199210,0.11,4.47
Okinawa,199210,-6.98,-2.01
Hokkaido,199209,2.59,7.68
Tohoku,199209,2.52,5.43
Tokyo,199209,-3.03,1.06
Chubu,199209,-1.77,2.3
Hokuriku,199209,1.06,3.82
Kansai,199209,-3.79,0.69
Chugoku,199209,-1.31,3.22
Shikoku,199209,1.09,6.43
Kyushu,199209,-0.37,3.8
Okinawa,199209,0.49,5.21
Hokkaido,199208,8.83,13.63
Tohoku,199208,9.87,12.58
Tokyo,199208,3.28,7.14
Chubu,199208,2.17,6.19
Hokuriku,199208,6.98,9.3
Kansai,199208,2.47,6.67
Chugoku,199208,4.65,8.76
Shikoku,199208,7.7,12.35
Kyushu,199208,5.69,9.62
Okinawa,199208,5.29,9.69
Hokkaido,199207,13.08,18.27
Tohoku,199207,9.93,12.54
Tokyo,199207,17.12,20.38
Chubu,199207,13.9,17.38
Hokuriku,199207,8.55,11.03
Kansai,199207,18.35,21.82
Chugoku,199207,17.48,21.03
Shikoku,199207,15.55,20.03
Kyushu,199207,18.25,21.69
Okinawa,199207,16.61,20.51
Hokkaido,199206,8.06,13.23
Tohoku,199206,5.15,7.62
Tokyo,199206,8.1,11.81
Chubu,199206,8.02,11.75
Hokuriku,199206,5.14,7.38
Kansai,199206,10.07,14.01
Chugoku,199206,8.84,13.17
Shikoku,199206,6.44,11.48
Kyushu,199206,9.26,13.13
Okinawa,199206,14.58,18.62
Hokkaido,199205,5.63,10.63
Tohoku,199205,6.55,9
Tokyo,199205,2.16,6.06
Chubu,199205,2.43,6.14
Hokuriku,199205,3.29,5.26
Kansai,199205,1.19,5.07
Chugoku,199205,5.32,9.6
Shikoku,199205,7.38,11.56
Kyushu,199205,1.39,5.36
Okinawa,199205,14.12,18.15
Hokkaido,199204,1.08,6.79
Tohoku,199204,-2.34,0.3
Tokyo,199204,-0.72,3.06
Chubu,199204,0.06,3.72
Hokuriku,199204,3.52,5.29
Kansai,199204,0.17,3.8
Chugoku,199204,0.28,4.25
Shikoku,199204,2.61,6.98
Kyushu,199204,-0.69,2.98
Okinawa,199204,5.4,10.61
Hokkaido,199203,8.35,13.87
Tohoku,199203,10.24,12.84
Tokyo,199203,9.84,13.2
Chubu,199203,7.2,10.62
Hokuriku,199203,5.38,7.45
Kansai,199203,7.45,11.1
Chugoku,199203,7.92,11.45
Shikoku,199203,6.3,11.11
Kyushu,199203,8.54,12.02
Okinawa,199203,10.09,14.69
Hokkaido,199202,1.3,6.92
Tohoku,199202,6.75,9.42
Tokyo,199202,3.11,6.74
Chubu,199202,4.21,7.86
Hokuriku,199202,4.4,6.93
Kansai,199202,5.58,9.34
Chugoku,199202,3.81,7.54
Shikoku,199202,5.95,10.61
Kyushu,199202,5.66,9.31
Okinawa,199202,2.62,7.13
Hokkaido,199201,9.01,14.32
Tohoku,199201,1.75,4.5
Tokyo,199201,1.85,5.54
Chubu,199201,1.35,5.25
Hokuriku,199201,1.2,3.8
Kansai,199201,0.88,4.89
Chugoku,199201,4.33,8.15
Shikoku,199201,5.08,9.79
Kyushu,199201,1.44,5.15
Okinawa,199201,2.45,7.4
Hokkaido,199112,15.53,20.51
Tohoku,199112,15.07,17.38
Tokyo,199112,14.16,17.52
Chubu,199112,11.21,14.63
Hokuriku,199112,10.01,12.2
Kansai,199112,11.9,15.61
Chugoku,199112,11.39,14.9
Shikoku,199112,13.7,18.14
Kyushu,199112,12.61,15.99
Okinawa,199112,6.97,10.84
Hokkaido,199111,8.92,13.95
Tohoku,199111,9.37,11.79
Tokyo,199111,1.8,5.64
Chubu,199111,3.77,7.37
Hokuriku,199111,5.91,7.97
Kansai,199111,4.33,8.4
Chugoku,199111,6.83,10.93
Shikoku,199111,9.25,14.23
Kyushu,199111,4.42,8.38
Okinawa,199111,-6.46,-1.86
Hokkaido,199110,9.07,14.24
Tohoku,199110,2.28,4.97
Tokyo,199110,5.87,9.48
Chubu,199110,3.21,6.7
Hokuriku,199110,4.7,6.39
Kansai,199110,2.46,6.33
Chugoku,199110,3.32,7.67
Shikoku,199110,5.24,10.15
Kyushu,199110,0.91,4.89
Okinawa,199110,-6.53,-1.53
Hokkaido,199109,5.66,11.35
Tohoku,199109,3.86,6.72
Tokyo,199109,-0.39,3.55
Chubu,199109,-2.38,1.53
Hokuriku,199109,2.46,4.36
Kansai,199109,-2.27,1.9
Chugoku,199109,-2.71,2.11
Shikoku,199109,2.9,7.74
Kyushu,199109,-3,1.22
Okinawa,199109,-2.63,2.24
Hokkaido,199108,8.74,13.9
Tohoku,199108,10.55,13.18
Tokyo,199108,1.12,5.1
Chubu,199108,2.47,6.3
Hokuriku,199108,4.96,6.89
Kansai,199108,-0.73,3.39
Chugoku,199108,3.45,7.68
Shikoku,199108,5.5,10.26
Kyushu,199108,1.43,5.36
Okinawa,199108,2.93,7.5
Hokkaido,199107,11.82,17.16
Tohoku,199107,7.15,9.87
Tokyo,199107,13.41,16.84
Chubu,199107,12.83,16.18
Hokuriku,199107,8.74,10.38
Kansai,199107,16.85,20.27
Chugoku,199107,17.67,21.33
Shikoku,199107,14.05,18.33
Kyushu,199107,19.05,22.39
Okinawa,199107,10.49,14.72
Hokkaido,199106,8.97,14.09
Tohoku,199106,10.94,13.47
Tokyo,199106,9.91,13.52
Chubu,199106,11.18,14.64
Hokuriku,199106,7.03,8.68
Kansai,199106,13.05,16.7
Chugoku,199106,8.51,12.42
Shikoku,199106,11.36,15.62
Kyushu,199106,13.81,17.46
Okinawa,199106,16.93,20.88
Hokkaido,199105,8.33,13.29
Tohoku,199105,3.23,5.54
Tokyo,199105,5.82,9.6
Chubu,199105,0.9,4.54
Hokuriku,199105,2.72,4.37
Kansai,199105,1.72,5.97
Chugoku,199105,5.23,9.39
Shikoku,199105,6.78,11.42
Kyushu,199105,1.79,5.61
Okinawa,199105,18,21.91
Hokkaido,199104,0.68,6.23
Tohoku,199104,1.58,3.93
Tokyo,199104,-0.67,3.22
Chubu,199104,1.62,5.02
Hokuriku,199104,4.44,5.71
Kansai,199104,2.34,6.05
Chugoku,199104,1.72,5.96
Shikoku,199104,2.52,7.17
Kyushu,199104,2.74,6.4
Okinawa,199104,8.81,13.89
Hokkaido,199103,10.71,15.96
Tohoku,199103,7.59,10.03
Tokyo,199103,9.51,12.95
Chubu,199103,6.98,10.26
Hokuriku,199103,7.12,8.68
Kansai,199103,6.98,10.34
Chugoku,199103,7.42,11.23
Shikoku,199103,7.9,12.03
Kyushu,199103,7.42,11.1
Okinawa,199103,13.43,17.26
Hokkaido,199102,-0.25,5.25
Tohoku,199102,5.89,8.36
Tokyo,199102,2.96,6.61
Chubu,199102,4.47,8.09
Hokuriku,199102,5.24,6.99
Kansai,199102,3.78,7.25
Chugoku,199102,3.98,7.95
Shikoku,199102,3.1,7.68
Kyushu,199102,4.79,8.63
Okinawa,199102,-1,4.25
Hokkaido,199101,9.48,14.79
Tohoku,199101,4.08,6.66
Tokyo,199101,2.84,6.65
Chubu,199101,2.12,5.88
Hokuriku,199101,1.43,3.27
Kansai,199101,3.12,6.83
Chugoku,199101,4.74,8.67
Shikoku,199101,6.18,11.19
Kyushu,199101,2.19,6.17
Okinawa,199101,2.92,7.6
Hokkaido,199012,13.4,18.54
Tohoku,199012,12.78,15.18
Tokyo,199012,10.38,13.97
Chubu,199012,10.68,13.97
Hokuriku,199012,9.73,11.13
Kansai,199012,10.76,14.19
Chugoku,199012,11.06,14.69
Shikoku,199012,14.66,19.19
Kyushu,199012,12.86,16.42
Okinawa,199012,3.74,8.08
Hokkaido,199011,7.36,12.46
Tohoku,199011,8.97,11.69
Tokyo,199011,5.29,9.11
Chubu,199011,2.93,6.54
Hokuriku,199011,5.51,7.38
Kansai,199011,3.12,7.04
Chugoku,199011,4.96,8.78
Shikoku,199011,6.23,11.19
Kyushu,199011,3.27,7.12
Okinawa,199011,-3.11,-1.67
Hokkaido,199010,8.17,13.52
Tohoku,199010,2.02,5.03
Tokyo,199010,2.83,6.67
Chubu,199010,4.22,7.65
Hokuriku,199010,3.59,5.41
Kansai,199010,3.41,7.27
Chugoku,199010,4.05,7.93
Shikoku,199010,3.22,7.66
Kyushu,199010,-0.74,2.6
Okinawa,199010,-6.13,-1.13
Hokkaido,199009,3.48,8.92
Tohoku,199009,3.14,6.12
Tokyo,199009,-6.13,-1.86
Chubu,199009,-5.76,-1.71
Hokuriku,199009,0.56,2.83
Kansai,199009,-5.93,-1.53
Chugoku,199009,-7.64,-2.88
Shikoku,199009,2.01,6.47
Kyushu,199009,-3.12,0.98
Okinawa,199009,-2.96,1.97
Hokkaido,199008,10.24,14.94
Tohoku,199008,9.4,12.23
Tokyo,199008,8.14,11.75
Chubu,199008,5.97,9.6
Hokuriku,199008,5.59,7.56
Kansai,199008,2.36,6.36
Chugoku,199008,6.69,10.91
Shikoku,199008,5.45,10.24
Kyushu,199008,6.44,10.24
Okinawa,199008,5.46,9.91
Hokkaido,199007,12.24,17.17
Tohoku,199007,10.33,13.03
Tokyo,199007,13.19,16.69
Chubu,199007,12.8,16.15
Hokuriku,199007,10.52,12.26
Kansai,199007,15.92,19.32
Chugoku,199007,17.79,21.49
Shikoku,199007,16.06,20.23
Kyushu,199007,16.25,19.65
Okinawa,199007,14.57,18.58
Hokkaido,199006,8.17,13.01
Tohoku,199006,8.87,11.28
Tokyo,199006,11.42,14.92
Chubu,199006,11.62,15.1
Hokuriku,199006,7.15,8.82
Kansai,199006,14.69,18.08
Chugoku,199006,12.13,16.37
Shikoku,199006,10.88,15.35
Kyushu,199006,14.99,18.31
Okinawa,199006,18.84,22.69
Hokkaido,199005,8.38,13.09
Tohoku,199005,2.2,4.49
Tokyo,199005,2.22,5.98
Chubu,199005,0.93,4.55
Hokuriku,199005,3.22,4.66
Kansai,199005,2.05,5.85
Chugoku,199005,4.53,8.79
Shikoku,199005,5.13,9.55
Kyushu,199005,2.46,6.43
Okinawa,199005,15.39,19.6
Hokkaido,199004,2.53,7.74
Tohoku,199004,5.97,8.08
Tokyo,199004,0.52,4.36
Chubu,199004,0.27,3.71
Hokuriku,199004,3.52,4.79
Kansai,199004,1.07,5.03
Chugoku,199004,0.91,5.65
Shikoku,199004,4.46,8.74
Kyushu,199004,3.97,7.76
Okinawa,199004,5.7,10.86
Hokkaido,199003,8.03,13.35
Tohoku,199003,6.38,8.98
Tokyo,199003,10.12,13.65
Chubu,199003,9.5,12.62
Hokuriku,199003,7.97,9.22
Kansai,199003,9.45,13.16
Chugoku,199003,9.74,13.68
Shikoku,199003,11.79,16.15
Kyushu,199003,8.6,12.37
Okinawa,199003,11.19,15.72
Hokkaido,199002,-2.79,2.91
Tohoku,199002,3.03,5.89
Tokyo,199002,1.21,5.06
Chubu,199002,1.55,5.1
Hokuriku,199002,3.33,4.84
Kansai,199002,0.51,4.59
Chugoku,199002,0.93,3.47
Shikoku,199002,0.13,5.09
Kyushu,199002,0.05,4.39
Okinawa,199002,-0.38,4.23
Hokkaido,199001,10.75,15.87
Tohoku,199001,6.33,9.06
Tokyo,199001,2.8,6.57
Chubu,199001,1.6,5.3
Hokuriku,199001,1.26,2.91
Kansai,199001,3.18,7.28
Chugoku,199001,6.66,10.71
Shikoku,199001,7.41,12.14
Kyushu,199001,4.36,8.4
Okinawa,199001,5.28,10.41
Hokkaido,198912,14.6,19.46
Tohoku,198912,12.34,14.66
Tokyo,198912,11.3,14.75
Chubu,198912,10.77,14.1
Hokuriku,198912,9.84,11.13
Kansai,198912,10.71,14.36
Chugoku,198912,10.68,14.43
Shikoku,198912,12.59,17.39
Kyushu,198912,11.37,15.24
Okinawa,198912,2.35,6.48
Hokkaido,198911,7.17,12.49
Tohoku,198911,7.91,10.38
Tokyo,198911,5.24,8.84
Chubu,198911,5.18,8.67
Hokuriku,198911,6.59,7.91
Kansai,198911,5.85,9.77
Chugoku,198911,7.4,11.23
Shikoku,198911,7.2,11.92
Kyushu,198911,7.72,11.83
Okinawa,198911,-3.81,0.87
Hokkaido,198910,9.51,14.93
Tohoku,198910,6.03,8.63
Tokyo,198910,1.9,5.57
Chubu,198910,2.13,5.77
Hokuriku,198910,3.91,5.19
Kansai,198910,1.37,5.32
Chugoku,198910,1.88,6.28
Shikoku,198910,4.47,9.56
Kyushu,198910,-2.19,2.34
Okinawa,198910,-9.07,-3.85
Hokkaido,198909,2.84,8.07
Tohoku,198909,3.03,5.8
Tokyo,198909,-2.3,1.58
Chubu,198909,-4.16,-0.39
Hokuriku,198909,2.78,3.71
Kansai,198909,-2.77,1.14
Chugoku,198909,-4.66,-0.06
Shikoku,198909,2.86,7.61
Kyushu,198909,-0.29,3.86
Okinawa,198909,3.27,7.95
Hokkaido,198908,10.25,14.96
Tohoku,198908,5.96,8.81
Tokyo,198908,10.09,13.54
Chubu,198908,10.22,13.63
Hokuriku,198908,4.29,5.85
Kansai,198908,6.1,9.9
Chugoku,198908,9.05,13.3
Shikoku,198908,7.17,11.69
Kyushu,198908,6.69,10.5
Okinawa,198908,5.65,10.2
Hokkaido,198907,13.71,18.13
Tohoku,198907,14.18,16.58
Tokyo,198907,11.08,14.54
Chubu,198907,9.89,13.15
Hokuriku,198907,10.8,12.02
Kansai,198907,13.62,17.12
Chugoku,198907,15.5,19.23
Shikoku,198907,15.45,19.74
Kyushu,198907,17.79,21.03
Okinawa,198907,1.28,1.7
Hokkaido,198906,6.89,11.48
Tohoku,198906,6.22,8.77
Tokyo,198906,9.83,13.36
Chubu,198906,9.09,12.5
Hokuriku,198906,6.05,7.61
Kansai,198906,10.83,14.43
Chugoku,198906,10.4,14.12
Shikoku,198906,5.35,9.81
Kyushu,198906,8.68,12.36
Okinawa,198906,20,23.84
Hokkaido,198905,8.4,12.8
Tohoku,198905,5.41,7.82
Tokyo,198905,4.75,8.36
Chubu,198905,3.89,7.53
Hokuriku,198905,3.78,5.19
Kansai,198905,4.62,8.48
Chugoku,198905,4.87,9.19
Shikoku,198905,6.63,11.08
Kyushu,198905,4.29,7.94
Okinawa,198905,15.66,19.62
Hokkaido,198904,1.32,6.62
Tohoku,198904,3.31,5.8
Tokyo,198904,-2.76,1.08
Chubu,198904,-2.28,1.46
Hokuriku,198904,1.63,2.93
Kansai,198904,-2.61,1.61
Chugoku,198904,-3.37,1.4
Shikoku,198904,2.9,7.84
Kyushu,198904,1.67,5.73
Okinawa,198904,5.62,11.3
Hokkaido,198903,9.47,14.9
Tohoku,198903,5.93,8.61
Tokyo,198903,11.2,14.59
Chubu,198903,8.57,11.71
Hokuriku,198903,8.79,9.88
Kansai,198903,9.15,12.77
Chugoku,198903,9.48,13.67
Shikoku,198903,10.2,14.52
Kyushu,198903,7.25,11.07
Okinawa,198903,12.29,16.53
Hokkaido,198902,-2.71,3.41
Tohoku,198902,6.73,9.54
Tokyo,198902,3.31,7
Chubu,198902,2.91,6.4
Hokuriku,198902,4.12,5.59
Kansai,198902,3.92,7.45
Chugoku,198902,3.65,8.34
Shikoku,198902,2.31,7.63
Kyushu,198902,2.6,6.6
Okinawa,198902,2.68,2.66
Hokkaido,198901,7.44,12.89
Tohoku,198901,3.81,6.47
Tokyo,198901,-0.06,3.84
Chubu,198901,-0.83,2.96
Hokuriku,198901,-0.35,1.28
Kansai,198901,0.96,4.89
Chugoku,198901,2.16,7.02
Shikoku,198901,6.31,11.57
Kyushu,198901,0.65,4.8
Okinawa,198901,1.48,7.09
Hokkaido,198812,14.1,19.13
Tohoku,198812,11.97,14.29
Tokyo,198812,10.34,13.77
Chubu,198812,10.58,13.96
Hokuriku,198812,9.51,11.17
Kansai,198812,9.98,13.58
Chugoku,198812,10.5,14.65
Shikoku,198812,11.68,16.37
Kyushu,198812,11.71,15.41
Okinawa,198812,7.27,11.65
Hokkaido,198811,9.66,14.52
Tohoku,198811,9.46,11.88
Tokyo,198811,9.04,12.57
Chubu,198811,10.25,13.5
Hokuriku,198811,7.29,8.92
Kansai,198811,8.7,12.46
Chugoku,198811,10.3,14.76
Shikoku,198811,8.78,13.6
Kyushu,198811,8.49,12.46
Okinawa,198811,-8.05,-3.39
Hokkaido,198810,9.26,14.29
Tohoku,198810,6.8,9.5
Tokyo,198810,3.4,7.22
Chubu,198810,1.04,4.33
Hokuriku,198810,4.5,5.98
Kansai,198810,0.04,4.05
Chugoku,198810,1.51,6.36
Shikoku,198810,7.37,12.5
Kyushu,198810,-0.57,3.52
Okinawa,198810,-10.73,-5.66
Hokkaido,198809,2.54,7.97
Tohoku,198809,1.78,4.72
Tokyo,198809,-4.66,-0.54
Chubu,198809,-4.93,-1.31
Hokuriku,198809,1.16,2.69
Kansai,198809,-5.45,-1.17
Chugoku,198809,-5.14,-0.27
Shikoku,198809,0.86,6.04
Kyushu,198809,-1.65,2.54
Okinawa,198809,1.57,6.18
Hokkaido,198808,12.77,17.56
Tohoku,198808,11.05,13.77
Tokyo,198808,13.04,16.56
Chubu,198808,11.89,15.16
Hokuriku,198808,7.72,9.37
Kansai,198808,10.01,13.66
Chugoku,198808,10,14.4
Shikoku,198808,7.6,12.54
Kyushu,198808,7.59,8.46
Okinawa,198808,-0.41,4.24
Hokkaido,198807,10.35,15.47
Tohoku,198807,10.56,13.17
Tokyo,198807,6.07,9.95
Chubu,198807,7.76,11.18
Hokuriku,198807,8.16,9.48
Kansai,198807,10.06,13.72
Chugoku,198807,13.54,17.52
Shikoku,198807,13.89,18.22
Kyushu,198807,16.57,19.86
Okinawa,198807,17.74,21.47
Hokkaido,198806,8.75,13.31
Tohoku,198806,6.79,9.06
Tokyo,198806,7.67,11.38
Chubu,198806,10.19,13.42
Hokuriku,198806,6.3,7.13
Kansai,198806,12.46,15.86
Chugoku,198806,10.27,14.01
Shikoku,198806,6.85,10.99
Kyushu,198806,9.98,13.41
Okinawa,198806,22.16,25.7
Hokkaido,198805,6.67,11.03
Tohoku,198805,4.59,6.69
Tokyo,198805,7.34,10.96
Chubu,198805,2.42,5.97
Hokuriku,198805,3.46,4.34
Kansai,198805,3.28,6.93
Chugoku,198805,4.87,9.16
Shikoku,198805,5.69,10.23
Kyushu,198805,5.77,9.19
Okinawa,198805,15.79,19.51
Hokkaido,198804,0.27,5.5
Tohoku,198804,5.83,8.28
Tokyo,198804,-2.42,1.56
Chubu,198804,-2.03,1.67
Hokuriku,198804,1.72,3.21
Kansai,198804,-3.21,0.58
Chugoku,198804,-2.85,1.58
Shikoku,198804,3.52,8.31
Kyushu,198804,1.81,5.55
Okinawa,198804,2.03,6.08
Hokkaido,198803,6.29,11.1
Tohoku,198803,6.05,8.74
Tokyo,198803,10.26,13.61
Chubu,198803,4.78,8.42
Hokuriku,198803,6.08,7.89
Kansai,198803,6.85,10.64
Chugoku,198803,6.88,10.91
Shikoku,198803,6.35,10.92
Kyushu,198803,6.11,9.57
Okinawa,198803,15.36,19.92
Hokkaido,198802,3.25,8.35
Tohoku,198802,6.8,9.32
Tokyo,198802,5.8,9.46
Chubu,198802,7.73,11.37
Hokuriku,198802,6.2,8.44
Kansai,198802,8,11.67
Chugoku,198802,7.09,11.14
Shikoku,198802,4.6,9.46
Kyushu,198802,5.12,8.54
Okinawa,198802,-0.19,4.35
Hokkaido,198801,6.75,12.22
Tohoku,198801,2.51,5.13
Tokyo,198801,0.28,4.33
Chubu,198801,1.08,5.08
Hokuriku,198801,3.06,5.22
Kansai,198801,1.09,5.21
Chugoku,198801,2.26,6.59
Shikoku,198801,7.52,12.62
Kyushu,198801,1.41,5.12
Okinawa,198801,6.3,9.86
Hokkaido,198712,15.91,20.73
Tohoku,198712,13.15,15.52
Tokyo,198712,13.44,16.81
Chubu,198712,13.2,16.62
Hokuriku,198712,9,10.95
Kansai,198712,11.09,14.7
Chugoku,198712,12.48,16.42
Shikoku,198712,11.13,16.07
Kyushu,198712,13.17,16.65
Okinawa,198712,2.27,7.28
Hokkaido,198711,7.96,13.15
Tohoku,198711,11.45,13.97
Tokyo,198711,3.55,7.4
Chubu,198711,4.18,8.02
Hokuriku,198711,5.1,7.15
Kansai,198711,4.54,8.48
Chugoku,198711,6.55,11
Shikoku,198711,9.67,14.66
Kyushu,198711,5.19,8.88
Okinawa,198711,-8.6,2.52
Hokkaido,198710,9.94,15.08
Tohoku,198710,3.25,6.16
Tokyo,198710,5.91,9.72
Chubu,198710,4.18,7.94
Hokuriku,198710,4.11,6.45
Kansai,198710,2.41,6.6
Chugoku,198710,3.94,8.92
Shikoku,198710,7.1,12.17
Kyushu,198710,3.29,7.04
Okinawa,198710,4.69,9.04
Hokkaido,198709,4.67,10.09
Tohoku,198709,5.67,8.49
Tokyo,198709,-2.81,1.4
Chubu,198709,-1.62,2.41
Hokuriku,198709,1.51,3.28
Kansai,198709,-4.8,-0.24
Chugoku,198709,-4.89,0.36
Shikoku,198709,-2.79,2.72
Kyushu,198709,-2.2,1.85
Okinawa,198709,1.44,6.1
Hokkaido,198708,8.97,13.93
Tohoku,198708,9.57,12.22
Tokyo,198708,2.56,6.49
Chubu,198708,3.43,7.28
Hokuriku,198708,5.71,7.21
Kansai,198708,3.35,7.29
Chugoku,198708,6.64,11.13
Shikoku,198708,11.04,15.54
Kyushu,198708,5.94,9.73
Okinawa,198708,6.3,10.6
Hokkaido,198707,12.84,17.43
Tohoku,198707,8.6,11.36
Tokyo,198707,17.33,20.53
Chubu,198707,12.63,15.97
Hokuriku,198707,10.77,12.08
Kansai,198707,15.4,18.93
Chugoku,198707,16.26,20.19
Shikoku,198707,14.75,18.56
Kyushu,198707,15.87,19.09
Okinawa,198707,17.89,21.66
Hokkaido,198706,8.6,13.25
Tohoku,198706,9.25,11.77
Tokyo,198706,9.54,13.3
Chubu,198706,9.85,12.99
Hokuriku,198706,6.23,6.88
Kansai,198706,12.66,16.34
Chugoku,198706,10.73,14.31
Shikoku,198706,7.95,12.31
Kyushu,198706,6.99,10.6
Okinawa,198706,9.8,13.9
Hokkaido,198705,5.94,10.22
Tohoku,198705,4.77,7.06
Tokyo,198705,2.34,6.33
Chubu,198705,3.06,6.47
Hokuriku,198705,3.67,4.31
Kansai,198705,3.51,7.45
Chugoku,198705,3.74,8.17
Shikoku,198705,10.14,14.58
Kyushu,198705,7.35,10.95
Okinawa,198705,19.55,23.38
Hokkaido,198704,2.49,7.78
Tohoku,198704,5.68,7.85
Tokyo,198704,-2.03,2.01
Chubu,198704,0.28,3.83
Hokuriku,198704,1.99,2.99
Kansai,198704,0.34,4.32
Chugoku,198704,-0.81,3.42
Shikoku,198704,2.47,7.82
Kyushu,198704,4.09,7.67
Okinawa,198704,7.01,10.78
Hokkaido,198703,7.44,12.69
Tohoku,198703,7.19,9.51
Tokyo,198703,13.05,16.52
Chubu,198703,7.27,10.86
Hokuriku,198703,7.37,8.8
Kansai,198703,9.18,12.81
Chugoku,198703,11.26,14.82
Shikoku,198703,8.48,13.52
Kyushu,198703,8.01,11.41
Okinawa,198703,14.51,18.26
Hokkaido,198702,-1.95,3.97
Tohoku,198702,3.17,5.66
Tokyo,198702,3.47,7.41
Chubu,198702,4.37,8.14
Hokuriku,198702,3.2,4.84
Kansai,198702,2.63,6.48
Chugoku,198702,3.6,7.67
Shikoku,198702,2.99,8.04
Kyushu,198702,1.27,5
Okinawa,198702,-3.74,1.31
Hokkaido,198701,10.33,15.56
Tohoku,198701,3.6,6.15
Tokyo,198701,1.05,5.1
Chubu,198701,1.18,5.13
Hokuriku,198701,1.67,3.76
Kansai,198701,1.29,5.35
Chugoku,198701,1.54,5.49
Shikoku,198701,4.81,10.07
Kyushu,198701,0.27,4.33
Okinawa,198701,6.18,10.31
Hokkaido,198612,14.85,19.73
Tohoku,198612,9.5,11.95
Tokyo,198612,11.03,14.5
Chubu,198612,12.83,16.46
Hokuriku,198612,10.73,12.69
Kansai,198612,12.08,15.9
Chugoku,198612,13.28,17.13
Shikoku,198612,12.39,17.61
Kyushu,198612,10.04,13.58
Okinawa,198612,9.06,13.14
Hokkaido,198611,7.25,12.15
Tohoku,198611,9.31,12.02
Tokyo,198611,5.69,9.45
Chubu,198611,4.9,8.66
Hokuriku,198611,6.22,7.97
Kansai,198611,4.61,8.58
Chugoku,198611,6.76,11.05
Shikoku,198611,9.54,15.08
Kyushu,198611,9.57,13.23
Okinawa,198611,-3.15,2.2
Hokkaido,198610,10.62,15.53
Tohoku,198610,4.9,7.91
Tokyo,198610,3.57,7.36
Chubu,198610,2.97,6.8
Hokuriku,198610,4.95,7.33
Kansai,198610,1.04,5.22
Chugoku,198610,3.08,7.53
Shikoku,198610,4.74,10.15
Kyushu,198610,-1.05,7.78
Okinawa,198610,-11.46,-4.01
Hokkaido,198609,3.2,8.73
Tohoku,198609,4.74,7.85
Tokyo,198609,-0.81,3.15
Chubu,198609,-1.45,2.46
Hokuriku,198609,-0.15,1.94
Kansai,198609,-2.77,1.61
Chugoku,198609,-3.07,1.41
Shikoku,198609,-1.14,4.27
Kyushu,198609,-5.8,-1.8
Okinawa,198609,3.67,9.56
Hokkaido,198608,12.17,17.05
Tohoku,198608,12.97,15.57
Tokyo,198608,5.8,9.56
Chubu,198608,5.8,9.61
Hokuriku,198608,7.51,9.26
Kansai,198608,3.54,7.58
Chugoku,198608,6.72,10.76
Shikoku,198608,10.32,15
Kyushu,198608,10.49,14.05
Okinawa,198608,1.33,7.41
Hokkaido,198607,11.36,16.18
Tohoku,198607,8.14,10.62
Tokyo,198607,13.31,16.72
Chubu,198607,12.71,16.07
Hokuriku,198607,9.98,11.08
Kansai,198607,16.65,19.96
Chugoku,198607,15.78,19.01
Shikoku,198607,13.89,18.06
Kyushu,198607,18.05,21.09
Okinawa,198607,16.43,21.5
Hokkaido,198606,7.21,11.97
Tohoku,198606,10.41,12.49
Tokyo,198606,9.39,13.13
Chubu,198606,8.06,11.54
Hokuriku,198606,4.86,5.81
Kansai,198606,10.24,13.96
Chugoku,198606,9.04,12.57
Shikoku,198606,10.81,15.22
Kyushu,198606,10.48,13.99
Okinawa,198606,16.25,21.36
Hokkaido,198605,8.07,12.43
Tohoku,198605,5.09,7.05
Tokyo,198605,1.55,5.58
Chubu,198605,2.48,5.89
Hokuriku,198605,6.83,7.45
Kansai,198605,3.12,6.98
Chugoku,198605,3.84,7.5
Shikoku,198605,8.45,12.65
Kyushu,198605,6.45,10.11
Okinawa,198605,16.46,22.21
Hokkaido,198604,-0.31,5.35
Tohoku,198604,5.85,7.91
Tokyo,198604,0.29,4.22
Chubu,198604,3.09,6.57
Hokuriku,198604,3.19,4.3
Kansai,198604,2.06,5.89
Chugoku,198604,-0.12,3.63
Shikoku,198604,2.69,7.26
Kyushu,198604,2.63,6.3
Okinawa,198604,10.24,16.45
Hokkaido,198603,8.31,13.71
Tohoku,198603,8.08,10.64
Tokyo,198603,12.26,15.8
Chubu,198603,5.66,9.24
Hokuriku,198603,6.11,8.44
Kansai,198603,7.73,11.68
Chugoku,198603,8.17,11.59
Shikoku,198603,9.57,13.9
Kyushu,198603,4.58,8.32
Okinawa,198603,9.53,16.1
Hokkaido,198602,-1.08,4.61
Tohoku,198602,3.06,5.8
Tokyo,198602,4,7.88
Chubu,198602,2.69,6.48
Hokuriku,198602,2.96,5.57
Kansai,198602,1.13,5.32
Chugoku,198602,1.16,4.84
Shikoku,198602,4,9.01
Kyushu,198602,0.29,4.24
Okinawa,198602,1.49,5.76
Hokkaido,198601,8.75,14.11
Tohoku,198601,3.13,5.86
Tokyo,198601,1.46,5.4
Chubu,198601,1.56,5.44
Hokuriku,198601,1.5,3.87
Kansai,198601,2.89,7.07
Chugoku,198601,4.61,8.34
Shikoku,198601,5.32,10.35
Kyushu,198601,1.6,5.6
Okinawa,198601,6.44,13
Hokkaido,198512,15.57,20.14
Tohoku,198512,15.23,17.54
Tokyo,198512,10.77,14.25
Chubu,198512,12.56,15.84
Hokuriku,198512,10.35,12.26
Kansai,198512,12.14,15.94
Chugoku,198512,13.76,17.2
Shikoku,198512,12.62,17.48
Kyushu,198512,14.35,17.72
Okinawa,198512,5.63,12.51
Hokkaido,198511,7.34,12.57
Tohoku,198511,76.2,10.24
Tokyo,198511,3.3,7.19
Chubu,198511,5.9,9.49
Hokuriku,198511,6.89,8.95
Kansai,198511,4.63,8.75
Chugoku,198511,6.63,10.57
Shikoku,198511,6.84,11.62
Kyushu,198511,7.22,10.85
Okinawa,198511,-13.39,-5.19
Hokkaido,198510,9.67,14.78
Tohoku,198510,7.42,10.26
Tokyo,198510,3.53,7.31
Chubu,198510,4.72,8.31
Hokuriku,198510,4.67,6.54
Kansai,198510,2.22,6.13
Chugoku,198510,0.51,4.71
Shikoku,198510,4.48,9.45
Kyushu,198510,-6.11,-1.76
Okinawa,198510,0.84,7.77
Hokkaido,198509,1.64,7.1
Tohoku,198509,-3.23,0.08
Tokyo,198509,-3.31,0.73
Chubu,198509,-4.1,0.05
Hokuriku,198509,-0.35,1.83
Kansai,198509,-6.62,2.1
Chugoku,198509,-3.26,0.91
Shikoku,198509,1.22,6.32
Kyushu,198509,-0.58,3.54
Okinawa,198509,4.5,11.02
Hokkaido,198508,12.38,17.23
Tohoku,198508,8.61,11.66
Tokyo,198508,4.28,8.04
Chubu,198508,4.3,8.04
Hokuriku,198508,9.48,11.36
Kansai,198508,4.35,8.42
Chugoku,198508,7.29,11.13
Shikoku,198508,6.98,11.67
Kyushu,198508,9.53,13.05
Okinawa,198508,4.5,10.95
Hokkaido,198507,13.58,18.64
Tohoku,198507,16.7,19.18
Tokyo,198507,18.49,21.61
Chubu,198507,16.5,19.59
Hokuriku,198507,10.8,12
Kansai,198507,19.88,22.97
Chugoku,198507,18.54,21.65
Shikoku,198507,14.09,17.93
Kyushu,198507,20.54,23.52
Okinawa,198507,12.65,18.48
Hokkaido,198506,7.07,12.36
Tohoku,198506,10.23,12.92
Tokyo,198506,8.61,12.25
Chubu,198506,6.93,10.26
Hokuriku,198506,5.21,6.82
Kansai,198506,8.87,12.67
Chugoku,198506,6.84,10.63
Shikoku,198506,7.11,11.77
Kyushu,198506,12.11,15.38
Okinawa,198506,10.4,16.58
Hokkaido,198505,8.03,12.64
Tohoku,198505,3.13,5.5
Tokyo,198505,0.15,3.99
Chubu,198505,1.83,5.27
Hokuriku,198505,5.4,6.67
Kansai,198505,2.12,6.29
Chugoku,198505,4.71,8.73
Shikoku,198505,7.01,11.61
Kyushu,198505,4.07,7.8
Okinawa,198505,22.96,28.22
Hokkaido,198504,1.89,7.09
Tohoku,198504,5.87,8.26
Tokyo,198504,-0.11,3.6
Chubu,198504,2.82,6.12
Hokuriku,198504,3.29,4.45
Kansai,198504,2.81,6.73
Chugoku,198504,2.17,5.95
Shikoku,198504,5.43,10.1
Kyushu,198504,0.49,4.94
Okinawa,198504,4.53,11.25
Hokkaido,198503,8.15,12.74
Tohoku,198503,8.63,11.36
Tokyo,198503,12.86,16.27
Chubu,198503,5.82,9.3
Hokuriku,198503,7.06,8.53
Kansai,198503,7.54,11.27
Chugoku,198503,7.23,10.76
Shikoku,198503,9.2,13.66
Kyushu,198503,6.51,10.06
Okinawa,198503,11.94,18.33
Hokkaido,198502,-4.16,1.18
Tohoku,198502,0.84,3.98
Tokyo,198502,3.39,7.24
Chubu,198502,3.7,7.48
Hokuriku,198502,2.34,4.34
Kansai,198502,1.16,5.49
Chugoku,198502,0.48,4.21
Shikoku,198502,2.66,8.13
Kyushu,198502,-0.92,3.06
Okinawa,198502,-1.65,5.71
Hokkaido,198501,12.27,16.79
Tohoku,198501,4.06,7.28
Tokyo,198501,1.36,5.29
Chubu,198501,1.68,5.54
Hokuriku,198501,2.5,4.41
Kansai,198501,4.78,8.93
Chugoku,198501,5.58,9.3
Shikoku,198501,7.7,12.56
Kyushu,198501,4.14,8.05
Okinawa,198501,6.86,13.37
Hokkaido,198412,14.21,18.65
Tohoku,198412,14.04,16.9
Tokyo,198412,8.92,12.38
Chubu,198412,10.62,14.02
Hokuriku,198412,10.19,11.63
Kansai,198412,9.17,13.16
Chugoku,198412,12.61,16.22
Shikoku,198412,13.32,18.05
Kyushu,198412,14.55,17.83
Okinawa,198412,2.14,9.2
Hokkaido,198411,9.15,14.01
Tohoku,198411,9.32,12.65
Tokyo,198411,5.98,9.46
Chubu,198411,6.43,9.98
Hokuriku,198411,5.67,7.15
Kansai,198411,4.7,9.09
Chugoku,198411,6,9.81
Shikoku,198411,6.98,12.2
Kyushu,198411,6.11,9.85
Okinawa,198411,-2.17,5.05
Hokkaido,198410,8.94,13.49
Tohoku,198410,8.38,11.8
Tokyo,198410,2.99,6.59
Chubu,198410,7.26,10.73
Hokuriku,198410,5.47,7.06
Kansai,198410,5.71,9.98
Chugoku,198410,4.63,8.32
Shikoku,198410,7.27,11.99
Kyushu,198410,-0.39,3.74
Okinawa,198410,-8.55,-0.93
Hokkaido,198409,3.86,9.18
Tohoku,198409,-4.01,-0.39
Tokyo,198409,-3.39,0.41
Chubu,198409,-7.5,-3.35
Hokuriku,198409,0.53,2.12
Kansai,198409,-12.04,-7.27
Chugoku,198409,-8.62,-4.33
Shikoku,198409,-9.6,4.17
Kyushu,198409,-4.42,-0.46
Okinawa,198409,3.96,10.48
Hokkaido,198408,9.65,14.28
Tohoku,198408,9.07,12.49
Tokyo,198408,7.49,10.82
Chubu,198408,7.72,11.3
Hokuriku,198408,7.09,8.96
Kansai,198408,7.42,11.36
Chugoku,198408,7.48,11.41
Shikoku,198408,9.19,13.96
Kyushu,198408,8.56,12.18
Okinawa,198408,3.52,9.95
Hokkaido,198407,13.13,17.28
Tohoku,198407,14.04,16.86
Tokyo,198407,14.62,17.71
Chubu,198407,12.49,15.86
Hokuriku,198407,9.2,10.55
Kansai,198407,14.69,18.28
Chugoku,198407,17.24,20.71
Shikoku,198407,13.01,17.31
Kyushu,198407,17.27,20.59
Okinawa,198407,12.12,17.9
Hokkaido,198406,8.39,12.6
Tohoku,198406,8.98,11.65
Tokyo,198406,8.28,11.59
Chubu,198406,7.15,10.62
Hokuriku,198406,5.92,6.97
Kansai,198406,9.82,13.51
Chugoku,198406,7.5,11.39
Shikoku,198406,8.24,12.75
Kyushu,198406,13.68,16.9
Okinawa,198406,20.33,25.68
Hokkaido,198405,8.27,12.36
Tohoku,198405,4.68,7.58
Tokyo,198405,3.74,7.13
Chubu,198405,4.15,7.6
Hokuriku,198405,5.69,6.95
Kansai,198405,4.5,8.53
Chugoku,198405,5.23,9.05
Shikoku,198405,5.32,10.38
Kyushu,198405,4.77,8.54
Okinawa,198405,16.02,21.96
Hokkaido,198404,0.71,5.53
Tohoku,198404,2.57,5.59
Tokyo,198404,-3.06,0.55
Chubu,198404,-1.09,2.39
Hokuriku,198404,2.8,4.46
Kansai,198404,-0.88,3.33
Chugoku,198404,-0.89,3.06
Shikoku,198404,2.75,7.59
Kyushu,198404,-0.6,3.64
Okinawa,198404,4.99,11.85
Hokkaido,198403,6.69,11.79
Tohoku,198403,9.8,12.95
Tokyo,198403,11.1,14.34
Chubu,198403,6.33,10.11
Hokuriku,198403,5.5,8.14
Kansai,198403,4.95,9
Chugoku,198403,6.76,10.5
Shikoku,198403,6.31,11.26
Kyushu,198403,6.09,9.86
Okinawa,198403,11.36,17.45
Hokkaido,198402,2.97,7.86
Tohoku,198402,6.64,9.8
Tokyo,198402,5.09,8.46
Chubu,198402,5.49,9.23
Hokuriku,198402,4.32,7
Kansai,198402,2.26,6.32
Chugoku,198402,3.17,7.01
Shikoku,198402,3.08,8.04
Kyushu,198402,1.65,5.35
Okinawa,198402,0.4,7.45
Hokkaido,198401,9.96,14.42
Tohoku,198401,2.14,5.31
Tokyo,198401,2.01,5.54
Chubu,198401,1.56,5.35
Hokuriku,198401,3.07,5.31
Kansai,198401,6.87,10.84
Chugoku,198401,6.66,10.22
Shikoku,198401,6.9,12.05
Kyushu,198401,4.1,7.96
Okinawa,198401,5.62,11.97
Hokkaido,198312,13.96,18.39
Tohoku,198312,13.27,16.05
Tokyo,198312,11.47,14.62
Chubu,198312,12.01,15.27
Hokuriku,198312,10.25,12.15
Kansai,198312,9.13,13.07
Chugoku,198312,11.15,14.56
Shikoku,198312,12.47,17.08
Kyushu,198312,12.73,16.37
Okinawa,198312,6.17,12.99
Hokkaido,198311,8.29,13
Tohoku,198311,8.71,11.79
Tokyo,198311,7.56,10.94
Chubu,198311,9.43,12.75
Hokuriku,198311,6.19,8.13
Kansai,198311,8.64,12.55
Chugoku,198311,7.73,11.3
Shikoku,198311,9.1,13.92
Kyushu,198311,7.82,11.94
Okinawa,198311,-13.72,-5.44
Hokkaido,198310,11.35,15.67
Tohoku,198310,6.36,9.35
Tokyo,198310,1.19,4.72
Chubu,198310,2.28,5.65
Hokuriku,198310,5.77,7.14
Kansai,198310,0.5,4.53
Chugoku,198310,2.62,6.5
Shikoku,198310,6.17,10.98
Kyushu,198310,-3.25,1.27
Okinawa,198310,-2.67,4.42
Hokkaido,198309,2.84,7.95
Tohoku,198309,-2.68,0.49
Tokyo,198309,-3.7,-0.04
Chubu,198309,-5.32,-1.42
Hokuriku,198309,1.65,3.34
Kansai,198309,-7.9,-3.46
Chugoku,198309,-5.4,-1.03
Shikoku,198309,-1.21,4.3
Kyushu,198309,-3.07,1.13
Okinawa,198309,1.75,8.44
Hokkaido,198308,13.52,17.94
Tohoku,198308,12.98,15.77
Tokyo,198308,10.83,14
Chubu,198308,9.99,13.18
Hokuriku,198308,9.48,10.98
Kansai,198308,10.37,13.86
Chugoku,198308,12.05,15.47
Shikoku,198308,10.11,14.83
Kyushu,198308,10.58,14.19
Okinawa,198308,5.54,11.86
Hokkaido,198307,11.34,15.51
Tohoku,198307,9.67,12.34
Tokyo,198307,11.46,14.64
Chubu,198307,10.96,14.14
Hokuriku,198307,9.13,10.68
Kansai,198307,14.06,17.37
Chugoku,198307,13.29,16.48
Shikoku,198307,15.16,19.31
Kyushu,198307,17.82,20.85
Okinawa,198307,15.46,21.06
Hokkaido,198306,8.56,13.12
Tohoku,198306,9.66,12.33
Tokyo,198306,8.89,12.11
Chubu,198306,7.39,10.83
Hokuriku,198306,5.49,6.83
Kansai,198306,7.93,11.44
Chugoku,198306,6.43,9.74
Shikoku,198306,8.57,12.51
Kyushu,198306,11.79,15.23
Okinawa,198306,16.1,21.78
Hokkaido,198305,9.7,13.94
Tohoku,198305,5.57,8.01
Tokyo,198305,4.29,7.56
Chubu,198305,4.8,8.21
Hokuriku,198305,5.59,6.07
Kansai,198305,6.62,10.03
Chugoku,198305,7.89,11.12
Shikoku,198305,7.38,11.8
Kyushu,198305,5.4,8.64
Okinawa,198305,13.81,19.84
Hokkaido,198304,0.88,5.69
Tohoku,198304,2.51,4.86
Tokyo,198304,-1.15,2.27
Chubu,198304,-2.04,1.64
Hokuriku,198304,2.86,3.47
Kansai,198304,-1.62,2.16
Chugoku,198304,1.85,1.75
Shikoku,198304,2.69,6.75
Kyushu,198304,-2.8,0.61
Okinawa,198304,10.9,16.96
Hokkaido,198303,9.33,14.19
Tohoku,198303,7.89,10.68
Tokyo,198303,10.58,13.82
Chubu,198303,7.38,10.77
Hokuriku,198303,7.68,9.57
Kansai,198303,8.64,12.3
Chugoku,198303,8.79,11.91
Shikoku,198303,7.84,11.57
Kyushu,198303,8.14,11.64
Okinawa,198303,12.21,18.48
Hokkaido,198302,0.91,6.15
Tohoku,198302,5.36,8.09
Tokyo,198302,2.13,5.7
Chubu,198302,3.32,6.97
Hokuriku,198302,3.45,5.73
Kansai,198302,0.36,4.49
Chugoku,198302,2.38,5.8
Shikoku,198302,3.43,7.56
Kyushu,198302,2.27,6.27
Okinawa,198302,-0.16,7.18
Hokkaido,198301,10.74,15.37
Tohoku,198301,2.68,5.43
Tokyo,198301,0.37,3.89
Chubu,198301,2.83,6.6
Hokuriku,198301,3.23,5.34
Kansai,198301,5.88,9.66
Chugoku,198301,5.39,8.95
Shikoku,198301,6.93,10.87
Kyushu,198301,2.81,6.47
Okinawa,198301,5.86,12.45
Hokkaido,198212,13.6,17.89
Tohoku,198212,12.27,14.52
Tokyo,198212,13.62,16.7
Chubu,198212,11.45,14.7
Hokuriku,198212,10.32,12.19
Kansai,198212,9.12,12.87
Chugoku,198212,11.1,14.77
Shikoku,198212,10.87,14.86
Kyushu,198212,14.37,17.52
Okinawa,198212,3.62,10.76
Hokkaido,198211,9.04,13.44
Tohoku,198211,8.18,11.04
Tokyo,198211,6.68,10.06
Chubu,198211,8.21,11.75
Hokuriku,198211,6.82,9
Kansai,198211,6.78,10.84
Chugoku,198211,7.21,11.14
Shikoku,198211,6.12,9.88
Kyushu,198211,7.39,10.83
Okinawa,198211,-3.27,4.2
Hokkaido,198210,11.47,15.84
Tohoku,198210,6.71,9.77
Tokyo,198210,1.84,5.52
Chubu,198210,1.34,5.1
Hokuriku,198210,5.04,7.1
Kansai,198210,2.79,7.05
Chugoku,198210,5.14,9.17
Shikoku,198210,6.47,9.88
Kyushu,198210,3.29,6.8
Okinawa,198210,-3.89,3.53
Hokkaido,198209,3.1,8
Tohoku,198209,-1.8,1.5
Tokyo,198209,-2.7,1.1
Chubu,198209,-2.1,1.6
Hokuriku,198209,-0.6,0.8
Kansai,198209,-5.5,-1.2
Chugoku,198209,-5.7,-1.2
Shikoku,198209,1.5,5.8
Kyushu,198209,-5.1,-1.3
Okinawa,198209,2.09,9.01
Hokkaido,198208,12.5,16.9
Tohoku,198208,10.1,13.1
Tokyo,198208,10.9,14.2
Chubu,198208,8.3,11.6
Hokuriku,198208,9.2,11.1
Kansai,198208,9,12.8
Chugoku,198208,9.7,13.6
Shikoku,198208,9.5,13.8
Kyushu,198208,9.5,12.9
Okinawa,198208,1.7,8.42
Hokkaido,198207,13.1,17.6
Tohoku,198207,9.8,12.9
Tokyo,198207,8.6,12.1
Chubu,198207,8.9,12.4
Hokuriku,198207,8.7,10.7
Kansai,198207,11.2,15
Chugoku,198207,12.1,15.9
Shikoku,198207,12.4,16.6
Kyushu,198207,13.6,17
Okinawa,198207,18.34,23.79
Hokkaido,198206,9.2,13.4
Tohoku,198206,9.3,12
Tokyo,198206,8.4,11.9
Chubu,198206,9.8,13
Hokuriku,198206,7.2,8.7
Kansai,198206,11.2,15
Chugoku,198206,6.4,10.5
Shikoku,198206,8.6,12.8
Kyushu,198206,8.9,12.6
Okinawa,198206,12.73,18.95
Hokkaido,198205,8.6,12.4
Tohoku,198205,4.7,7.2
Tokyo,198205,5.3,8.8
Chubu,198205,3.5,7.1
Hokuriku,198205,4.3,6.1
Kansai,198205,2,5.9
Chugoku,198205,6.7,10.4
Shikoku,198205,8,11.9
Kyushu,198205,8,11.8
Okinawa,198205,20.75,26.41
Hokkaido,198204,3.1,8.1
Tohoku,198204,3.8,6.2
Tokyo,198204,0.5,4
Chubu,198204,-1.6,2
Hokuriku,198204,2.9,4.7
Kansai,198204,1.2,4.9
Chugoku,198204,1.4,5.6
Shikoku,198204,5.2,9.1
Kyushu,198204,2,5.9
Okinawa,198204,1.87,9.24
Hokkaido,198203,8.7,12.9
Tohoku,198203,8.4,11.2
Tokyo,198203,9.5,12.8
Chubu,198203,8.1,11.5
Hokuriku,198203,7.5,9.6
Kansai,198203,8.1,11.7
Chugoku,198203,8,11.8
Shikoku,198203,7.9,12.1
Kyushu,198203,7.4,10.9
Okinawa,198203,13.51,19.88
Hokkaido,198202,0.9,5.1
Tohoku,198202,2.6,5.7
Tokyo,198202,3.4,7
Chubu,198202,3.5,7.4
Hokuriku,198202,2.6,5.8
Kansai,198202,1.3,5.3
Chugoku,198202,0.8,3.3
Shikoku,198202,1.4,5.8
Kyushu,198202,1.6,5.5
Okinawa,198202,-0.22,7.41
Hokkaido,198201,10.1,14.6
Tohoku,198201,2.7,5.8
Tokyo,198201,1.4,5.2
Chubu,198201,3,7
Hokuriku,198201,3.3,5.5
Kansai,198201,3.4,7.5
Chugoku,198201,7.3,11
Shikoku,198201,7.6,12
Kyushu,198201,4.5,8.3
Okinawa,198201,6.22,13.06
Hokkaido,198112,13.9,18.1
Tohoku,198112,11.2,14
Tokyo,198112,11.8,15.2
Chubu,198112,10.8,14.3
Hokuriku,198112,8.8,11
Kansai,198112,9.7,13.6
Chugoku,198112,10.3,13.8
Shikoku,198112,10.8,15
Kyushu,198112,11.8,15.1
Okinawa,198112,7.65,14.73
Hokkaido,198111,10.2,14
Tohoku,198111,10.2,13.1
Tokyo,198111,4.5,8.1
Chubu,198111,4.4,8
Hokuriku,198111,5.9,7.4
Kansai,198111,6.3,10.4
Chugoku,198111,7.6,11.2
Shikoku,198111,5.8,10
Kyushu,198111,8.1,11.6
Okinawa,198111,-2.59,5.35
Hokkaido,198110,11.7,15.5
Tohoku,198110,9.8,12.7
Tokyo,198110,6.3,9.9
Chubu,198110,5.7,9.1
Hokuriku,198110,6.9,9.1
Kansai,198110,4.1,8.3
Chugoku,198110,6,9.8
Shikoku,198110,5.9,9.9
Kyushu,198110,3.8,7.5
Okinawa,198110,-6.76,1.22
Hokkaido,198109,5.5,9.6
Tohoku,198109,2.7,5.9
Tokyo,198109,-1.8,2.1
Chubu,198109,-1.1,2.6
Hokuriku,198109,1.3,3.8
Kansai,198109,-5.3,-1
Chugoku,198109,-4.2,0.1
Shikoku,198109,-0.8,3.8
Kyushu,198109,-6.4,-2.4
Okinawa,198109,-1.2,6
Hokkaido,198108,8.4,11.9
Tohoku,198108,3,6.3
Tokyo,198108,2,5.7
Chubu,198108,1,4.9
Hokuriku,198108,4.5,7
Kansai,198108,0.5,4.7
Chugoku,198108,3.4,7
Shikoku,198108,4.8,9
Kyushu,198108,2.8,6.6
Okinawa,198108,7.86,14.27
Hokkaido,198107,13.6,17.3
Tohoku,198107,15.2,17.9
Tokyo,198107,14.4,17.5
Chubu,198107,13.7,16.9
Hokuriku,198107,12,13.4
Kansai,198107,16.5,19.9
Chugoku,198107,16.9,19.9
Shikoku,198107,13,16.4
Kyushu,198107,19.2,22.3
Okinawa,198107,12.82,18.9
Hokkaido,198106,9,12.7
Tohoku,198106,9.4,11.9
Tokyo,198106,10.5,13.7
Chubu,198106,11.1,14.4
Hokuriku,198106,8.5,9.8
Kansai,198106,13.8,17.6
Chugoku,198106,7.9,11.6
Shikoku,198106,6.8,10.7
Kyushu,198106,11.4,14.5
Okinawa,198106,18.23,24.1
Hokkaido,198105,8.3,12.2
Tohoku,198105,2.9,5.2
Tokyo,198105,3.8,7.2
Chubu,198105,3.1,6.6
Hokuriku,198105,3.6,4.8
Kansai,198105,1.8,5.6
Chugoku,198105,6.1,9.7
Shikoku,198105,6.4,10.2
Kyushu,198105,7.4,10.8
Okinawa,198105,13.97,20.51
Hokkaido,198104,1.3,5.7
Tohoku,198104,5.7,8.2
Tokyo,198104,1.7,5.1
Chubu,198104,-0.1,3.4
Hokuriku,198104,2.9,4.8
Kansai,198104,3.2,7
Chugoku,198104,1.1,4.2
Shikoku,198104,3.3,6.7
Kyushu,198104,2.1,5.7
Okinawa,198104,8.26,15.18
Hokkaido,198103,11.2,15.3
Tohoku,198103,8.7,11.5
Tokyo,198103,2.4,5.9
Chubu,198103,7.5,11
Hokuriku,198103,6.5,8.9
Kansai,198103,7.8,11.7
Chugoku,198103,7.6,10.6
Shikoku,198103,6.6,10.3
Kyushu,198103,4.9,8.6
Okinawa,198103,12.02,18.71
Hokkaido,198102,1.7,6.3
Tohoku,198102,1.6,4.6
Tokyo,198102,3.4,6.8
Chubu,198102,1.3,5.3
Hokuriku,198102,0.9,3.7
Kansai,198102,1,5
Chugoku,198102,-2.3,1.4
Shikoku,198102,0.9,5.1
Kyushu,198102,0.9,4.6
Okinawa,198102,-3.38,3.69
Hokkaido,198101,11.5,15.8
Tohoku,198101,4.6,7.7
Tokyo,198101,2.5,6
Chubu,198101,2.5,6.4
Hokuriku,198101,6.3,9
Kansai,198101,2.5,6.5
Chugoku,198101,8.7,12.4
Shikoku,198101,5.3,9.3
Kyushu,198101,4.9,8.6
Okinawa,198101,6.4,12.78
Hokkaido,198012,14.8,19
Tohoku,198012,12.5,15.4
Tokyo,198012,12.5,15.6
Chubu,198012,14.6,18
Hokuriku,198012,10.3,12.7
Kansai,198012,11.9,15.5
Chugoku,198012,12.2,15.6
Shikoku,198012,12.6,16.3
Kyushu,198012,17.7,20.9
Okinawa,198012,3.49,10.25
Hokkaido,198011,8.2,12.5
Tohoku,198011,8,11
Tokyo,198011,9,12.5
Chubu,198011,2.5,6.3
Hokuriku,198011,5.6,7.3
Kansai,198011,4.3,8.4
Chugoku,198011,6.1,9.9
Shikoku,198011,6.7,10.6
Kyushu,198011,4.2,8
Okinawa,198011,1.77,8.48
Hokkaido,198010,10.9,15.1
Tohoku,198010,8.2,11.3
Tokyo,198010,1.1,4.8
Chubu,198010,3.9,7.3
Hokuriku,198010,6.2,8.5
Kansai,198010,3.2,7.2
Chugoku,198010,5.7,9.4
Shikoku,198010,6.1,9.7
Kyushu,198010,4.1,7.8
Okinawa,198010,-9.5,-1.65
Hokkaido,198009,6.1,10.9
Tohoku,198009,4.9,8.1
Tokyo,198009,6,9.5
Chubu,198009,2.1,5.5
Hokuriku,198009,3.9,5.6
Kansai,198009,-1.5,2.3
Chugoku,198009,1,4.9
Shikoku,198009,1.2,5.2
Kyushu,198009,-0.6,3.3
Okinawa,198009,-2.58,4.42
Hokkaido,198008,10,14.3
Tohoku,198008,5.3,8.4
Tokyo,198008,2.1,5.6
Chubu,198008,2.8,6.4
Hokuriku,198008,6.7,8.3
Kansai,198008,4,7.7
Chugoku,198008,5.2,9
Shikoku,198008,6.5,10.3
Kyushu,198008,4,7.8
Okinawa,198008,7.87,13.93
Hokkaido,198007,11,15
Tohoku,198007,10.3,13.2
Tokyo,198007,12.4,13.7
Chubu,198007,11,14.2
Hokuriku,198007,8.4,10.4
Kansai,198007,12.6,16.2
Chugoku,198007,11,14.6
Shikoku,198007,10.9,14.6
Kyushu,198007,15.8,19.2
Okinawa,198007,12.9,18.61
Hokkaido,198006,9.6,13.3
Tohoku,198006,9.9,12.7
Tokyo,198006,9.7,13
Chubu,198006,9.3,12.6
Hokuriku,198006,5,6.6
Kansai,198006,8.1,11.8
Chugoku,198006,6.7,10.3
Shikoku,198006,5.6,8.8
Kyushu,198006,8.5,12.2
Okinawa,198006,18.82,24.22
Hokkaido,198005,7.4,10.8
Tohoku,198005,3,5.5
Tokyo,198005,3.6,6.9
Chubu,198005,2.2,5.7
Hokuriku,198005,5.8,7.2
Kansai,198005,5.2,9
Chugoku,198005,5.8,9.7
Shikoku,198005,6.3,9.3
Kyushu,198005,8.1,11.4
Okinawa,198005,19.29,24.92
Hokkaido,198004,3.4,7.4
Tohoku,198004,5.7,8.1
Tokyo,198004,2.1,5.6
Chubu,198004,1.8,5.3
Hokuriku,198004,3.7,5.4
Kansai,198004,0.5,4.2
Chugoku,198004,0.6,4.3
Shikoku,198004,2,5.7
Kyushu,198004,2.5,6.2
Okinawa,198004,6.22,13.11
Hokkaido,198003,6.3,10.3
Tohoku,198003,7.7,10.1
Tokyo,198003,3,6.6
Chubu,198003,6,9.8
Hokuriku,198003,6.1,8.4
Kansai,198003,7.6,11.4
Chugoku,198003,6.3,9.7
Shikoku,198003,6.6,10.5
Kyushu,198003,7.1,10.6
Okinawa,198003,9.46,15.9
Hokkaido,198002,2.3,6.4
Tohoku,198002,4.9,7.6
Tokyo,198002,3.9,7.3
Chubu,198002,3.3,7
Hokuriku,198002,2.8,5.4
Kansai,198002,1,5.1
Chugoku,198002,0.6,4.3
Shikoku,198002,2.6,6.9
Kyushu,198002,3.3,7.1
Okinawa,198002,-0.45,6.58
Hokkaido,198001,11.8,15.8
Tohoku,198001,4.1,6.8
Tokyo,198001,5.2,8.6
Chubu,198001,5.1,8.7
Hokuriku,198001,5.5,7.9
Kansai,198001,6.8,10.7
Chugoku,198001,8.5,12.1
Shikoku,198001,6.8,10.7
Kyushu,198001,6,9.6
Okinawa,198001,5.87,12.43
Hokkaido,197912,12.3,16.2
Tohoku,197912,11.6,14
Tokyo,197912,9.8,13.1
Chubu,197912,9.3,12.9
Hokuriku,197912,8.6,10.7
Kansai,197912,9.7,13.5
Chugoku,197912,9.5,13.1
Shikoku,197912,9.9,13.5
Kyushu,197912,11,14.6
Okinawa,197912,6.88,13.79
Hokkaido,197911,9.9,13.6
Tohoku,197911,6.8,9.6
Tokyo,197911,8.9,12.4
Chubu,197911,5,8.6
Hokuriku,197911,7,8.8
Kansai,197911,4.4,8.5
Chugoku,197911,7.2,10.6
Shikoku,197911,6.8,10.8
Kyushu,197911,6,9.8
Okinawa,197911,-1.3,6.1
Hokkaido,197910,13.3,16.9
Tohoku,197910,8.3,11
Tokyo,197910,1.8,5.5
Chubu,197910,4.9,8.4
Hokuriku,197910,5.2,7.6
Kansai,197910,2.8,7.1
Chugoku,197910,3.1,6.8
Shikoku,197910,4.3,8.2
Kyushu,197910,1.3,5.1
Okinawa,197910,-11.1,-2.63
Hokkaido,197909,5,9
Tohoku,197909,0.7,3.6
Tokyo,197909,0.7,4.4
Chubu,197909,-3.7,0.4
Hokuriku,197909,2.2,4.5
Kansai,197909,-6.8,-2.5
Chugoku,197909,3.7,0.5
Shikoku,197909,-0.5,3.8
Kyushu,197909,-4.3,-0.3
Okinawa,197909,7.15,13.63
Hokkaido,197908,11.8,15.2
Tohoku,197908,9.5,11.9
Tokyo,197908,7.5,10.9
Chubu,197908,8.2,11.9
Hokuriku,197908,7.1,9.4
Kansai,197908,8.5,12
Chugoku,197908,8.9,12.7
Shikoku,197908,8.7,12.7
Kyushu,197908,10.8,14.3
Okinawa,197908,1.12,7.95
Hokkaido,197907,11.2,14.9
Tohoku,197907,10.4,12.9
Tokyo,197907,7.7,11.3
Chubu,197907,9.4,13
Hokuriku,197907,8.6,11
Kansai,197907,11,14.4
Chugoku,197907,12,15.6
Shikoku,197907,10.9,14.5
Kyushu,197907,15.4,18.5
Okinawa,197907,17.84,23.26
Hokkaido,197906,9.3,12.8
Tohoku,197906,9.7,12.1
Tokyo,197906,13.6,17
Chubu,197906,11.2,15
Hokuriku,197906,6.6,9.1
Kansai,197906,10.9,14.5
Chugoku,197906,8.1,11.7
Shikoku,197906,6.8,10.7
Kyushu,197906,10.5,14.3
Okinawa,197906,17.74,23.46
Hokkaido,197905,8.6,12
Tohoku,197905,5.4,7.8
Tokyo,197905,4.6,8.2
Chubu,197905,3.5,7.2
Hokuriku,197905,5.1,7
Kansai,197905,6.3,9.7
Chugoku,197905,6,9.5
Shikoku,197905,5,8.3
Kyushu,197905,10,13.5
Okinawa,197905,13.55,19.87
Hokkaido,197904,3.4,7.5
Tohoku,197904,6.7,9.1
Tokyo,197904,0.9,4.4
Chubu,197904,0.5,4.2
Hokuriku,197904,3.7,5.8
Kansai,197904,0.2,3.7
Chugoku,197904,1.2,5.1
Shikoku,197904,3.6,7.1
Kyushu,197904,1.9,5.5
Okinawa,197904,8.88,15.38
Hokkaido,197903,9.1,13.1
Tohoku,197903,9.2,11.8
Tokyo,197903,6.4,9.8
Chubu,197903,10,13.3
Hokuriku,197903,8.1,10.3
Kansai,197903,9.1,13
Chugoku,197903,9.2,12.8
Shikoku,197903,8.9,12.6
Kyushu,197903,10.5,13.8
Okinawa,197903,11.46,17.77
Hokkaido,197902,-1.2,3.5
Tohoku,197902,-3.2,-0.3
Tokyo,197902,-0.5,3.2
Chubu,197902,0.8,4.4
Hokuriku,197902,1.8,4.3
Kansai,197902,0.6,4.6
Chugoku,197902,-1.4,2.5
Shikoku,197902,1.2,5.7
Kyushu,197902,1.1,5.2
Okinawa,197902,0.55,7.85
Hokkaido,197901,13.6,17.5
Tohoku,197901,7.7,10.4
Tokyo,197901,4.3,7.8
Chubu,197901,4.8,8.6
Hokuriku,197901,4.9,7.6
Kansai,197901,5.2,9.1
Chugoku,197901,8.4,11.8
Shikoku,197901,7.3,11.7
Kyushu,197901,6.6,10.5
Okinawa,197901,5.74,12.53
Hokkaido,197812,15.5,19.1
Tohoku,197812,12.6,15.2
Tokyo,197812,12.8,15.9
Chubu,197812,10.8,14.4
Hokuriku,197812,9.3,11.7
Kansai,197812,8.6,12.7
Chugoku,197812,10.6,13.7
Shikoku,197812,11.7,15.8
Kyushu,197812,12.4,16
Okinawa,197812,5.9,12.69
Hokkaido,197811,9.8,13.4
Tohoku,197811,8.2,11.1
Tokyo,197811,7.6,11.1
Chubu,197811,6.1,9.7
Hokuriku,197811,6.6,8.4
Kansai,197811,6.5,10.7
Chugoku,197811,6.8,10.5
Shikoku,197811,7.2,11.6
Kyushu,197811,7.1,10.8
Okinawa,197811,-4.15,3.46
Hokkaido,197810,12.1,15.7
Tohoku,197810,8,10.9
Tokyo,197810,1.2,4.8
Chubu,197810,3.2,7.1
Hokuriku,197810,5.2,6.9
Kansai,197810,1,5.4
Chugoku,197810,2.9,6.9
Shikoku,197810,4,8.5
Kyushu,197810,-0.2,3.6
Okinawa,197810,-4.31,3.43
Hokkaido,197809,6.1,9.7
Tohoku,197809,-1.8,1.2
Tokyo,197809,-4.3,-0.4
Chubu,197809,-4.7,-0.6
Hokuriku,197809,0.1,2.5
Kansai,197809,-8,-3.2
Chugoku,197809,-5.1,-0.7
Shikoku,197809,-1.9,2.8
Kyushu,197809,-5.9,-1.5
Okinawa,197809,8.71,15.12
Hokkaido,197808,10.3,13.8
Tohoku,197808,8.2,11.1
Tokyo,197808,8.6,12
Chubu,197808,6.9,10.6
Hokuriku,197808,5.9,8.5
Kansai,197808,6.3,10.3
Chugoku,197808,6.2,9.9
Shikoku,197808,7.9,12
Kyushu,197808,8.5,12.2
Okinawa,197808,4.86,11.6
Hokkaido,197807,14.7,18
Tohoku,197807,14.7,17.3
Tokyo,197807,12.2,15.5
Chubu,197807,12.7,16.2
Hokuriku,197807,12,14.1
Kansai,197807,15.4,19
Chugoku,197807,17.4,20.6
Shikoku,197807,14.6,18.4
Kyushu,197807,18.6,22
Okinawa,197807,13.3,19.41
Hokkaido,197806,10.2,13.5
Tohoku,197806,9.9,12.3
Tokyo,197806,12.4,15.5
Chubu,197806,11.3,14.8
Hokuriku,197806,7.4,9.4
Kansai,197806,9.5,13.4
Chugoku,197806,8.6,11.9
Shikoku,197806,8.6,12.6
Kyushu,197806,13.6,17
Okinawa,197806,14.1,20.3
Hokkaido,197805,9.2,12.7
Tohoku,197805,7,9.2
Tokyo,197805,4.8,8.2
Chubu,197805,3.7,7.5
Hokuriku,197805,5.9,7.6
Kansai,197805,8.5,12.1
Chugoku,197805,6.7,10.3
Shikoku,197805,5.5,9.5
Kyushu,197805,8.6,12.2
Okinawa,197805,15.63,22.31
Hokkaido,197804,3.9,7.7
Tohoku,197804,2.7,5.1
Tokyo,197804,-3.7,0.2
Chubu,197804,-1.4,2.7
Hokuriku,197804,3.9,6.2
Kansai,197804,-0.2,3.8
Chugoku,197804,0.9,4.7
Shikoku,197804,2.5,6.5
Kyushu,197804,2.5,6.4
Okinawa,197804,9.82,17.2
Hokkaido,197803,8.4,12.3
Tohoku,197803,10.3,12.9
Tokyo,197803,7.9,11.4
Chubu,197803,8.5,12
Hokuriku,197803,7.1,10.1
Kansai,197803,7.7,11.4
Chugoku,197803,8.3,11.7
Shikoku,197803,8,12.3
Kyushu,197803,10.2,13.5
Okinawa,197803,11.46,18.24
Hokkaido,197802,2.3,6.6
Tohoku,197802,2.7,5.4
Tokyo,197802,1.7,5.4
Chubu,197802,0.4,4.6
Hokuriku,197802,3.1,6.2
Kansai,197802,1.2,5.4
Chugoku,197802,-0.2,3.5
Shikoku,197802,2.6,7
Kyushu,197802,0.1,3.8
Okinawa,197802,0.3,8.08
Hokkaido,197801,13.8,17.7
Tohoku,197801,7.4,10.3
Tokyo,197801,5.5,9
Chubu,197801,7.8,11.6
Hokuriku,197801,5.9,8.9
Kansai,197801,6.8,11
Chugoku,197801,9,12.4
Shikoku,197801,7.5,11.8
Kyushu,197801,9.2,12.9
Okinawa,197801,6.88,13.6
Hokkaido,197712,14.3,18
Tohoku,197712,12.6,15.3
Tokyo,197712,12.7,15.8
Chubu,197712,11,14.7
Hokuriku,197712,9.8,12.7
Kansai,197712,8.6,12.8
Chugoku,197712,10.5,13.6
Shikoku,197712,11,15.3
Kyushu,197712,11.9,15.5
Okinawa,197712,8.25,15.17
Hokkaido,197711,9.5,13.2
Tohoku,197711,5.6,8.7
Tokyo,197711,7.4,10.9
Chubu,197711,5.4,9.4
Hokuriku,197711,6.5,9.5
Kansai,197711,6.2,10.3
Chugoku,197711,6.9,10.5
Shikoku,197711,7,11.2
Kyushu,197711,6.7,10.7
Okinawa,197711,-5.09,2.92
Hokkaido,197710,13.2,16.7
Tohoku,197710,8.1,11
Tokyo,197710,2.4,6
Chubu,197710,2.4,6.7
Hokuriku,197710,4.8,7.4
Kansai,197710,0.5,4.9
Chugoku,197710,2.5,6.8
Shikoku,197710,4.3,9.2
Kyushu,197710,1.1,5.1
Okinawa,197710,0.69,7.93
Hokkaido,197709,7.3,11.2
Tohoku,197709,3.2,6.3
Tokyo,197709,2.5,6
Chubu,197709,0.9,4.9
Hokuriku,197709,3.8,6.6
Kansai,197709,-1.2,3.1
Chugoku,197709,1,4.9
Shikoku,197709,1.4,6.1
Kyushu,197709,0.5,4.4
Okinawa,197709,0.6,7.33
Hokkaido,197708,9.3,13
Tohoku,197708,5.6,8.7
Tokyo,197708,3,6.6
Chubu,197708,4.2,8
Hokuriku,197708,4.9,7.7
Kansai,197708,2.6,6.8
Chugoku,197708,3.1,6.8
Shikoku,197708,4.9,9.7
Kyushu,197708,5,8.9
Okinawa,197708,6.91,13.09
Hokkaido,197707,13.7,17.1
Tohoku,197707,12.6,15.3
Tokyo,197707,12.5,15.7
Chubu,197707,13.1,16.7
Hokuriku,197707,10.8,13.3
Kansai,197707,16.5,19.9
Chugoku,197707,16.1,19.2
Shikoku,197707,15.3,9.5
Kyushu,197707,19.3,22.5
Okinawa,197707,15.28,20.9
Hokkaido,197706,10.7,14.2
Tohoku,197706,6.9,9.4
Tokyo,197706,9.5,12.7
Chubu,197706,7,10.7
Hokuriku,197706,6,8.6
Kansai,197706,7.6,11.5
Chugoku,197706,7.1,10.6
Shikoku,197706,7.2,10.8
Kyushu,197706,9.3,12.7
Okinawa,197706,12.77,18.73
Hokkaido,197705,9.5,13
Tohoku,197705,7.6,9.7
Tokyo,197705,5.1,8.3
Chubu,197705,6,9.5
Hokuriku,197705,5.4,7.4
Kansai,197705,6.6,10.2
Chugoku,197705,6,9.3
Shikoku,197705,6.3,10.9
Kyushu,197705,9.2,12.4
Okinawa,197705,16.74,22.68
Hokkaido,197704,2.8,6.9
Tohoku,197704,3.6,5.9
Tokyo,197704,-3.3,0.4
Chubu,197704,0.9,4.5
Hokuriku,197704,4.8,7.1
Kansai,197704,1,4.6
Chugoku,197704,1.6,4.9
Shikoku,197704,2.3,7
Kyushu,197704,3.5,7.1
Okinawa,197704,9.88,16.43
Hokkaido,197703,8.7,12
Tohoku,197703,8.7,11.2
Tokyo,197703,7.4,10.7
Chubu,197703,7.5,11
Hokuriku,197703,7.1,9.8
Kansai,197703,7.2,10.7
Chugoku,197703,8.3,11.2
Shikoku,197703,7,11.6
Kyushu,197703,9.6,13.1
Okinawa,197703,12.74,19.47
Hokkaido,197702,0.4,4.2
Tohoku,197702,1,4
Tokyo,197702,0.5,4.1
Chubu,197702,0.8,4.7
Hokuriku,197702,2.5,5.7
Kansai,197702,0.4,4.1
Chugoku,197702,-1,2.5
Shikoku,197702,0.7,5.6
Kyushu,197702,-0.5,3.7
Okinawa,197702,0.39,7.82
Hokkaido,197701,13.2,16.9
Tohoku,197701,9.3,12
Tokyo,197701,5.9,9.4
Chubu,197701,7.1,10.8
Hokuriku,197701,5.7,8.5
Kansai,197701,6.4,10.2
Chugoku,197701,8.5,11.5
Shikoku,197701,7.3,11
Kyushu,197701,9.1,12.8
Okinawa,197701,4.95,11.78
Hokkaido,197612,13.8,17.4
Tohoku,197612,10.8,13.3
Tokyo,197612,10.9,14.1
Chubu,197612,9.4,12.9
Hokuriku,197612,8.7,11.4
Kansai,197612,8.1,12
Chugoku,197612,9.8,12.7
Shikoku,197612,10.6,14
Kyushu,197612,12,15.3
Okinawa,197612,12.12,18.66
Hokkaido,197611,11.1,14.4
Tohoku,197611,7.8,10.2
Tokyo,197611,9.2,12.5
Chubu,197611,7.7,11.3
Hokuriku,197611,6.8,9.3
Kansai,197611,7.7,11.7
Chugoku,197611,8.1,11.3
Shikoku,197611,7,10.3
Kyushu,197611,9.1,12.4
Okinawa,197611,-0.07,7.75
Hokkaido,197610,13.7,17.1
Tohoku,197610,9.2,11.7
Tokyo,197610,6.6,9.8
Chubu,197610,4.9,8.5
Hokuriku,197610,6.8,9
Kansai,197610,4,8
Chugoku,197610,6.1,9.7
Shikoku,197610,6.7,10.3
Kyushu,197610,5.1,8.5
Okinawa,197610,1.83,9.66
Hokkaido,197609,7.1,10.5
Tohoku,197609,2.8,5.1
Tokyo,197609,-0.6,2.9
Chubu,197609,-1.3,2.3
Hokuriku,197609,3.8,5.6
Kansai,197609,-4.6,-0.5
Chugoku,197609,-4.3,-0.8
Shikoku,197609,-2.6,1.7
Kyushu,197609,-5.7,-1.8
Okinawa,197609,-5.25,2.45
Hokkaido,197608,10.3,13.7
Tohoku,197608,5.7,8.1
Tokyo,197608,3.1,6.5
Chubu,197608,5.8,9.3
Hokuriku,197608,5.4,7.8
Kansai,197608,5.5,9.4
Chugoku,197608,7,10.3
Shikoku,197608,7.4,11.2
Kyushu,197608,10.6,14
Okinawa,197608,10.63,16.62
Hokkaido,197607,12.5,15.8
Tohoku,197607,12.4,14.8
Tokyo,197607,11.7,14.8
Chubu,197607,11.8,15.1
Hokuriku,197607,10.6,13
Kansai,197607,14.6,18.1
Chugoku,197607,13.6,16.9
Shikoku,197607,12.6,16.1
Kyushu,197607,15.4,18.6
Okinawa,197607,11.53,17.78
Hokkaido,197606,9.9,12.9
Tohoku,197606,6.5,8.8
Tokyo,197606,9.6,12.7
Chubu,197606,7,10.3
Hokuriku,197606,5.6,7.8
Kansai,197606,8.5,12.3
Chugoku,197606,6.1,9.4
Shikoku,197606,6.1,9.3
Kyushu,197606,8.9,11.9
Okinawa,197606,12.15,18.45
Hokkaido,197605,8.9,12.3
Tohoku,197605,7.9,9.9
Tokyo,197605,3.9,7.1
Chubu,197605,6,9.4
Hokuriku,197605,5.6,7.6
Kansai,197605,6.4,10.2
Chugoku,197605,5.9,9.1
Shikoku,197605,6.4,9.8
Kyushu,197605,8,11.6
Okinawa,197605,15.33,21.85
Hokkaido,197604,5.1,9.1
Tohoku,197604,3.8,5.9
Tokyo,197604,1.9,5.2
Chubu,197604,1.3,4.7
Hokuriku,197604,4.5,6.4
Kansai,197604,1,4.8
Chugoku,197604,1.8,5
Shikoku,197604,3,6.4
Kyushu,197604,3.2,6.7
Okinawa,197604,10.28,17.21
Hokkaido,197603,8.9,12.8
Tohoku,197603,8.6,10.9
Tokyo,197603,4.6,7.9
Chubu,197603,8.4,11.7
Hokuriku,197603,7.3,9.8
Kansai,197603,8.5,12.1
Chugoku,197603,7.5,10.3
Shikoku,197603,6.6,10.2
Kyushu,197603,10.6,13.6
Okinawa,197603,,
Hokkaido,197602,0.9,4.8
Tohoku,197602,2.1,4.6
Tokyo,197602,2.3,5.4
Chubu,197602,-0.4,3.3
Hokuriku,197602,2.6,5.5
Kansai,197602,-1,2.9
Chugoku,197602,0.2,3.3
Shikoku,197602,2.2,6.2
Kyushu,197602,-0.1,3.5
Okinawa,197602,,
Hokkaido,197601,11.7,15.5
Tohoku,197601,9,11.6
Tokyo,197601,3.8,7.1
Chubu,197601,8.3,11.8
Hokuriku,197601,6.7,9.5
Kansai,197601,7.8,11.2
Chugoku,197601,8.3,11.5
Shikoku,197601,7,10.8
Kyushu,197601,8.4,11.6
Okinawa,197601,,
Hokkaido,197512,15.1,18.7
Tohoku,197512,11.7,14.3
Tokyo,197512,12.6,15.4
Chubu,197512,10.9,14.1
Hokuriku,197512,10.4,12.9
Kansai,197512,11.2,14.5
Chugoku,197512,11,14
Shikoku,197512,11.6,14.8
Kyushu,197512,14.3,17.1
Okinawa,197512,,
Hokkaido,197511,8.1,11.9
Tohoku,197511,7,9.7
Tokyo,197511,8.7,11.7
Chubu,197511,5,8.3
Hokuriku,197511,7.7,10.3
Kansai,197511,5.2,9
Chugoku,197511,6.2,9.2
Shikoku,197511,6.8,9.7
Kyushu,197511,5.6,8.8
Okinawa,197511,,
Hokkaido,197510,11.9,15.5
Tohoku,197510,7.2,10
Tokyo,197510,2.8,6
Chubu,197510,2.3,5.7
Hokuriku,197510,5.7,8
Kansai,197510,-0.6,3.2
Chugoku,197510,0.8,4.4
Shikoku,197510,3.3,7.2
Kyushu,197510,-0.6,3
Okinawa,197510,,
Hokkaido,197509,6.5,9.9
Tohoku,197509,1.8,4.9
Tokyo,197509,3.1,6.6
Chubu,197509,3.6,7.3
Hokuriku,197509,2.1,5.1
Kansai,197509,2.3,6.3
Chugoku,197509,0.9,5.2
Shikoku,197509,2.1,6.1
Kyushu,197509,1.4,5.2
Okinawa,197509,,
Hokkaido,197508,105.6,13.9
Tohoku,197508,9.3,12.1
Tokyo,197508,4.1,7.3
Chubu,197508,4,7.5
Hokuriku,197508,6.6,9.3
Kansai,197508,2.6,6.6
Chugoku,197508,5.8,9
Shikoku,197508,6.7,10.5
Kyushu,197508,7.5,10.7
Okinawa,197508,,
Hokkaido,197507,12.4,15.7
Tohoku,197507,12.1,14.4
Tokyo,197507,14.4,17.3
Chubu,197507,13.8,17
Hokuriku,197507,10.3,12.6
Kansai,197507,17.6,20.7
Chugoku,197507,15.2,17.9
Shikoku,197507,13.9,17.3
Kyushu,197507,19.6,22.2
Okinawa,197507,,
Hokkaido,197506,10.7,13.6
Tohoku,197506,6.5,8.7
Tokyo,197506,8.2,11.2
Chubu,197506,5.8,9.4
Hokuriku,197506,5.4,7.3
Kansai,197506,7.5,11.1
Chugoku,197506,6.7,9.3
Shikoku,197506,7.2,10.9
Kyushu,197506,9.1,12.4
Okinawa,197506,,
Hokkaido,197505,11.1,14.2
Tohoku,197505,8.6,10.5
Tokyo,197505,4.6,7.6
Chubu,197505,6.3,9.5
Hokuriku,197505,6.5,8
Kansai,197505,7.2,10.6
Chugoku,197505,5.9,8.4
Shikoku,197505,6.7,10.1
Kyushu,197505,8,11.5
Okinawa,197505,,
Hokkaido,197504,3.9,7.9
Tohoku,197504,3.4,5.4
Tokyo,197504,3,6.2
Chubu,197504,2.3,5.6
Hokuriku,197504,4.3,5.7
Kansai,197504,2.7,6.3
Chugoku,197504,1.3,3.9
Shikoku,197504,2.7,6.1
Kyushu,197504,4,7.4
Okinawa,197504,,
Hokkaido,197503,9.8,13.6
Tohoku,197503,9.3,11.7
Tokyo,197503,5.5,8.6
Chubu,197503,7.6,11.2
Hokuriku,197503,6.5,8.7
Kansai,197503,6.8,10.5
Chugoku,197503,7.7,10
Shikoku,197503,7.1,10.4
Kyushu,197503,9.1,12.4
Okinawa,197503,,
Hokkaido,197502,0.2,4.2
Tohoku,197502,1.6,4.3
Tokyo,197502,1.3,4.5
Chubu,197502,-0.6,3.3
Hokuriku,197502,3.2,5.5
Kansai,197502,-0.6,3.2
Chugoku,197502,-0.1,2.6
Shikoku,197502,2,4.8
Kyushu,197502,0.6,3.9
Okinawa,197502,,
Hokkaido,197501,9.7,13.6
Tohoku,197501,8.7,11.5
Tokyo,197501,1.6,4.8
Chubu,197501,8.9,12.4
Hokuriku,197501,5.9,8
Kansai,197501,9,12.4
Chugoku,197501,8.1,10.5
Shikoku,197501,7.6,10.5
Kyushu,197501,8.3,11.4
Okinawa,197501,,
Hokkaido,197412,14.8,18.2
Tohoku,197412,11.1,13.8
Tokyo,197412,11.1,14.3
Chubu,197412,9.1,12.5
Hokuriku,197412,8.5,10.7
Kansai,197412,8.3,11.7
Chugoku,197412,9.7,12.1
Shikoku,197412,11.6,14.3
Kyushu,197412,13,15.8
Okinawa,197412,,
Hokkaido,197411,9.2,12.3
Tohoku,197411,7.3,10
Tokyo,197411,8.3,11.7
Chubu,197411,6.2,9.8
Hokuriku,197411,7.6,9.9
Kansai,197411,6.4,10.07
Chugoku,197411,7.2,10
Shikoku,197411,7.6,10.9
Kyushu,197411,6.9,10.3
Okinawa,197411,,
Hokkaido,197410,12.4,15.1
Tohoku,197410,8,10.6
Tokyo,197410,6.6,10.1
Chubu,197410,6,9.5
Hokuriku,197410,6.1,8
Kansai,197410,5.6,9.2
Chugoku,197410,4.3,7.2
Shikoku,197410,4.6,7.5
Kyushu,197410,4.8,8.3
Okinawa,197410,,
Hokkaido,197409,6.76,9.79
Tohoku,197409,0.71,3.66
Tokyo,197409,-1.72,1.53
Chubu,197409,-1.98,1.72
Hokuriku,197409,1.08,3.45
Kansai,197409,-5.84,-1.64
Chugoku,197409,-3.66,-0.69
Shikoku,197409,-1.53,1.31
Kyushu,197409,-4.87,-0.99
Okinawa,197409,,
Hokkaido,197408,10.26,13.21
Tohoku,197408,9.86,12.27
Tokyo,197408,7.71,10.9
Chubu,197408,7.74,11.15
Hokuriku,197408,8.18,10.32
Kansai,197408,7.43,11.12
Chugoku,197408,8.52,11.2
Shikoku,197408,9.32,12.32
Kyushu,197408,10.57,13.84
Okinawa,197408,,
Hokkaido,197407,13.39,17.01
Tohoku,197407,9.45,11.7
Tokyo,197407,9.56,12.65
Chubu,197407,10.94,14.17
Hokuriku,197407,8.06,9.65
Kansai,197407,13.68,16.99
Chugoku,197407,12.18,14.65
Shikoku,197407,11.6,14.34
Kyushu,197407,16.18,19.02
Okinawa,197407,,
Hokkaido,197406,10.14,13.44
Tohoku,197406,7.26,9.33
Tokyo,197406,8.99,12.11
Chubu,197406,5.15,8.72
Hokuriku,197406,5.08,7.66
Kansai,197406,6.48,10.24
Chugoku,197406,5.61,8.54
Shikoku,197406,6.62,9.79
Kyushu,197406,7.11,10.38
Okinawa,197406,,
Hokkaido,197405,90.5,12.44
Tohoku,197405,7.81,9.5
Tokyo,197405,3.05,6.45
Chubu,197405,6.36,9.48
Hokuriku,197405,6.2,7.22
Kansai,197405,7.5,11.03
Chugoku,197405,6.28,8.99
Shikoku,197405,4.76,7.92
Kyushu,197405,8.39,11.9
Okinawa,197405,,
Hokkaido,197404,5.82,10.18
Tohoku,197404,3.08,5.14
Tokyo,197404,3.23,6.58
Chubu,197404,1.29,4.48
Hokuriku,197404,4.35,5.58
Kansai,197404,1.17,4.75
Chugoku,197404,0.47,3.23
Shikoku,197404,2.15,5.21
Kyushu,197404,2.55,6.25
Okinawa,197404,,
Hokkaido,197403,11.03,15.21
Tohoku,197403,10.24,12.68
Tokyo,197403,8.05,11.18
Chubu,197403,8.62,11.97
Hokuriku,197403,9.32,10.67
Kansai,197403,8.24,11.56
Chugoku,197403,8.24,10.81
Shikoku,197403,7.85,11.11
Kyushu,197403,10.53,13.85
Okinawa,197403,,
Hokkaido,197402,1.69,5.98
Tohoku,197402,1.74,4.32
Tokyo,197402,1.68,5.09
Chubu,197402,0.07,4.09
Hokuriku,197402,4.07,5.86
Kansai,197402,-1.32,2.47
Chugoku,197402,0.52,3.34
Shikoku,197402,2.65,6.06
Kyushu,197402,1.37,5.05
Okinawa,197402,,
Hokkaido,197401,8.89,13.33
Tohoku,197401,9.05,11.7
Tokyo,197401,3.79,7.24
Chubu,197401,9.04,12.62
Hokuriku,197401,6.37,8.17
Kansai,197401,7.94,11.33
Chugoku,197401,6.51,9.36
Shikoku,197401,6.43,10.23
Kyushu,197401,7.98,11.2
Okinawa,197401,,
Hokkaido,197312,12.44,16.37
Tohoku,197312,10.56,13.08
Tokyo,197312,9.15,12.39
Chubu,197312,8.61,12.1
Hokuriku,197312,8.76,10.57
Kansai,197312,7.86,11.19
Chugoku,197312,9.12,11.96
Shikoku,197312,10.66,14.27
Kyushu,197312,11.36,14.42
Okinawa,197312,,
Hokkaido,197311,9.14,13.03
Tohoku,197311,7.63,10.12
Tokyo,197311,7.78,11.07
Chubu,197311,6.1,9.57
Hokuriku,197311,7.29,9.01
Kansai,197311,6.17,10.02
Chugoku,197311,6.66,9.32
Shikoku,197311,7.47,11.19
Kyushu,197311,7.25,10.69
Okinawa,197311,,
Hokkaido,197310,13.1,16.85
Tohoku,197310,8.49,10.99
Tokyo,197310,4.99,8.39
Chubu,197310,6.56,10.23
Hokuriku,197310,6.42,7.75
Kansai,197310,5.03,8.57
Chugoku,197310,4.91,7.74
Shikoku,197310,6.3,9.8
Kyushu,197310,5.43,8.93
Okinawa,197310,,
Hokkaido,197309,5.92,9.87
Tohoku,197309,0.48,3.17
Tokyo,197309,-4.88,-1.13
Chubu,197309,-2.36,1.56
Hokuriku,197309,1.08,2.96
Kansai,197309,-5.84,-1.74
Chugoku,197309,-4.6,-1.66
Shikoku,197309,-3.33,0.26
Kyushu,197309,-6.13,-2.27
Okinawa,197309,,
Hokkaido,197308,10.81,14.76
Tohoku,197308,9.72,12.23
Tokyo,197308,7.74,10.97
Chubu,197308,7.6,11.17
Hokuriku,197308,7.24,9
Kansai,197308,7.1,10.65
Chugoku,197308,6.91,9.55
Shikoku,197308,7.49,12.67
Kyushu,197308,9.55,12.81
Okinawa,197308,,
Hokkaido,197307,12.92,16.81
Tohoku,197307,12.61,14.85
Tokyo,197307,13.88,16.82
Chubu,197307,12.2,15.67
Hokuriku,197307,10.12,11.59
Kansai,197307,14.39,17.51
Chugoku,197307,15.73,18.03
Shikoku,197307,13.45,16.91
Kyushu,197307,17.17,20.09
Okinawa,197307,,
Hokkaido,197306,10.09,13.55
Tohoku,197306,7.32,9.69
Tokyo,197306,7.78,10.76
Chubu,197306,6.3,9.91
Hokuriku,197306,6.01,7.45
Kansai,197306,7.6,10.98
Chugoku,197306,6.6,8.96
Shikoku,197306,7.39,10.73
Kyushu,197306,9.93,13.2
Okinawa,197306,,
Hokkaido,197305,12.27,15.86
Tohoku,197305,9.14,11.03
Tokyo,197305,4.6,7.72
Chubu,197305,7.43,10.72
Hokuriku,197305,5.68,7.2
Kansai,197305,8.07,11.21
Chugoku,197305,6.66,8.96
Shikoku,197305,5.33,8.08
Kyushu,197305,9.1,12.39
Okinawa,197305,,
Hokkaido,197304,5.16,9.5
Tohoku,197304,3.01,5.09
Tokyo,197304,2.7,5.95
Chubu,197304,0.91,4.27
Hokuriku,197304,4.28,5.72
Kansai,197304,0.74,4.1
Chugoku,197304,1.24,3.95
Shikoku,197304,2.88,6.2
Kyushu,197304,3.2,6.84
Okinawa,197304,,
Hokkaido,197303,11.7,16.05
Tohoku,197303,10.97,13.09
Tokyo,197303,9.08,12.22
Chubu,197303,9.22,12.53
Hokuriku,197303,8.39,10.26
Kansai,197303,8.65,12.06
Chugoku,197303,8.87,11.32
Shikoku,197303,8.2,11.7
Kyushu,197303,10.15,13.69
Okinawa,197303,,
Hokkaido,197302,1.38,6.07
Tohoku,197302,1.74,4.15
Tokyo,197302,1.33,4.71
Chubu,197302,0.51,4.2
Hokuriku,197302,3.78,5.48
Kansai,197302,0.18,8.74
Chugoku,197302,1.17,3.8
Shikoku,197302,2.4,5.9
Kyushu,197302,2.16,5.82
Okinawa,197302,,
Hokkaido,197301,11.44,15.86
Tohoku,197301,8.08,10.03
Tokyo,197301,6.08,9.26
Chubu,197301,7.78,11.18
Hokuriku,197301,5.68,7.12
Kansai,197301,8.42,11.71
Chugoku,197301,7.13,9.53
Shikoku,197301,5.7,9.1
Kyushu,197301,8.07,11.51
Okinawa,197301,,
Hokkaido,197212,12.76,16.95
Tohoku,197212,10.72,12.63
Tokyo,197212,10.76,13.82
Chubu,197212,9.96,13.22
Hokuriku,197212,9.68,11.33
Kansai,197212,8.6,11.83
Chugoku,197212,10,12.35
Shikoku,197212,11.5,14.9
Kyushu,197212,12,15.49
Okinawa,197212,,
Hokkaido,197211,8.94,12.95
Tohoku,197211,8.02,10.13
Tokyo,197211,8.35,1.63
Chubu,197211,7.73,11.13
Hokuriku,197211,8.25,10.1
Kansai,197211,8.29,11.71
Chugoku,197211,7.81,10.33
Shikoku,197211,7.5,10.6
Kyushu,197211,8.82,12.41
Okinawa,197211,,
Hokkaido,197210,11.93,15.58
Tohoku,197210,8.07,10.43
Tokyo,197210,3.47,6.96
Chubu,197210,5.61,9.32
Hokuriku,197210,5.72,7.63
Kansai,197210,3.69,7.42
Chugoku,197210,4.62,7.54
Shikoku,197210,4.9,8
Kyushu,197210,4.13,8.03
Okinawa,197210,,
Hokkaido,197209,7.81,12.09
Tohoku,197209,2.29,4.59
Tokyo,197209,0.69,4.2
Chubu,197209,1.08,4.71
Hokuriku,197209,4.06,5.67
Kansai,197209,-2.38,1.26
Chugoku,197209,-0.54,1.93
Shikoku,197209,0.52,3.76
Kyushu,197209,-1.45,2.41
Okinawa,197209,,
Hokkaido,197208,10.5,14.79
Tohoku,197208,7.63,10.01
Tokyo,197208,7.66,10.89
Chubu,197208,7.02,10.6
Hokuriku,197208,6.53,8.07
Kansai,197208,6.45,9.68
Chugoku,197208,7.52,10.03
Shikoku,197208,7.97,11.14
Kyushu,197208,9.43,13.01
Okinawa,197208,,
Hokkaido,197207,12.75,16.5
Tohoku,197207,10.84,13.07
Tokyo,197207,10.57,13.75
Chubu,197207,11.4,14.58
Hokuriku,197207,10.03,11.2
Kansai,197207,13.64,16.57
Chugoku,197207,13.44,15.68
Shikoku,197207,11.83,14.66
Kyushu,197207,16.38,19.39
Okinawa,197207,,
Hokkaido,197206,10.87,14.38
Tohoku,197206,7.9,10.15
Tokyo,197206,7.7,10.9
Chubu,197206,7.01,10.16
Hokuriku,197206,6.7,7.92
Kansai,197206,8.17,11.34
Chugoku,197206,6.33,8.68
Shikoku,197206,6.5,9.39
Kyushu,197206,10.01,13.13
Okinawa,197206,,
Hokkaido,197205,12.94,16.35
Tohoku,197205,8.84,10.38
Tokyo,197205,5.93,8.97
Chubu,197205,7.25,10.21
Hokuriku,197205,6.29,7.17
Kansai,197205,7.45,10.7
Chugoku,197205,7.2,9.46
Shikoku,197205,5.64,8.94
Kyushu,197205,9.45,12.37
Okinawa,197205,,
Hokkaido,197204,5.62,9.04
Tohoku,197204,4.01,5.69
Tokyo,197204,3.78,6.99
Chubu,197204,2.63,5.76
Hokuriku,197204,5.85,6.67
Kansai,197204,2.46,5.61
Chugoku,197204,1.97,4.51
Shikoku,197204,4.25,7.14
Kyushu,197204,3.31,6.73
Okinawa,197204,,
Hokkaido,197203,7.85,12.12
Tohoku,197203,7.73,9.94
Tokyo,197203,5.85,9.16
Chubu,197203,7.51,10.91
Hokuriku,197203,7.2,8.4
Kansai,197203,6.79,9.92
Chugoku,197203,7.3,9.88
Shikoku,197203,6.61,9.86
Kyushu,197203,8.96,12.2
Okinawa,197203,,
Hokkaido,197202,3.38,8.51
Tohoku,197202,4.24,6.5
Tokyo,197202,3.14,6.63
Chubu,197202,3.04,6.7
Hokuriku,197202,5.3,6.8
Kansai,197202,2.69,5.93
Chugoku,197202,3.36,6.27
Shikoku,197202,4.2,7.5
Kyushu,197202,3.83,7.13
Okinawa,197202,,
Hokkaido,197201,10.86,15.54
Tohoku,197201,7.41,9.65
Tokyo,197201,6.24,9.72
Chubu,197201,7.5,11.16
Hokuriku,197201,6.1,7.5
Kansai,197201,7,10.19
Chugoku,197201,7.12,9.86
Shikoku,197201,6.81,10.2
Kyushu,197201,8.91,12.27
Okinawa,197201,,
Hokkaido,197112,12.59,16.9
Tohoku,197112,10.43,12.64
Tokyo,197112,10.54,13.87
Chubu,197112,9.76,13.42
Hokuriku,197112,9.8,11.3
Kansai,197112,9.15,12.23
Chugoku,197112,10.95,13.75
Shikoku,197112,12.57,15.37
Kyushu,197112,13.31,16.61
Okinawa,197112,,
Hokkaido,197111,8.93,12.65
Tohoku,197111,7.22,9.57
Tokyo,197111,6.92,10.46
Chubu,197111,6.8,10.3
Hokuriku,197111,7.3,8.7
Kansai,197111,6.73,9.91
Chugoku,197111,7.15,10.02
Shikoku,197111,7.65,11.59
Kyushu,197111,8.23,11.65
Okinawa,197111,,
Hokkaido,197110,12.84,16.37
Tohoku,197110,8.24,10.63
Tokyo,197110,5.69,9.07
Chubu,197110,5.63,8.97
Hokuriku,197110,7,8.4
Kansai,197110,3.51,6.87
Chugoku,197110,3.86,6.77
Shikoku,197110,5.3,8.79
Kyushu,197110,9.93,7.25
Okinawa,197110,,
Hokkaido,197109,6.92,10.9
Tohoku,197109,2.19,4.57
Tokyo,197109,1,4.49
Chubu,197109,1.82,4.93
Hokuriku,197109,4.4,5.6
Kansai,197109,-0.18,3.14
Chugoku,197109,0.11,2.64
Shikoku,197109,2.16,4.94
Kyushu,197109,2.03,5.29
Okinawa,197109,,
Hokkaido,197108,9.51,13.33
Tohoku,197108,8,10.47
Tokyo,197108,5.11,8.63
Chubu,197108,6.18,9.64
Hokuriku,197108,6.76,8.07
Kansai,197108,5.12,8.44
Chugoku,197108,5.64,8.2
Shikoku,197108,7.42,10.56
Kyushu,197108,5.6,8.98
Okinawa,197108,,
Hokkaido,197107,11.9,15.64
Tohoku,197107,9.78,11.76
Tokyo,197107,11.45,14.68
Chubu,197107,11.54,14.7
Hokuriku,197107,9.73,10.71
Kansai,197107,14.2,17.16
Chugoku,197107,13.92,16.28
Shikoku,197107,14.3,17.67
Kyushu,197107,17.5,20.62
Okinawa,197107,,
Hokkaido,197106,11.08,14.42
Tohoku,197106,7.88,9.82
Tokyo,197106,8.55,11.96
Chubu,197106,6.92,10.2
Hokuriku,197106,6.81,7.75
Kansai,197106,8.97,11.93
Chugoku,197106,7.11,9.58
Shikoku,197106,8.44,11.73
Kyushu,197106,10.97,13.76
Okinawa,197106,,
Hokkaido,197105,11.47,14.8
Tohoku,197105,8.13,9.88
Tokyo,197105,5.06,8.57
Chubu,197105,6.54,9.93
Hokuriku,197105,6.07,7.05
Kansai,197105,7.15,10.57
Chugoku,197105,6.76,9.25
Shikoku,197105,7.42,11.42
Kyushu,197105,10.06,13.98
Okinawa,197105,,
Hokkaido,197104,5.66,9.58
Tohoku,197104,4.17,5.99
Tokyo,197104,2.93,6.52
Chubu,197104,1.78,5.31
Hokuriku,197104,5.7,6.6
Kansai,197104,0.54,3.67
Chugoku,197104,1.29,4.28
Shikoku,197104,5.08,8.66
Kyushu,197104,3.82,7.7
Okinawa,197104,,
Hokkaido,197103,10.77,15.68
Tohoku,197103,9.31,11.58
Tokyo,197103,8.63,12.09
Chubu,197103,9.03,12.6
Hokuriku,197103,7.6,8.85
Kansai,197103,8.84,11.99
Chugoku,197103,9.4,12.08
Shikoku,197103,8.12,11.44
Kyushu,197103,10.86,14.52
Okinawa,197103,,
Hokkaido,197102,2.5,7.93
Tohoku,197102,2.37,4.97
Tokyo,197102,1.36,5.02
Chubu,197102,0.95,4.79
Hokuriku,197102,4,5.54
Kansai,197102,0.48,3.78
Chugoku,197102,1.69,4.72
Shikoku,197102,2.94,6.56
Kyushu,197102,2.09,6.39
Okinawa,197102,,
Hokkaido,197101,10.12,15.16
Tohoku,197101,7.65,10.08
Tokyo,197101,6.28,9.93
Chubu,197101,7.84,11.57
Hokuriku,197101,5.75,7.23
Kansai,197101,7.53,10.77
Chugoku,197101,7.74,10.65
Shikoku,197101,8.42,11.94
Kyushu,197101,10.81,14.86
Okinawa,197101,,
Hokkaido,197012,12.39,17.07
Tohoku,197012,,
Tokyo,197012,11.73,15.15
Chubu,197012,9.88,13.38
Hokuriku,197012,89.51,10.31
Kansai,197012,9.36,12.44
Chugoku,197012,10.58,13.23
Shikoku,197012,12.7,15.92
Kyushu,197012,12.45,16.36
Okinawa,197012,,
Hokkaido,197011,8.98,13.32
Tohoku,197011,7.36,9.63
Tokyo,197011,6.68,10.3
Chubu,197011,6.59,10.25
Hokuriku,197011,6.78,8.17
Kansai,197011,6.58,9.91
Chugoku,197011,7.48,10.42
Shikoku,197011,7.83,11.71
Kyushu,197011,9.01,13.2
Okinawa,197011,,
Hokkaido,197010,12.55,16.85
Tohoku,197010,,
Tokyo,197010,5.28,8.76
Chubu,197010,4.63,8.42
Hokuriku,197010,6.02,7.48
Kansai,197010,2.22,5.83
Chugoku,197010,3.28,6.47
Shikoku,197010,4.52,7.98
Kyushu,197010,3.94,8.3
Okinawa,197010,,
Hokkaido,197009,8.49,13.1
Tohoku,197009,3.08,5.68
Tokyo,197009,1.96,5.63
Chubu,197009,3.48,7.2
Hokuriku,197009,4.33,5.82
Kansai,197009,1.45,5.06
Chugoku,197009,3.39,6.35
Shikoku,197009,4.36,7.73
Kyushu,197009,3.85,7.67
Okinawa,197009,,
Hokkaido,197008,9.23,13.93
Tohoku,197008,7.28,9.77
Tokyo,197008,6.11,9.67
Chubu,197008,6.62,10.13
Hokuriku,197008,6.82,8.36
Kansai,197008,6.61,9.98
Chugoku,197008,8.41,11.04
Shikoku,197008,9.04,12.31
Kyushu,197008,10.49,14.12
Okinawa,197008,,
Hokkaido,197007,12.4,16.54
Tohoku,197007,10.37,12.63
Tokyo,197007,11.62,14.86
Chubu,197007,11.64,14.79
Hokuriku,197007,8.77,10.17
Kansai,197007,14.24,17.15
Chugoku,197007,14.45,16.88
Shikoku,197007,14.56,17.48
Kyushu,197007,17.48,20.55
Okinawa,197007,,
Hokkaido,197006,12.2,15.86
Tohoku,197006,8.31,10.42
Tokyo,197006,7.86,11.16
Chubu,197006,6.61,9.84
Hokuriku,197006,6.27,7.52
Kansai,197006,7.17,10.06
Chugoku,197006,6.23,8.67
Shikoku,197006,7.43,10.6
Kyushu,197006,9.63,13.15
Okinawa,197006,,
Hokkaido,197005,10.45,13.65
Tohoku,197005,8,9.78
Tokyo,197005,5.73,9.15
Chubu,197005,6.46,9.71
Hokuriku,197005,5.59,6.76
Kansai,197005,6.37,9.31
Chugoku,197005,5.99,8.28
Shikoku,197005,6.86,9.89
Kyushu,197005,9.31,12.62
Okinawa,197005,,
Hokkaido,197004,5.92,10.25
Tohoku,197004,3.59,5.64
Tokyo,197004,3.52,7.19
Chubu,197004,2.25,5.62
Hokuriku,197004,4.94,6.08
Kansai,197004,1.58,4.96
Chugoku,197004,1.52,4.02
Shikoku,197004,3.76,7.16
Kyushu,197004,4.29,8.22
Okinawa,197004,,
Hokkaido,197003,12.9,17.68
Tohoku,197003,10.75,13.13
Tokyo,197003,9.01,12.57
Chubu,197003,9.8,13.15
Hokuriku,197003,7.98,9.32
Kansai,197003,9.3,12.44
Chugoku,197003,10.42,13.23
Shikoku,197003,9.82,13.54
Kyushu,197003,12.38,16.54
Okinawa,197003,,
Hokkaido,197002,1.99,7.35
Tohoku,197002,3.02,5.73
Tokyo,197002,1.03,4.89
Chubu,197002,1.58,5.17
Hokuriku,197002,3.98,5.71
Kansai,197002,0.55,4.11
Chugoku,197002,1.34,4.55
Shikoku,197002,2.33,6.54
Kyushu,197002,2.51,7.29
Okinawa,197002,,
Hokkaido,197001,11.37,16.33
Tohoku,197001,9.07,11.53
Tokyo,197001,6.37,10.14
Chubu,197001,8.98,12.55
Hokuriku,197001,6.38,8.05
Kansai,197001,7.76,11.23
Chugoku,197001,8.64,11.8
Shikoku,197001,8.34,12.26
Kyushu,197001,11.37,15.54
Okinawa,197001,,
Hokkaido,196912,12.92,17.51
Tohoku,196912,10.2,12.51
Tokyo,196912,11.87,15.13
Chubu,196912,10.02,13.51
Hokuriku,196912,8.75,10.24
Kansai,196912,92.9,12.48
Chugoku,196912,11.2,14.21
Shikoku,196912,13.57,17.28
Kyushu,196912,12.95,17.06
Okinawa,196912,,
Hokkaido,196911,10.21,14.46
Tohoku,196911,8.35,10.79
Tokyo,196911,6.55,10.24
Chubu,196911,7.3,11.08
Hokuriku,196911,6.76,8.36
Kansai,196911,7.68,11.29
Chugoku,196911,9.14,12.53
Shikoku,196911,9.83,13.9
Kyushu,196911,10.99,15.53
Okinawa,196911,,
Hokkaido,196910,13.14,17.06
Tohoku,196910,8.34,10.74
Tokyo,196910,6.14,9.71
Chubu,196910,4.9,8.75
Hokuriku,196910,6.15,7.72
Kansai,196910,3.3,7.08
Chugoku,196910,4.84,8.42
Shikoku,196910,4.62,8.04
Kyushu,196910,3.57,8.42
Okinawa,196910,,
Hokkaido,196909,8.67,12.43
Tohoku,196909,4.78,7.2
Tokyo,196909,1.67,5.44
Chubu,196909,3.82,7.23
Hokuriku,196909,4.29,5.84
Kansai,196909,1.88,5.47
Chugoku,196909,3.39,6.92
Shikoku,196909,3.2,7.27
Kyushu,196909,5.06,9.21
Okinawa,196909,,
Hokkaido,196908,9.89,13.77
Tohoku,196908,6.7,8.99
Tokyo,196908,6.27,9.83
Chubu,196908,7.41,10.52
Hokuriku,196908,7.33,8.57
Kansai,196908,7.26,10.42
Chugoku,196908,8.83,11.87
Shikoku,196908,11.05,14.46
Kyushu,196908,10.7,14.88
Okinawa,196908,,
Hokkaido,196907,12.95,16.95
Tohoku,196907,10.38,12.56
Tokyo,196907,12.24,15.77
Chubu,196907,11.61,14.62
Hokuriku,196907,8.91,9.92
Kansai,196907,13.58,16.52
Chugoku,196907,13.63,16.24
Shikoku,196907,14.26,16.92
Kyushu,196907,16.97,20.31
Okinawa,196907,,
Hokkaido,196906,12.7,16.03
Tohoku,196906,8.37,10.57
Tokyo,196906,7.38,10.96
Chubu,196906,6.56,10.08
Hokuriku,196906,6.26,7.41
Kansai,196906,6.86,10.15
Chugoku,196906,6.93,9.98
Shikoku,196906,8.4,12.24
Kyushu,196906,9.08,13.46
Okinawa,196906,,
Hokkaido,196905,12.24,15.34
Tohoku,196905,9.08,10.97
Tokyo,196905,6.62,10.24
Chubu,196905,7.49,10.89
Hokuriku,196905,6.71,7.5
Kansai,196905,7.25,10.49
Chugoku,196905,6.46,9.5
Shikoku,196905,7.54,11.34
Kyushu,196905,9.67,14.09
Okinawa,196905,,
Hokkaido,196904,7.33,11.26
Tohoku,196904,4.36,6.12
Tokyo,196904,3.45,7.14
Chubu,196904,3.05,6.18
Hokuriku,196904,5.94,6.76
Kansai,196904,2.15,5.15
Chugoku,196904,1.94,4.88
Shikoku,196904,4.41,8.06
Kyushu,196904,4.16,8.48
Okinawa,196904,,
Hokkaido,196903,11.96,16.53
Tohoku,196903,10.13,12.35
Tokyo,196903,8.03,11.81
Chubu,196903,9.05,12.42
Hokuriku,196903,8.16,9.42
Kansai,196903,8.77,11.84
Chugoku,196903,9.72,12.64
Shikoku,196903,9.6,13.13
Kyushu,196903,11.31,15.33
Okinawa,196903,,
Hokkaido,196902,2.8,7.78
Tohoku,196902,3.58,6.11
Tokyo,196902,2.41,6.28
Chubu,196902,1.33,4.73
Hokuriku,196902,4.89,6.32
Kansai,196902,1.61,4.86
Chugoku,196902,1.83,4.78
Shikoku,196902,3.91,12.5
Kyushu,196902,3.05,7.5
Okinawa,196902,,
Hokkaido,196901,11.83,16.47
Tohoku,196901,9.28,11.68
Tokyo,196901,9.41,11.13
Chubu,196901,6.8,13.11
Hokuriku,196901,8.58,8.23
Kansai,196901,9.54,11.74
Chugoku,196901,9.26,12.52
Shikoku,196901,14.6,12.5
Kyushu,196901,8.66,
Okinawa,196901,,
Hokkaido,196812,11.53,15.85
Tohoku,196812,9.89,12.1
Tokyo,196812,10.58,14.3
Chubu,196812,9.79,13.51
Hokuriku,196812,8.16,9.47
Kansai,196812,9.17,12.39
Chugoku,196812,11.42,14.56
Shikoku,196812,13.67,17.24
Kyushu,196812,11.62,16.06
Okinawa,196812,,
Hokkaido,196811,9.35,13.9
Tohoku,196811,7.66,
Tokyo,196811,6.17,10.33
Chubu,196811,6.89,10.94
Hokuriku,196811,6.75,8.14
Kansai,196811,6.6,10.12
Chugoku,196811,8.8,12.27
Shikoku,196811,9.14,13.11
Kyushu,196811,9.5,14.1
Okinawa,196811,,
Hokkaido,196810,13.39,17.52
Tohoku,196810,96.8,12.22
Tokyo,196810,8.08,11.89
Chubu,196810,7.22,10.96
Hokuriku,196810,6.26,7.64
Kansai,196810,5.89,9.63
Chugoku,196810,6.64,10.12
Shikoku,196810,7.79,11.6
Kyushu,196810,5.75,10.28
Okinawa,196810,,
Hokkaido,196809,9.51,13.58
Tohoku,196809,4.82,7.45
Tokyo,196809,0.78,4.69
Chubu,196809,2.62,6.18
Hokuriku,196809,4,5.4
Kansai,196809,0.2,4.03
Chugoku,196809,1.66,5.25
Shikoku,196809,2.89,5.48
Kyushu,196809,2.94,7.34
Okinawa,196809,,
Hokkaido,196808,9.91,14.06
Tohoku,196808,7.53,10.22
Tokyo,196808,6.95,10.75
Chubu,196808,7.52,12.66
Hokuriku,196808,6.68,8.13
Kansai,196808,7.33,10.85
Chugoku,196808,9.39,12.58
Shikoku,196808,11.78,13.86
Kyushu,196808,11.19,15.19
Okinawa,196808,,
Hokkaido,196807,13.81,18.01
Tohoku,196807,10.43,12.92
Tokyo,196807,11.7,15.27
Chubu,196807,11.4,14.7
Hokuriku,196807,8.16,9.51
Kansai,196807,12.25,15.42
Chugoku,196807,13.97,17.3
Shikoku,196807,12.28,14.72
Kyushu,196807,16.02,19.25
Okinawa,196807,,
Hokkaido,196806,12.19,15.63
Tohoku,196806,8.31,10.29
Tokyo,196806,7.02,10.7
Chubu,196806,6.92,10.71
Hokuriku,196806,6.25,7.41
Kansai,196806,7.67,11.09
Chugoku,196806,7.36,11.11
Shikoku,196806,9.35,12.58
Kyushu,196806,9.65,14.27
Okinawa,196806,,
Hokkaido,196805,13.48,16.5
Tohoku,196805,8.9,10.54
Tokyo,196805,7.15,10.66
Chubu,196805,8.19,11.51
Hokuriku,196805,7.39,8.04
Kansai,196805,8.12,11.1
Chugoku,196805,7.58,11.12
Shikoku,196805,7.97,10.61
Kyushu,196805,10.57,15.19
Okinawa,196805,,
Hokkaido,196804,7.77,11.34
Tohoku,196804,5.11,6.83
Tokyo,196804,3.74,7.45
Chubu,196804,3.06,6.48
Hokuriku,196804,6.38,7.08
Kansai,196804,2.8,5.92
Chugoku,196804,2.29,5.53
Shikoku,196804,4.82,7.27
Kyushu,196804,4.54,8.98
Okinawa,196804,,
Hokkaido,196803,10.23,14.91
Tohoku,196803,8.68,10.93
Tokyo,196803,7.36,11.25
Chubu,196803,7.54,11.28
Hokuriku,196803,7.7,9.11
Kansai,196803,6.55,9.79
Chugoku,196803,7.28,10.23
Shikoku,196803,8.86,11.62
Kyushu,196803,8.86,13.34
Okinawa,196803,,
Hokkaido,196802,5.89,10.94
Tohoku,196802,5.99,8.63
Tokyo,196802,4.18,8.21
Chubu,196802,4.04,8.28
Hokuriku,196802,5.25,6.96
Kansai,196802,2.94,6.68
Chugoku,196802,4.99,8.73
Shikoku,196802,5.45,8.76
Kyushu,196802,6.08,10.85
Okinawa,196802,,
Hokkaido,196801,9.9,14.33
Tohoku,196801,8.99,11.5
Tokyo,196801,6.97,11.09
Chubu,196801,84.4,12.44
Hokuriku,196801,6.65,8.23
Kansai,196801,7.84,11.37
Chugoku,196801,8.58,12.07
Shikoku,196801,8.88,12.09
Kyushu,196801,9.99,14.55
Okinawa,196801,,
Hokkaido,196712,11.09,15.22
Tohoku,196712,10.12,12.48
Tokyo,196712,10.36,14.15
Chubu,196712,10.69,14.51
Hokuriku,196712,9.18,10.61
Kansai,196712,10.28,13.67
Chugoku,196712,12.57,16.07
Shikoku,196712,14.18,17.21
Kyushu,196712,13.65,18.1
Okinawa,196712,,
Hokkaido,196711,8.49,12.53
Tohoku,196711,7.87,10.34
Tokyo,196711,8.45,12.42
Chubu,196711,7.97,11.99
Hokuriku,196711,7.29,8.63
Kansai,196711,7.67,11.22
Chugoku,196711,9.65,13.52
Shikoku,196711,9.2,12.56
Kyushu,196711,10.69,15.49
Okinawa,196711,,
Hokkaido,196710,12.68,16.69
Tohoku,196710,9.04,11.46
Tokyo,196710,7.06,10.96
Chubu,196710,6.21,10.61
Hokuriku,196710,5.67,7.15
Kansai,196710,4.79,8.64
Chugoku,196710,6.84,10.99
Shikoku,196710,6.76,10.32
Kyushu,196710,6.62,11.81
Okinawa,196710,,
Hokkaido,196709,8.61,12.78
Tohoku,196709,4.89,7.55
Tokyo,196709,1.36,5.65
Chubu,196709,4.08,8.09
Hokuriku,196709,4.89,6.33
Kansai,196709,0.69,4.62
Chugoku,196709,2.62,6.89
Shikoku,196709,3.7,7.5
Kyushu,196709,3.41,8.6
Okinawa,196709,,
Hokkaido,196708,9.8,13.88
Tohoku,196708,7.92,10.62
Tokyo,196708,8.43,12.53
Chubu,196708,7.93,11.75
Hokuriku,196708,6.19,7.6
Kansai,196708,7.69,11.39
Chugoku,196708,11.18,15.07
Shikoku,196708,11.6,14.5
Kyushu,196708,11.72,16.08
Okinawa,196708,,
Hokkaido,196707,12.06,15.05
Tohoku,196707,9.7,12.19
Tokyo,196707,11.23,14.98
Chubu,196707,11.43,14.59
Hokuriku,196707,7.67,8.96
Kansai,196707,12.4,15.69
Chugoku,196707,13.9,17.08
Shikoku,196707,14.1,16.6
Kyushu,196707,14.74,18.62
Okinawa,196707,,
Hokkaido,196706,12.37,15.31
Tohoku,196706,8.39,10.92
Tokyo,196706,8.9,12.81
Chubu,196706,7.94,12.1
Hokuriku,196706,6.51,7.86
Kansai,196706,8.27,11.85
Chugoku,196706,9.38,13.2
Shikoku,196706,9.21,12.5
Kyushu,196706,10.07,14.86
Okinawa,196706,,
Hokkaido,196705,12.41,15.03
Tohoku,196705,8.97,10.95
Tokyo,196705,76.9,11.38
Chubu,196705,8.37,11.48
Hokuriku,196705,6.61,7.43
Kansai,196705,8.31,11.34
Chugoku,196705,8.52,11.59
Shikoku,196705,9.84,12.37
Kyushu,196705,10.39,14.31
Okinawa,196705,,
Hokkaido,196704,7.04,10.15
Tohoku,196704,5.24,7.06
Tokyo,196704,3.21,7.08
Chubu,196704,4.2,7.09
Hokuriku,196704,5.88,6.63
Kansai,196704,3.57,6.72
Chugoku,196704,3.57,6.62
Shikoku,196704,7.27,8.95
Kyushu,196704,6.11,9.53
Okinawa,196704,,
Hokkaido,196703,11.42,15.42
Tohoku,196703,9.89,12.14
Tokyo,196703,8.92,12.85
Chubu,196703,9.85,13.16
Hokuriku,196703,8.84,9.81
Kansai,196703,9.46,12.69
Chugoku,196703,10.47,13.75
Shikoku,196703,10.34,12.81
Kyushu,196703,11.45,15.64
Okinawa,196703,,
Hokkaido,196702,4,8.55
Tohoku,196702,4.38,7.32
Tokyo,196702,2.12,6.46
Chubu,196702,2.13,6.18
Hokuriku,196702,4.39,6.15
Kansai,196702,0.86,6.15
Chugoku,196702,3.02,6.74
Shikoku,196702,4.61,8.17
Kyushu,196702,4.49,9.19
Okinawa,196702,,
Hokkaido,196701,9.6,13.8
Tohoku,196701,9.32,12.17
Tokyo,196701,7.74,11.98
Chubu,196701,8.53,
Hokuriku,196701,6.62,8.24
Kansai,196701,8.4,12.05
Chugoku,196701,9.19,12.82
Shikoku,196701,9.38,12.85
Kyushu,196701,10.19,14.54
Okinawa,196701,,
Hokkaido,196612,11.12,14.74
Tohoku,196612,10.31,12.92
Tokyo,196612,11.05,15.11
Chubu,196612,10.96,14.75
Hokuriku,196612,8.97,10.44
Kansai,196612,10.41,13.86
Chugoku,196612,12.17,15.89
Shikoku,196612,13.69,17.11
Kyushu,196612,12.69,16.92
Okinawa,196612,,
Hokkaido,196611,8.95,11.86
Tohoku,196611,8.53,11.14
Tokyo,196611,8.52,12.69
Chubu,196611,8.51,12.42
Hokuriku,196611,7.49,8.96
Kansai,196611,8.49,12.08
Chugoku,196611,10.39,14.43
Shikoku,196611,9.74,13.55
Kyushu,196611,11.36,15.6
Okinawa,196611,,
Hokkaido,196610,12.66,16.01
Tohoku,196610,8.32,10.97
Tokyo,196610,7.18,11.13
Chubu,196610,6.47,9.94
Hokuriku,196610,6.23,7.7
Kansai,196610,5.72,9.3
Chugoku,196610,6.43,10.34
Shikoku,196610,8.23,11.31
Kyushu,196610,8.02,12.15
Okinawa,196610,,
Hokkaido,196609,7.41,10.74
Tohoku,196609,5.44,8.48
Tokyo,196609,2.13,6.51
Chubu,196609,4.73,8.24
Hokuriku,196609,5.38,6.68
Kansai,196609,2.68,6.37
Chugoku,196609,3.14,7.02
Shikoku,196609,6.53,8.32
Kyushu,196609,4.73,8.28
Okinawa,196609,,
Hokkaido,196608,10.48,13.22
Tohoku,196608,9.72,12.46
Tokyo,196608,8.55,12.7
Chubu,196608,8.33,12.05
Hokuriku,196608,7.29,8.79
Kansai,196608,8.57,12.19
Chugoku,196608,11.67,15.54
Shikoku,196608,11.1,13.86
Kyushu,196608,12.03,15.89
Okinawa,196608,,
Hokkaido,196607,11.85,14.56
Tohoku,196607,9.47,11.2
Tokyo,196607,11.17,14.84
Chubu,196607,12.19,15.11
Hokuriku,196607,9.05,9.55
Kansai,196607,13.53,16.49
Chugoku,196607,14.4,17.49
Shikoku,196607,14.98,17.23
Kyushu,196607,15.56,18.76
Okinawa,196607,,
Hokkaido,196606,12.97,15.44
Tohoku,196606,8.47,10.25
Tokyo,196606,8.85,12.74
Chubu,196606,8.04,11.06
Hokuriku,196606,7.95,8.29
Kansai,196606,9.51,12.53
Chugoku,196606,8.79,11.9
Shikoku,196606,10.38,11.82
Kyushu,196606,10.62,13.98
Okinawa,196606,,
Hokkaido,196605,11.43,13.59
Tohoku,196605,9.56,10.97
Tokyo,196605,7.01,11.07
Chubu,196605,8.2,11.47
Hokuriku,196605,7.63,8.01
Kansai,196605,8.62,11.6
Chugoku,196605,8.17,10.97
Shikoku,196605,9.51,11.29
Kyushu,196605,10.65,14.25
Okinawa,196605,,
Hokkaido,196604,8.46,12.17
Tohoku,196604,5.9,7.56
Tokyo,196604,4.39,8.47
Chubu,196604,4.6,7.68
Hokuriku,196604,6.25,6.97
Kansai,196604,4.65,7.87
Chugoku,196604,3.83,6.96
Shikoku,196604,7.95,10.23
Kyushu,196604,7.01,10.73
Okinawa,196604,,
Hokkaido,196603,11.74,15.56
Tohoku,196603,10.56,12.13
Tokyo,196603,10.36,14.28
Chubu,196603,10.78,13.57
Hokuriku,196603,9.5,10.34
Kansai,196603,11.4,14.3
Chugoku,196603,11.07,13.94
Shikoku,196603,10.41,12.2
Kyushu,196603,12.11,15.62
Okinawa,196603,,
Hokkaido,196602,5.47,10.05
Tohoku,196602,4.53,7.07
Tokyo,196602,2.08,6.8
Chubu,196602,1.87,5.99
Hokuriku,196602,5.58,7.16
Kansai,196602,1.54,5.3
Chugoku,196602,2.19,6.2
Shikoku,196602,3.53,7.03
Kyushu,196602,4.12,8.91
Okinawa,196602,,
Hokkaido,196601,9.55,13.7
Tohoku,196601,9.27,11.62
Tokyo,196601,7.98,12.35
Chubu,196601,8.78,12.74
Hokuriku,196601,8.13,9.77
Kansai,196601,9.54,13.09
Chugoku,196601,9.6,12.85
Shikoku,196601,8.68,11.83
Kyushu,196601,10.48,14.7
Okinawa,196601,,
Hokkaido,196512,10.77,14.58
Tohoku,196512,11.08,13.1
Tokyo,196512,11.96,16.06
Chubu,196512,11.07,14.75
Hokuriku,196512,10.37,11.71
Kansai,196512,11.94,15.21
Chugoku,196512,13.32,16.35
Shikoku,196512,13.17,16.48
Kyushu,196512,13.69,17.85
Okinawa,196512,,
Hokkaido,196511,10.25,14.03
Tohoku,196511,9.46,11.84
Tokyo,196511,8.9,13.23
Chubu,196511,8.24,12.36
Hokuriku,196511,8.19,9.2
Kansai,196511,9.48,13.03
Chugoku,196511,10.48,14
Shikoku,196511,9.1,12.48
Kyushu,196511,11.39,15.89
Okinawa,196511,,
Hokkaido,196510,12.96,16.06
Tohoku,196510,10.25,13.24
Tokyo,196510,7.92,12.49
Chubu,196510,7.09,11.49
Hokuriku,196510,7.69,8.82
Kansai,196510,7.83,11.8
Chugoku,196510,8.49,12.31
Shikoku,196510,8.48,11.45
Kyushu,196510,10.17,14.62
Okinawa,196510,,
Hokkaido,196509,8.13,11.16
Tohoku,196509,5.92,8.73
Tokyo,196509,4.43,8.62
Chubu,196509,4.3,8.2
Hokuriku,196509,5.65,6.62
Kansai,196509,2.34,6.2
Chugoku,196509,3.17,6.38
Shikoku,196509,4.48,6.72
Kyushu,196509,4.65,8.98
Okinawa,196509,,
Hokkaido,196508,11.08,15.21
Tohoku,196508,10.11,12.72
Tokyo,196508,8.23,12.43
Chubu,196508,8,12
Hokuriku,196508,7.59,8.48
Kansai,196508,8.97,12.57
Chugoku,196508,10.35,13.75
Shikoku,196508,10.44,12.83
Kyushu,196508,10.38,13.92
Okinawa,196508,,
Hokkaido,196507,12.58,15.7
Tohoku,196507,9.64,11.15
Tokyo,196507,11.01,14.57
Chubu,196507,12.1,15
Hokuriku,196507,9.15,9.83
Kansai,196507,14.11,16.85
Chugoku,196507,14.16,16.82
Shikoku,196507,12.4,13.91
Kyushu,196507,15.9,18.47
Okinawa,196507,,
Hokkaido,196506,13.18,15.6
Tohoku,196506,9.34,10.62
Tokyo,196506,9.81,13.18
Chubu,196506,8,11
Hokuriku,196506,7.74,8.42
Kansai,196506,9.84,12.72
Chugoku,196506,8.72,11.59
Shikoku,196506,9.03,10.66
Kyushu,196506,10.37,13.69
Okinawa,196506,,
Hokkaido,196505,12.04,14.07
Tohoku,196505,3.98,10.22
Tokyo,196505,6.8,10.51
Chubu,196505,8.2,11.7
Hokuriku,196505,7.47,7.8
Kansai,196505,8.93,11.69
Chugoku,196505,7.99,10.55
Shikoku,196505,9.07,10.73
Kyushu,196505,10.6,13.89
Okinawa,196505,,
Hokkaido,196504,7.46,11.46
Tohoku,196504,6.71,8.69
Tokyo,196504,4.51,8.99
Chubu,196504,5.1,9.3
Hokuriku,196504,6.16,7.03
Kansai,196504,4.39,7.86
Chugoku,196504,4.67,7.76
Shikoku,196504,7.46,10.14
Kyushu,196504,7.21,11.69
Okinawa,196504,,
Hokkaido,196503,13.76,17.91
Tohoku,196503,10.72,14.1
Tokyo,196503,10.82,15.22
Chubu,196503,10.5,14.9
Hokuriku,196503,9.91,11.11
Kansai,196503,10.42,13.7
Chugoku,196503,11.74,15.11
Shikoku,196503,10.99,13.6
Kyushu,196503,12.79,17.07
Okinawa,196503,,
Hokkaido,196502,5.7,10.09
Tohoku,196502,5.99,8.74
Tokyo,196502,2.92,7.59
Chubu,196502,3.2,7.7
Hokuriku,196502,6.36,7.65
Kansai,196502,2.59,6.03
Chugoku,196502,3.48,6.88
Shikoku,196502,5.18,7.9
Kyushu,196502,5.3,9.72
Okinawa,196502,,
Hokkaido,196501,9.61,13.55
Tohoku,196501,9.4,11.7
Tokyo,196501,8.24,12.69
Chubu,196501,8.9,13
Hokuriku,196501,8.76,9.93
Kansai,196501,9.91,13.53
Chugoku,196501,10.49,14.04
Shikoku,196501,10.67,13.47
Kyushu,196501,11.58,15.87
Okinawa,196501,,
Hokkaido,196412,11.23,15.33
Tohoku,196412,10.89,12.9
Tokyo,196412,11.79,15.92
Chubu,196412,10.7,15
Hokuriku,196412,9.48,10.54
Kansai,196412,11.15,14.61
Chugoku,196412,12.81,16.37
Shikoku,196412,13.1,15.77
Kyushu,196412,12.94,17.13
Okinawa,196412,,
Hokkaido,196411,10.27,14.23
Tohoku,196411,8.65,10.92
Tokyo,196411,7.37,11.46
Chubu,196411,7.2,11.4
Hokuriku,196411,7.94,8.94
Kansai,196411,8.92,12.58
Chugoku,196411,9.08,12.81
Shikoku,196411,8.67,11.33
Kyushu,196411,11.14,15.42
Okinawa,196411,,
Hokkaido,196410,13.8,17.43
Tohoku,196410,9.99,11.87
Tokyo,196410,9.46,13.29
Chubu,196410,7.9,11.4
Hokuriku,196410,7.62,8.54
Kansai,196410,8.73,11.89
Chugoku,196410,7.68,11.28
Shikoku,196410,9.14,11.05
Kyushu,196410,9.6,13.68
Okinawa,196410,,
Hokkaido,196409,9.24,11.63
Tohoku,196409,6.77,8.91
Tokyo,196409,3.86,8.15
Chubu,196409,5.6,9.7
Hokuriku,196409,6.75,7.73
Kansai,196409,5.35,9.13
Chugoku,196409,5.64,9.12
Shikoku,196409,6.54,8.63
Kyushu,196409,7.55,11.26
Okinawa,196409,,
Hokkaido,196408,11.23,13.55
Tohoku,196408,9.88,12.66
Tokyo,196408,8.41,12.52
Chubu,196408,8.3,12.5
Hokuriku,196408,7.21,8.2
Kansai,196408,9.58,13.37
Chugoku,196408,10.69,14.49
Shikoku,196408,11.07,13.51
Kyushu,196408,10.78,14.15
Okinawa,196408,,
Hokkaido,196407,13.03,15.88
Tohoku,196407,10.26,11.83
Tokyo,196407,11.95,15.49
Chubu,196407,12.1,15.4
Hokuriku,196407,8.4,9.03
Kansai,196407,14.86,17.76
Chugoku,196407,14.53,17.69
Shikoku,196407,12.99,15.27
Kyushu,196407,14.74,18.26
Okinawa,196407,,
Hokkaido,196406,13.39,15.62
Tohoku,196406,9.66,12.3
Tokyo,196406,9.56,13.63
Chubu,196406,7.9,12.3
Hokuriku,196406,6.92,7.84
Kansai,196406,9.68,13.46
Chugoku,196406,9.56,13.3
Shikoku,196406,10.11,12.24
Kyushu,196406,11.12,14.91
Okinawa,196406,,
Hokkaido,196405,13.05,15.24
Tohoku,196405,10.36,12.63
Tokyo,196405,8.24,12.34
Chubu,196405,9.1,12.8
Hokuriku,196405,7.07,7.88
Kansai,196405,10.14,13.38
Chugoku,196405,10.04,13.11
Shikoku,196405,10.58,11.96
Kyushu,196405,11.02,14.6
Okinawa,196405,,
Hokkaido,196404,9.04,11.68
Tohoku,196404,7.18,8.48
Tokyo,196404,5.37,9.11
Chubu,196404,4.9,8.2
Hokuriku,196404,6.28,6.73
Kansai,196404,5.94,8.65
Chugoku,196404,4.47,6.41
Shikoku,196404,7.87,8.89
Kyushu,196404,7.63,11.5
Okinawa,196404,,
Hokkaido,196403,11.19,15.3
Tohoku,196403,11.23,13.7
Tokyo,196403,8.77,13.29
Chubu,196403,8.8,13.3
Hokuriku,196403,9.58,10.1
Kansai,196403,9.3,13.2
Chugoku,196403,10.05,12.92
Shikoku,196403,10.26,12.52
Kyushu,196403,10.62,14.79
Okinawa,196403,,
Hokkaido,196402,6.84,11.23
Tohoku,196402,7.86,10.74
Tokyo,196402,5.59,10.2
Chubu,196402,4.5,9.1
Hokuriku,196402,8.4,8.93
Kansai,196402,6.12,9.85
Chugoku,196402,6.18,9.34
Shikoku,196402,7.67,10.05
Kyushu,196402,8.35,12.42
Okinawa,196402,,
Hokkaido,196401,10.21,14.01
Tohoku,196401,9.75,12.05
Tokyo,196401,97,14.12
Chubu,196401,10.1,14.5
Hokuriku,196401,8.6,9.08
Kansai,196401,11.08,14.78
Chugoku,196401,11.05,14.38
Shikoku,196401,11.22,13.89
Kyushu,196401,11.21,15.28
Okinawa,196401,,
Hokkaido,196312,10.67,14.1
Tohoku,196312,13.5,13.52
Tokyo,196312,11.76,16.03
Chubu,196312,10.9,15.3
Hokuriku,196312,9.55,9.96
Kansai,196312,12.06,15.89
Chugoku,196312,13.42,17.14
Shikoku,196312,14.26,17.3
Kyushu,196312,13.39,17.66
Okinawa,196312,,
Hokkaido,196311,8.89,12.19
Tohoku,196311,9.84,12.23
Tokyo,196311,8.58,13.22
Chubu,196311,8.7,13.2
Hokuriku,196311,9.12,9.5
Kansai,196311,9.89,13.98
Chugoku,196311,11.15,15.57
Shikoku,196311,10.87,13.88
Kyushu,196311,12.04,16.74
Okinawa,196311,,
Hokkaido,196309,8.79,11.81
Tohoku,196309,8.05,10.87
Tokyo,196309,4.74,9.43
Chubu,196309,5.5,9.3
Hokuriku,196309,6.58,6.95
Kansai,196309,5.33,9.41
Chugoku,196309,6.36,9.9
Shikoku,196309,7.78,9.54
Kyushu,196309,8.4,12.09
Okinawa,196309,,
Hokkaido,196308,10.61,13.21
Tohoku,196308,10.18,12.98
Tokyo,196308,8.9,13.33
Chubu,196308,8.7,12.2
Hokuriku,196308,7.72,8.13
Kansai,196308,9.73,13.41
Chugoku,196308,9.79,13.06
Shikoku,196308,10.76,12.32
Kyushu,196308,11.32,14.28
Okinawa,196308,,
Hokkaido,196307,13.17,15.82
Tohoku,196307,10.37,12.12
Tokyo,196307,11.88,15.85
Chubu,196307,11.6,14.8
Hokuriku,196307,8.23,8.56
Kansai,196307,13.88,17.04
Chugoku,196307,14.09,16.89
Shikoku,196307,13.37,14.64
Kyushu,196307,13.64,17.08
Okinawa,196307,,
Hokkaido,196306,12.87,15.24
Tohoku,196306,10.49,11.91
Tokyo,196306,9.62,13.37
Chubu,196306,9.1,11.5
Hokuriku,196306,6.77,7.05
Kansai,196306,11.51,14.27
Chugoku,196306,10.32,12
Shikoku,196306,10.62,11.38
Kyushu,196306,12.05,14.96
Okinawa,196306,,
Hokkaido,196305,13.69,15.8
Tohoku,196305,11.33,12.42
Tokyo,196305,9.5,13.06
Chubu,196305,11.5,14.1
Hokuriku,196305,7.37,7.69
Kansai,196305,12.75,15.19
Chugoku,196305,11.9,13.87
Shikoku,196305,11.18,11.86
Kyushu,196305,13.41,16.45
Okinawa,196305,,
Hokkaido,196304,9.49,12.01
Tohoku,196304,8.19,9.27
Tokyo,196304,6.35,10.24
Chubu,196304,5.9,9
Hokuriku,196304,5.91,6.24
Kansai,196304,7.46,10.3
Chugoku,196304,6.82,8.59
Shikoku,196304,8.98,10.26
Kyushu,196304,8.94,13.21
Okinawa,196304,,
Hokkaido,196209,11.05,12.93
Tohoku,196209,9.23,11.67
Tokyo,196209,6.41,10.66
Chubu,196209,7.1,10.6
Hokuriku,196209,6.74,7.1
Kansai,196209,8.17,11.65
Chugoku,196209,7.52,12.34
Shikoku,196209,9.85,12
Kyushu,196209,8.95,13.41
Okinawa,196209,,
Hokkaido,196208,100.1,11.86
Tohoku,196208,11.15,13.6
Tokyo,196208,10.07,14.26
Chubu,196208,9.4,12.7
Hokuriku,196208,8.21,8.6
Kansai,196208,10.44,13.77
Chugoku,196208,11.09,15.35
Shikoku,196208,13.46,14.94
Kyushu,196208,12.25,15.6
Okinawa,196208,,
Hokkaido,196207,15.14,17.91
Tohoku,196207,11.42,12.8
Tokyo,196207,12.02,15.43
Chubu,196207,12,14.5
Hokuriku,196207,9.13,9.47
Kansai,196207,14.19,16.72
Chugoku,196207,14.04,16.97
Shikoku,196207,14,14.91
Kyushu,196207,15.35,18.16
Okinawa,196207,,
Hokkaido,196206,12.61,15.03
Tohoku,196206,11.06,11.88
Tokyo,196206,10.4,13.44
Chubu,196206,9,11.7
Hokuriku,196206,8.15,8.48
Kansai,196206,11.33,13.68
Chugoku,196206,9.53,12.6
Shikoku,196206,11.92,12.76
Kyushu,196206,11.53,14.64
Okinawa,196206,,
Hokkaido,196205,12.96,15.07
Tohoku,196205,11.07,12.12
Tokyo,196205,9.66,13.06
Chubu,196205,10.5,13.4
Hokuriku,196205,8.35,8.66
Kansai,196205,11.54,14.04
Chugoku,196205,10.2,13.8
Shikoku,196205,12.18,13.28
Kyushu,196205,11,15.09
Okinawa,196205,,
Hokkaido,196204,8.43,10.9
Tohoku,196204,8.56,9.84
Tokyo,196204,5.25,9.03
Chubu,196204,6.3,9.6
Hokuriku,196204,6.81,7.14
Kansai,196204,6.91,9.73
Chugoku,196204,6.7,9.84
Shikoku,196204,10.79,11.82
Kyushu,196204,8.15,12.51
Okinawa,196204,,
