Company,Year_term,Revenues_Lighting (M. JPY),Revenues_Power (M. JPY),Revenues_Subtotal (M. JPY),Revenues_Sold power to other utilities (M. JPY),Revenues_Sold power to other suppliers (M. JPY),Revenues_Other rvenues (M. JPY),Revenues_Ordinary revenues (M. JPY),Revenues_Extraordinary income (M. JPY),Revenues_Total Revenues (M. JPY),Expences_Personnel (M. JPY),Expences_Fuel (M. JPY),Expences_Maintenance (M. JPY),Expences_Interest paid (M. JPY),Expences_Depreciation (M. JPY),Expences_Fixed assets tax (M. JPY),Expences_Enterprise tax (M. JPY),Expences_Purchased power from other utilities (M. JPY),Expences_Purchased power from other suppliers (M. JPY),Expences_Other expences (M. JPY),Expences_Total Ordinary expences (M. JPY),Expences_Ordinary income (M. JPY),Expences_Reserve for fluctuation in water levels (M. JPY),Expences_Reserve for the depreciation of NPP construction (M. JPY),Expences_Extraordinary loss (M. JPY),Expences_Income taxes (M. JPY),Expences_Expences (M. JPY),Net income (M. JPY)
会社名,年期,収支総括表_電灯料,収支総括表_電力料,収支総括表_小計,収支総括表_地帯間販売電力料,収支総括表_他社販売電力料,収支総括表_その他収益,収支総括表_経常収益合計,収支総括表_特別利益,収支総括表_収益合計,費用_人件費,費用_燃料費,費用_修繕費,費用_支払利息,費用_減価償却費,費用_固定資産税,費用_事業税,費用_地帯間購入電力料,費用_他社購入電力料,費用_その他費用,費用_経常費用合計,費用_経常利益,費用_渇水準備金引当又は,費用_原子力発電工事償却準備金引当又は,費用_特別損失,費用_法人税等,費用_費用合計,差引利益
Hokkaido,2015,291624,346250,637875,142,5033,55593,698644,,698644,50727,148075,82708,16204,85003,14816,7284,581,107907,164096,677405,21238,1022,,,3116,681545,17099
Tohoku,2015,586437,933071,1519508,189782,21077,146005,1876374,,1876374,115972,395257,190529,31849,223011,31931,17671,120049,297424,332753,1756449,119924,,,,39978,1796428,79946
Tokyo,2015,2295394,2941705,5237099,122640,59589,579859,5999190,760819,6760009,369324,1615433,389969,87252,603775,105727,59385,189988,787073,1463757,5671686,327503,,411,911519,32754,6616371,143637
Chubu,2015,796645,1541213,2337859,16836,28056,279486,2662237,10811,2673049,181578,805625,200961,36947,239356,44200,27813,22684,292816,576562,2428545,233692,12217,,,75077,2515841,157208
Hokuriku,2015,156072,276254,432327,24930,10935,28791,496984,,496984,44289,102396,57911,11224,63696,11411,5225,2511,61290,118035,477992,18992,4807,,,5461,488261,8723
Kansai,2015,1063806,1530231,2594038,13510,26063,279735,2913346,,2913346,196724,710326,185351,46790,281790,52800,29351,37152,456424,716491,2713199,200142,19796,,,61805,2794800,118547
Chugoku,2015,382978,587746,970724,4464,36366,158339,1169894,2743,1172638,99439,239388,98140,21860,94290,19262,10357,1434,274219,280116,1138510,31384,-499,4564,,9037,1151613,21024
Shikoku,2015,200164,286218,486382,7738,8900,93600,596621,,596621,50816,93266,55775,9056,55298,10199,5500,458,150278,152628,583279,13342,3065,,,4137,590482,6139
Kyushu,2015,614284,823622,1437906,523,18731,266614,1723775,7408,1731184,131038,364741,144494,37056,167024,31166,16150,5357,381468,370937,1649436,74338,5934,,,10484,1665855,65328
Okinawa,2015,72781,89259,162040,124,,12809,174974,,174974,16724,46162,17128,2372,26143,2237,1435,,25543,33443,171190,3784,,,,853,172043,2931
Hokkaido,2014,286938,339386,626325,146,3049,39467,668989,,668989,45189,192956,70769,16634,87742,13220,6965,384,110331,133553,677748,-8758,-19391,,,6402,664759,4230
Tohoku,2014,627624,1007316,1634940,203348,13944,108641,1960874,19668,1980543,122242,574728,158641,53339,203525,32397,19015,138968,281681,287125,1871666,89208,,,,46413,1918080,62462
Tokyo,2014,2541583,3466257,6007840,144114,85348,440174,6677477,883655,7561133,355080,2650980,378280,99009,605586,106574,69382,203782,799658,1241777,6510115,167362,,511,616258,7233,7134119,427013
Chubu,2014,869352,1694640,2563992,54353,48056,246678,2913081,28427,2941509,169197,1316403,239694,49677,253824,47761,32033,23675,264741,474124,2871133,41947,5220,,,37779,2914133,27375
Hokuriku,2014,162512,282356,444869,29954,18470,22772,516067,,516067,50485,128758,60839,15148,66830,11588,5651,2195,54007,102461,497966,18100,2688,,,8753,509409,6657
Kansai,2014,1129114,1655047,2784161,11973,29694,248882,3074712,0,3074712,195986,1186593,184611,50624,298148,52502,30684,71500,499607,664079,3234338,-159626,1760,0,0,15335,3251433,-176721
Chugoku,2014,411879,635207,1047086,9018,40207,142961,1239274,,1239274,96373,364519,82277,22802,97346,19502,11736,1370,252915,240549,1189395,49879,566,1882,,17123,1208968,30306
Shikoku,2014,213345,301724,515069,9020,6482,71925,602496,,602496,49347,141535,50576,9946,55788,10465,5771,471,124798,134390,583092,19404,1638,,,8425,593156,9340
Kyushu,2014,648539,897611,1546150,362,16673,208775,1771962,9867,1781829,113103,678486,126641,38693,164721,31864,17113,20137,352300,321981,1865042,-93080,1692,,,34105,1900840,-119010
Okinawa,2014,75673,93553,169227,83,4,9123,178439,,178439,16253,57195,16848,2548,27315,2305,1616,,22992,25643,172718,5720,,,,1759,174478,3960
Hokkaido,2013,267342,306389,573732,240,3025,30653,607652,,607652,53547,214894,72957,16336,89784,13435,6380,232,107886,131019,706477,-98824,2620,,,-37236,671860,-64207
Tohoku,2013,600180,909013,1509194,222684,21977,86376,1840232,24992,1865225,135902,598210,118158,45749,229905,32377,17306,131578,271860,220521,1801571,38660,,,,27614,1829185,36039
Tokyo,2013,2538247,3381454,5919702,133452,71127,365763,6490045,1818379,8308425,355974,2915288,263896,113058,625622,104966,68652,223578,721827,1053946,6446812,43233,0,399,1462243,65,7909519,398905
Chubu,2013,841177,1538363,2379541,73296,18541,187161,2658540,6713,2665254,181032,1314104,202253,42088,262110,43916,29953,25834,223091,438352,2762737,-104196,-5239,,,-24965,2732532,-67277
Hokuriku,2013,162829,275193,438023,32209,9778,20781,500791,,500791,44611,151615,52792,12654,66980,11790,5618,2529,51818,93032,493443,7347,4088,,,1636,499169,1622
Kansai,2013,1144429,1607254,2751684,14074,14427,227856,3008043,,3008043,198186,1159206,178543,51533,298349,52311,30093,80407,474541,607779,3130952,-122909,-3184,,,-26633,3101134,-93091
Chugoku,2013,419757,617675,1037432,6011,36877,116205,1196527,,1196527,108184,401387,92587,24139,97207,19675,11571,1274,231944,226823,1214795,-18267,367,3786,,-3561,1215388,-18861
Shikoku,2013,212706,289794,502501,7846,8477,53838,572662,34203,606865,49009,168728,49929,9903,56945,10635,5703,584,109599,119741,580779,-8117,-1310,0,0,-608,578860,28005
Kyushu,2013,656698,871492,1528190,319,9734,166176,1704420,57340,1761761,113781,754442,103155,38009,172333,32641,17095,24397,290563,295267,1841688,-137267,-4308,,,15320,1852701,-90939
Okinawa,2013,75554,91249,166803,39,,6516,173359,,173359,16581,53205,16339,2735,28897,2384,1622,,20685,25699,168152,5207,,,,1290,169442,3917
Hokkaido,2012,253967,286553,540520,579,2930,35083,579114,,579114,58051,228177,76452,15006,92047,13599,6148,240,86496,121564,697785,-118670,1413,,,,699198,-120083
Tohoku,2012,554538,807620,1362159,167951,5670,94481,1630263,,1630263,131880,555007,119134,40152,212704,32243,15374,113137,266244,197574,1683452,-53189,,,34450,-28488,1689414,-59151
Tokyo,2012,2335119,3040363,5375483,115730,33961,293339,5818515,892369,6710884,345880,2788557,349075,119445,593176,106494,61947,168761,696576,966273,6196188,-377673,-9865,1093,1217784,64,7405265,-694380
Chubu,2012,810260,1444190,2254450,113648,11905,125739,2505742,7402,2513144,182514,1194820,220003,40853,260297,43551,29116,24392,182927,379462,2557940,-52197,-3841,,,-5643,2548456,-35311
Hokuriku,2012,160811,266489,427300,38074,5239,11612,482227,,482227,49645,138425,59297,12121,70970,12081,5507,1813,46031,88532,484424,-2197,-731,,,843,484537,-2310
Kansai,2012,1010697,1343556,2354254,13050,10097,169371,2546773,,2546773,231226,919884,202615,49949,294733,53179,24935,140219,427703,594889,2939336,-392562,-4489,,,-115134,2819712,-272938
Chugoku,2012,406121,586683,992804,41088,26303,87729,1147926,,1147926,114587,366525,107377,24298,102071,20104,11356,1322,218428,220020,1186093,-38167,-2080,1581,,-10999,1174594,-26668
Shikoku,2012,198935,261183,460118,9452,1642,36342,507556,,507556,56913,157407,54677,9482,60322,10879,5057,2770,96706,116838,571054,-63497,2414,,,-19701,553767,-46210
Kyushu,2012,591514,768910,1360424,1214,8656,87284,1457579,,1457579,151844,679722,147924,35581,180180,33420,15004,48153,221429,284278,1797538,-339959,3092,,,-5001,1795629,-338050
Okinawa,2012,70755,86066,156821,,,2729,159550,,159550,16839,51045,17142,2866,23952,2291,1573,,17114,22415,155241,4309,,,,1210,156452,3098
Hokkaido,2011,257115,294026,551142,54047,3498,10114,618803,,618803,58605,170784,101867,13933,99233,14261,7209,232,50482,116884,633495,-14691,4895,,,54956,693347,-74544
Tohoku,2011,534691,758020,1292712,136584,2304,59062,1490664,,1490664,161151,512470,134335,38050,214129,30138,13979,145331,223642,201716,1674945,-184280,-304,,102158,-75889,1700908,-210244
Tokyo,2011,2133427,2620636,4754063,107207,32838,290241,5184351,2517462,7701813,366895,2286944,278876,127232,645547,109321,54697,176805,604089,942300,5592710,-408359,980,1402,2865142,a,8460237,-758423
Chubu,2011,786829,1374777,2161606,48341,7270,97773,2314991,9000,2323991,201396,1040939,216016,36033,271622,44676,26821,38504,169950,346462,2392424,-77433,8338,,17291,574,2418629,-94638
Hokuriku,2011,159350,269399,428750,43687,4363,10183,486984,6000,492984,52202,142376,61935,12515,77537,12655,5598,1139,44863,78441,489264,-2279,3650,,,6715,499630,-6645
Kansai,2011,1008852,1329826,2338679,24061,11456,158071,2532268,,2532268,236029,776842,272524,46331,316990,54933,25353,128925,401448,574902,2834282,-302014,9134,,,-53491,2789925,-257657
Chugoku,2011,402498,577716,980215,52625,26790,68952,1128584,,1128584,111411,319989,100075,25830,111672,20605,11431,4925,196957,205376,1108274,20309,2080,7861,,11762,1129978,-1394
Shikoku,2011,200890,265328,466219,51325,1175,27378,546098,,546098,61611,129254,64093,9613,65264,11354,5750,268,86428,121016,554656,-8557,1817,,,1258,557732,-11633
Kyushu,2011,587251,755431,1342682,3407,6143,62211,1414444,,1414444,167965,520282,176007,32266,202151,33527,15319,25141,180900,289421,1642983,-228538,1216,,,-54771,1589428,-174983
Okinawa,2011,72032,84708,156741,,,1576,158317,,158317,16622,49316,16720,2867,22068,2290,1783,,16873,21715,150257,8059,,,,3008,153266,5050
Hokkaido,2010,250412,280076,530489,4159,5146,8869,548664,,548664,55275,81974,91047,14475,102240,14739,6473,215,39106,118665,524214,24450,4357,,4923,5790,539285,9379
Tohoku,2010,547028,785171,1332200,184671,1849,39279,1558001,,1558001,161826,293084,180635,38797,219545,32689,15778,139405,189147,224234,1495144,62856,-1165,,110616,-13456,1591138,-33136
Tokyo,2010,2167837,2628719,4796557,141368,21112,244496,5203534,,5203534,431184,1482164,412095,124467,655699,111694,56497,201238,502345,955081,4932467,271066,3860,2284,1074205,449268,6462086,-1258552
Chubu,2010,777999,1315179,2093179,12460,2243,86521,2194404,,2194404,228523,678471,202613,36202,266272,46305,25255,53214,154989,371517,2063364,131039,2450,,8647,44094,2118556,75847
Hokuriku,2010,158662,261990,420653,50086,5026,10373,486139,,486139,53855,82478,62922,17271,82598,12910,5528,986,48948,87183,454683,31456,2382,,2397,10022,469486,16653
Kansai,2010,1028943,1318674,2347618,13371,9115,135479,2505584,,2505584,238790,387452,275838,46935,339694,53168,27063,55359,322860,555967,2303130,202454,5470,,36296,57356,2402254,103330
Chugoku,2010,400743,554844,955588,2766,25484,56406,1040245,,1040245,106799,254401,90113,26119,115500,21302,10530,8904,191280,200504,1025457,14788,,12123,6816,-1141,1043256,-3010
Shikoku,2010,204419,258561,462980,46179,1230,25519,535910,,535910,57075,75466,65863,9880,74432,11290,5885,265,65177,127759,493097,42813,,,8811,13196,515105,20805
Kyushu,2010,591498,734561,1326060,4258,5837,60895,1397052,,1397052,162650,284857,175986,32150,197977,33246,15923,245,136817,303091,1342949,54103,,,18325,15334,1376609,20443
Okinawa,2010,69840,79842,149683,,,1840,151524,,151524,16322,41348,16696,2888,21004,2249,1705,43,15785,24239,142284,9240,,,,2367,144651,6872
Hokkaido,2009,247619,270862,518481,1208,1227,8390,529308,,529308,56471,85040,80817,15092,108796,11481,6229,90,38948,113141,516105,13203,3612,,,4211,523928,5379
Tohoku,2009,528168,758595,1286764,193998,848,32450,1514061,,1514061,179116,272240,178806,45401,216761,33083,15504,113118,190860,241455,1486349,27711,-6341,,,13917,1493925,20135
Tokyo,2009,2008615,2495963,4504579,114661,21585,211876,4852702,,4852702,481315,1192617,373974,129599,709837,112908,52596,199595,522888,918755,4694091,158611,-8411,,,64711,4750390,102311
Chubu,2009,744548,1266983,2011532,12371,878,80673,2105455,8941,2114396,240328,558954,212400,38452,280622,48010,24315,54090,136953,353887,1948015,157439,3701,,,56188,2007905,106491
Hokuriku,2009,149092,248469,397561,54023,2168,9984,463738,,463738,52473,81953,55617,15114,86240,13476,5347,1625,42162,85795,439807,23930,-998,,,9745,448554,15183
Kansai,2009,965291,1264203,2229495,12306,5669,125778,2373249,,2373249,236300,351434,286203,49776,322819,53242,25671,53698,299236,548314,2226698,146550,,,,54017,2280715,92533
Chugoku,2009,381586,531989,913576,1646,20559,48068,983850,,983850,112422,194828,103952,27934,119274,21767,10379,962,149291,197750,938563,45287,,9292,,13476,961333,22517
Shikoku,2009,193118,251372,444490,32796,312,20231,497831,,497831,65465,65010,64084,10157,66583,11219,5469,296,61654,117717,467658,30173,,,,10915,478573,19257
Kyushu,2009,566413,726748,1293161,738,3414,49905,1347220,,1347220,172720,213007,195118,33145,196741,33967,15542,281,113386,322952,1296863,50356,,,,22048,1318912,28307
Okinawa,2009,69359,81285,150644,,,1614,152259,,152259,16920,39327,17009,3208,21328,2328,1723,,15105,23992,140943,11315,,,,4021,144965,7293
Hokkaido,2008,259065,307912,566977,384,481,7722,575565,,575565,53734,180413,99430,14173,68318,11617,6788,226,57941,119472,612116,-36550,-5053,,4701,-10000,601763,-26197
Tohoku,2008,548122,866503,1414625,221513,1182,35711,1673033,,1673033,150147,442017,208632,43384,225316,34091,17353,128135,221922,264641,1735642,-62609,-5169,,,-18023,1712449,-39416
Tokyo,2008,2207807,3088172,5295979,131070,38668,217618,5683338,,5683338,483463,2078794,381354,134693,708628,115879,63013,226890,615639,965161,5773520,-90182,-3874,,70362,-43532,5796475,-113137
Chubu,2008,789349,1464939,2254289,16098,2739,90224,2363352,,2363352,188930,862755,184198,77256,299731,47837,27888,58325,155085,360005,2262015,101336,,,153698,-15729,2399983,-36631
Hokuriku,2008,156819,277607,434426,71900,625,8796,515749,,515749,48557,150138,49646,16086,91282,14151,6055,2945,50664,77684,507212,8536,-3387,,,4980,508806,6943
Kansai,2008,1016051,1398620,2414672,13259,25305,140774,2594011,,2594011,235845,638190,263490,51408,313990,54698,27560,116972,354339,589445,2645942,-51931,,,,-10156,2635786,-41775
Chugoku,2008,406228,619981,1026210,5920,25707,61631,1119470,,1119470,110767,317060,93644,28767,126406,22193,11500,3723,204797,216923,1135785,-16314,,12582,,-9597,1138770,-19299
Shikoku,2008,203302,279885,483187,76051,314,21212,580766,,580766,65477,111791,64279,11349,66837,11660,6498,290,76681,123946,538813,41953,,,,15117,553930,26836
Kyushu,2008,584916,793317,1378233,1578,6118,51388,1437318,5400,1442718,136794,305600,197806,33444,195232,34221,16706,277,149661,328808,1398553,38764,,,,17247,1415801,26916
Okinawa,2008,72466,87613,160079,,,1902,161982,,161982,16227,51997,15008,3429,22479,2300,1847,,17311,22490,153092,8889,,,2273,2980,158346,3635
Hokkaido,2007,250120,285895,536015,1711,374,8338,546440,,546440,60620,125037,74482,13172,64703,11922,6469,814,51768,107678,516669,29770,-2292,,7055,9430,530863,15577
Tohoku,2007,530455,814263,1344719,223449,1283,33500,1602953,,1602953,139133,378326,205095,44696,231269,35240,17148,110779,188048,239024,1588761,14191,-6194,,5792,7818,1596178,6774
Tokyo,2007,2096254,2818485,4914739,113190,51109,186770,5265809,18635,5284445,337761,1755167,432172,143078,726266,118978,58577,259583,513589,942686,5287861,-22051,-5003,,267185,-87970,5462073,-177627
Chubu,2007,753666,1391481,2145148,18356,3247,67632,2234384,,2234384,154838,828229,189116,53023,300773,49972,27149,37274,127396,357270,2125044,109340,-4005,,13694,33440,2168174,66210
Hokuriku,2007,151470,265906,417376,42282,227,8597,468484,536,469020,42630,129427,38888,16675,97288,15050,5537,3556,43062,67066,459183,9300,-1536,,2045,4153,463846,5174
Kansai,2007,1003755,1340839,2344595,16318,18130,123904,2502948,,2502948,211952,556760,229570,52655,312771,56599,27292,78661,300651,565045,2391960,110987,-8541,,24127,39955,2447502,55446
Chugoku,2007,390332,574841,965174,14072,23737,46329,1049313,,1049313,105271,268327,82105,30232,130500,22788,11412,1201,153789,192407,998037,51276,-656,18828,,12380,1028589,20723
Shikoku,2007,200251,266488,466739,70531,1599,23002,561872,,561872,59333,108217,60457,14504,70249,12203,6428,710,61100,129039,522244,39628,-938,,,16315,537621,24251
Kyushu,2007,576349,763233,1339583,6097,4506,51286,1401473,,1401473,138312,279929,184938,34426,197342,33014,16504,138,123137,333657,1341403,60070,-90,,,24478,1365790,35683
Okinawa,2007,69147,79143,148290,,,1503,149793,,149793,16234,41468,16049,3731,23398,2152,1669,,13581,21774,140060,9733,,,,3142,143202,6590
Hokkaido,2006,248606,278112,526719,1782,183,8568,537254,,537254,77223,90702,68225,13349,62765,12339,6356,175,47452,104105,482696,54557,1320,,,19581,503598,33655
Tohoku,2006,518899,787925,1306824,220517,219,35047,1562609,,1562609,134503,316787,173296,45329,239293,35944,16436,119326,174585,230342,1485846,76762,4275,,,27706,1517828,44780
Tokyo,2006,1983498,2721112,4704611,123665,45027,184641,5057946,60700,5118646,458963,1062727,459075,148000,704572,122542,57233,225138,425498,1022116,4685868,372077,5949,,,164672,4856490,262155
Chubu,2006,716735,1327779,2044514,13259,3175,66125,2127075,,2127075,137860,662190,184098,70105,299825,52104,25513,54186,121816,356596,1964299,162775,-2660,,40865,60434,2062938,64136
Hokuriku,2006,146604,258442,405046,60814,1142,9016,476019,,476019,49172,80023,50695,21879,103525,11557,5688,1977,41236,80119,445876,30143,1304,,3836,9285,460302,15716
Kansai,2006,963789,1317247,2281037,15058,11042,115736,2422875,,2422875,206988,358321,235459,56504,310486,58172,26514,112293,303538,565205,2233485,189389,-101,,,71823,2305208,117667
Chugoku,2006,376754,558601,935356,11352,21318,36997,1005025,,1005025,116528,214559,90000,28419,128489,23134,11012,868,145992,193025,952030,52994,111,5052,,14427,971622,33402
Shikoku,2006,194862,258764,453627,53741,1551,20965,529886,,529886,47251,80358,62560,19294,75216,12619,6076,682,58886,126712,489658,40227,318,,,14049,504026,25859
Kyushu,2006,551047,735425,1286473,2813,5334,44945,1339566,,1339566,144806,211318,170789,35799,189003,33926,15889,125,112477,319652,1233788,105778,90,,5602,40848,1280330,59236
Okinawa,2006,67515,78542,146058,,,1945,148003,,148003,16481,40607,15100,3860,23319,2164,1392,,12766,22214,137907,10096,,,,3697,141605,6398
Hokkaido,2005,243219,263822,507041,2060,34,6439,515575,,515575,77243,82511,68775,12206,67682,12862,6173,117,42308,98631,468511,47063,103,,,16807,485423,30152
Tohoku,2005,516801,750482,1267283,213046,100,30425,1510855,47782,1558638,166336,299122,163147,44468,243518,33909,16042,103555,173482,229173,1472757,38098,2333,,,30005,1505096,53542
Tokyo,2005,2022456,2659588,4682045,106794,37182,152739,4978762,12419,4991182,401036,1040085,469384,153761,753457,124448,56846,216469,412863,953160,4581514,397248,-3235,,12075,140000,4730355,260827
Chubu,2005,725242,1285633,2010875,8364,2602,51857,2073700,,2073700,191442,499242,157710,93430,330272,52125,25265,39347,120632,358258,1867726,205973,-9311,,33506,70131,1962053,111646
Hokuriku,2005,149779,252559,402339,58682,264,8679,469966,,469966,48149,67948,33784,23860,126890,11734,5633,893,41264,80685,440844,29122,-498,,,11112,451459,18507
Kansai,2005,989390,1326112,2315502,10353,5948,84420,2416224,,2416224,246176,300212,208742,62632,338286,60581,26693,123476,281126,549013,2196941,219283,-9595,,,85330,2272675,143548
Chugoku,2005,375652,531387,907039,27165,21468,29459,985133,,985133,122007,178649,80746,27854,136568,24316,10606,718,161052,177111,919632,65500,-1913,,12590,24575,954886,30247
Shikoku,2005,197344,250072,447416,55444,832,18098,521791,,521791,55922,74979,56175,13994,81231,13116,5875,227,61238,119927,482687,39104,-2899,,,14191,493979,27812
Kyushu,2005,562365,728580,1290945,3243,4547,35213,1333949,,1333949,178454,179744,157369,38444,199586,35357,15915,158,113093,301626,1219752,114197,-4682,,10064,39678,1264812,69136
Okinawa,2005,66218,76202,142420,65,,2260,144680,,144680,15445,32578,14922,4316,25062,2241,1227,,13422,21399,130617,14063,,,,4900,135517,9163
Hokkaido,2004,243686,261423,505109,141,,7621,512872,,512872,77569,63449,65778,25785,73250,13436,6205,118,34580,95317,455491,57380,-728,,3200,19725,477689,35183
Tohoku,2004,510253,732917,1243171,190468,2,30494,1464137,,1464137,169608,242088,162530,49997,234747,33977,15967,73842,159599,234899,1377259,86877,2204,,13593,25357,1418415,45721
Tokyo,2004,1976832,2660435,4637268,75375,25763,113362,4851769,,4851769,454453,822488,472776,156334,785909,128434,55771,193536,407358,990201,4467265,384503,7745,,,131934,4606946,244822
Chubu,2004,719587,1287335,2006922,16222,1435,31787,2056368,14752,2071121,218817,382316,161635,129266,384841,54500,25268,35732,114702,363900,1870980,185387,7330,,38016,63997,1980324,90796
Hokuriku,2004,148772,251513,400285,51757,5,8910,460958,,460958,69429,63217,46405,29820,70557,12318,5342,5029,49328,72207,423657,37301,,,,13150,436808,24150
Kansai,2004,990939,1373715,2364655,19577,4794,75618,2464645,,2464645,292169,242943,184662,77836,359587,59784,26789,137999,272037,536742,2190554,274090,9872,,90576,63461,2354465,110179
Chugoku,2004,367212,527412,894624,30761,13364,26608,965359,,965359,113433,128076,92716,36726,144622,25700,10482,1747,153163,179921,886589,78769,1746,,4089,26434,918860,46498
Shikoku,2004,197345,249924,447270,63047,107,19172,529599,,529599,67821,66336,63419,17142,84890,13400,6134,324,52457,112312,484235,45364,2652,,,14523,501410,28188
Kyushu,2004,566751,736312,1303063,1122,3380,30878,1338444,,1338444,185902,143221,158704,46520,210385,37268,16123,144,105408,281844,1185522,152922,2663,,6691,54181,1249059,89385
Okinawa,2004,62453,73710,136163,,,1482,137646,,137646,16586,24848,13470,5451,27712,2292,1157,,12305,22234,126058,11587,,,,3996,130055,7591
Hokkaido,2003,239161,254089,493250,7849,,5943,507043,13142,520186,81316,57412,62972,29564,80339,13918,6215,147,32284,92472,456644,50399,-567,,,22675,478752,41433
Tohoku,2003,498357,717223,1215580,209966,a,24095,1449643,,1449643,173870,238375,158316,67036,227381,35390,16198,55486,156159,223608,1351825,97818,3631,,23073,23056,1401586,48056
Tokyo,2003,1909435,2688725,4598160,56748,15235,90323,4760468,,4760468,445167,905806,411488,167977,845028,129080,54490,232616,404500,859832,4455988,304480,7567,,41956,103137,4608650,151818
Chubu,2003,696885,1286090,1982975,15070,692,29466,2028204,,2028204,268922,343181,184639,93769,351577,56169,25027,38446,102752,388553,1853040,175164,8647,,,55908,1917595,110609
Hokuriku,2003,142480,241551,384032,49560,6,8240,441839,,441839,67919,38591,45272,22762,76183,12658,4924,4533,64588,74068,411503,30336,1125,,,11562,424191,17647
Kansai,2003,944224,1356480,2300704,24686,3216,57887,2386495,,2386495,330738,168436,185847,98575,388750,62773,26642,144412,227713,563773,2197662,188833,8366,,,62018,2268047,118448
Chugoku,2003,348859,505015,853874,31798,10789,25423,921886,,921886,132080,100057,86260,36771,156469,26035,10135,923,133564,178393,860692,61194,711,,,20954,882357,39528
Shikoku,2003,190076,242224,432300,64929,27,15705,512963,,512963,78543,45791,59718,19457,88654,13407,6016,378,48680,114435,475084,37879,867,,,11566,487517,25445
Kyushu,2003,550780,724954,1275734,16470,4368,24832,1321406,,1321406,201537,126506,153232,73565,232151,37098,16101,136,95798,277346,1213475,107930,2018,,,35794,1251287,70118
Okinawa,2003,61852,71820,133673,,,1387,135060,,135060,16793,20211,14571,7387,31359,2222,1132,,11250,22340,127270,7790,,,,2195,129466,5594
Hokkaido,2002,240529,261387,501917,132,,5541,507591,,507591,77510,56754,63178,26767,89253,13357,6258,132,29986,106075,469274,38317,-1101,,,14432,482604,24987
Tohoku,2002,508476,726204,1234681,223412,a,23422,1481516,,1481516,161380,229384,163000,80633,247445,33472,16544,63222,158969,233967,1388020,93495,-293,,,34073,1421800,59715
Tokyo,2002,1955531,2729718,4685250,64593,7126,70026,4826997,,4826997,544219,782676,406232,203952,882863,134881,55763,225547,394330,915658,4546128,280869,-1708,,41655,87892,4673968,153029
Chubu,2002,717661,1332660,2050322,11867,260,27910,2090360,,2090360,253560,392770,185218,117250,389054,58225,25450,61478,104323,342414,1929747,160613,,,,57707,1987454,102905
Hokuriku,2002,146815,251263,398078,65292,4,8477,471854,,471854,69741,34025,42951,33150,87154,13295,5253,5063,71474,78681,440792,31061,-411,,,11576,451957,19896
Kansai,2002,995426,1426323,2421749,16511,1394,51145,2490800,28286,2519087,367817,202275,206635,111072,382930,65433,27676,171848,235616,532933,2304241,186559,,,62001,55567,2421810,97277
Chugoku,2002,364701,524920,889622,50111,10043,22134,971911,4947,976859,127697,110466,86854,56646,166821,26866,10710,776,140719,177619,905179,66732,,,,25985,931165,45694
Shikoku,2002,196484,248954,445439,71069,1157,15791,533458,,533458,74728,53780,63597,26501,95794,13710,6332,275,45124,115067,494912,38545,,,,13941,508853,24604
Kyushu,2002,565499,744986,1310485,25492,2838,23595,1362410,23109,1385519,190908,137953,158851,73621,247876,39089,16497,137,104544,302138,1271618,90791,,,15424,35930,1322974,62545
Okinawa,2002,60711,72392,133104,,,1422,134527,,134527,16248,21126,15726,7922,28796,2114,1177,,12300,22512,127926,6600,,,,2169,130096,4430
Hokkaido,2001,243176,272068,515245,150,,6086,521482,2946,524428,73182,67354,66329,24578,95944,13637,6430,155,29676,103648,480937,40544,,,3271,14777,498986,25441
Tohoku,2001,517466,772162,1289629,253175,a,18368,1561173,,1561173,183141,213869,161689,83683,287011,34105,17252,88998,162615,230541,1462910,98263,758,,,35192,1498860,62312
Tokyo,2001,1987436,3001520,4988956,90273,5537,71306,5156075,,5156075,526827,662178,503996,304635,916964,136913,60212,256449,351204,1117107,4836490,319584,732,,27480,105112,4969816,186259
Chubu,2001,720971,1396088,2117059,12442,87,23978,2153568,,2153568,243052,352981,203641,141915,418503,58145,26307,74184,102746,373716,1995195,158372,-1852,,,57686,2051029,102539
Hokuriku,2001,145672,258371,404043,71950,4,7768,483766,,483766,58468,38424,48992,35056,92605,13804,5420,3422,70753,83789,450738,33028,-731,,4188,10666,464860,18905
Kansai,2001,993753,1477859,2471612,15213,1776,38735,2527338,43961,2571299,277634,239058,245067,125979,396053,67171,28007,191084,208535,585150,2363742,163595,-6608,,,77144,2434278,137020
Chugoku,2001,364310,528946,893256,55657,9495,25144,983553,,983553,122866,105955,99705,50244,180065,27600,10791,728,145346,181160,924465,59087,,,21829,12789,959084,24468
Shikoku,2001,196564,261588,458152,80552,5,17560,556271,,556271,70501,53430,64532,27508,104642,13763,6561,328,49894,124753,515917,40353,,,8153,11613,535684,20586
Kyushu,2001,567229,761498,1328727,36069,2310,25336,1392443,,1392443,186869,150959,177962,81222,244946,38897,16959,132,97901,294357,1290209,102234,,,,37081,1327291,65152
Okinawa,2001,62849,74756,137606,,,1225,138832,,138832,16301,26798,16481,8698,25244,2122,1208,,12667,21996,131519,7312,,,,2505,134024,4807
Hokkaido,2000,246214,282302,528517,155,,6519,535191,,535191,83818,72789,65563,37544,84324,14134,6642,209,26593,95667,487287,47903,,,4909,15494,507691,27499
Tohoku,2000,527262,793054,1320317,238164,,16255,1574736,,1574736,187167,220505,164812,100642,240554,34951,17596,88574,149564,253351,1457721,117015,938,,,42185,1500845,73890
Tokyo,2000,2024165,3061935,5086101,90641,2878,69686,5249307,,5249307,525632,696605,548535,377326,946724,138727,61250,241867,389191,1003378,4929240,320067,1841,,,114830,5045912,203395
Chubu,2000,722572,1419999,2142572,21725,14,28507,2192820,,2192820,245666,365607,243254,154752,416329,59935,26726,81153,98537,347650,2039615,153204,-655,,,55072,2094032,98787
Hokuriku,2000,148377,269463,417840,65865,0,8452,492158,,492158,65196,36107,49776,39892,104451,13114,5585,4784,66019,73208,458137,34020,-559,,,13054,470632,21525
Kansai,2000,1010946,1515267,2526214,26609,1186,43164,2597175,,2597175,294122,269558,277896,147652,406291,68036,29824,199370,170288,553403,2416445,180730,-2499,,34126,53611,2501683,95492
Chugoku,2000,367460,550507,917968,54001,11998,23057,1007025,,1007025,126758,116281,98770,65632,190948,27282,11185,669,139755,160567,937852,69173,,,18047,19122,975021,32004
Shikoku,2000,198430,264905,463335,78563,28,15602,557530,,557530,64236,61622,63757,31518,116041,13337,6702,1290,40007,120746,519262,38267,,,10365,10048,539676,17853
Kyushu,2000,570044,777747,1347791,42319,4886,23349,1418347,,1418347,203897,146096,173521,87724,263042,39345,17376,125,93972,281275,1306376,111970,-52,,17948,33934,1358207,60140
Okinawa,2000,59537,73433,132971,,,1288,134259,,134259,19926,23485,15861,9456,23042,1978,1314,,12251,22082,129399,4860,,,,2254,131653,2606
Hokkaido,1999,241152,281040,522192,132,,5472,,,527798,80265,65328,67172,34890,91715,14394,6586,410,23150,95839,479752,48045,,,22562,9211,511527,16271
Tohoku,1999,515702,766908,1282610,245654,,15449,,,1543714,186893,195411,170766,113119,260855,34307,17472,66013,149192,214392,1408426,135288,696,,97131,14006,1520260,23454
Tokyo,1999,1965166,2977403,4942570,67803,3030,74045,,,5087449,478371,557545,558100,434999,996143,135205,60000,253605,343358,924169,4741500,345948,-83,,200776,52618,4994812,92637
Chubu,1999,693447,1384388,2077835,20132,14,20902,,,2118885,263390,307169,242653,158398,425765,62688,26014,87025,84550,334907,1992563,126322,-2471,,,48335,2038427,80457
Hokuriku,1999,144597,268571,413169,67868,,8372,,,489410,63630,36297,52810,37302,106955,13696,5538,1969,70257,70889,459349,30061,-740,,18323,4544,481476,7934
Kansai,1999,988026,1477595,2465622,27505,1182,55866,,,2550178,336067,238154,311305,146790,415692,69596,29763,190886,133848,485467,2357572,169415,-2105,,127658,23402,2506527,43650
Chugoku,1999,360060,543166,903226,75369,9624,22415,,,1010635,130351,101932,106010,80487,203129,28619,11337,394,134601,155811,952674,57960,,,,20933,973607,37027
Shikoku,1999,193748,257612,451360,53561,0,11542,,,516464,66232,55986,58599,32163,94742,13187,6280,70,32381,133313,492957,23506,,,,8553,501510,14953
Kyushu,1999,564028,768595,1332624,42436,2776,21789,,,1399626,214311,122885,183902,104426,278897,41352,17191,88,93636,274715,1331406,68220,52,,32083,13098,1376641,22985
Okinawa,1999,58724,70944,129668,,,2182,,,131850,16295,17983,17252,9426,23861,1673,1261,,13346,20745,121845,10005,,,5869,1411,129125,2725
Hokkaido,1998,237029,276295,513325,297,,4904,,,518527,81546,61370,57671,39690,95952,13985,7484,299,21658,101449,481107,37419,,,1994,20115,503217,15309
Tohoku,1998,502017,761458,1263476,249632,,14361,,,1527469,182134,180503,163206,113309,294189,34300,19497,83319,161422,218993,1450878,76591,975,,1987,38073,1491914,35555
Tokyo,1998,1920491,2999576,4920067,84734,3443,71426,,,5079672,554244,522214,573592,469829,979455,136018,68580,257755,342389,967619,4871706,207966,3504,,6600,104456,4986266,93405
Chubu,1998,688298,1412113,2100411,24720,7,20451,,,2145592,268091,282250,231810,215875,464703,60078,30085,91636,96970,319564,2061065,84526,4179,,,41510,2106755,38836
Hokuriku,1998,138748,266773,405521,72440,,5511,,,483472,63876,32919,51141,42145,104040,12870,6201,2110,79461,68134,462901,20571,,,1987,10468,475357,8115
Kansai,1998,974791,1503089,2477881,32984,987,32754,,,2544608,344558,218831,347211,171009,427557,68886,34377,192036,135927,475367,2415765,128842,7489,,,70379,2493634,50973
Chugoku,1998,357723,550157,907881,69361,9745,20292,,,1007281,124352,109558,100249,83495,204264,25697,13059,457,133956,164097,959188,48092,-688,,1506,19187,979195,28086
Shikoku,1998,192065,258976,451042,61727,0,6534,,,519304,75288,53851,69601,43569,86436,13077,7343,92,32229,108144,489635,29668,-25,,1613,11948,503172,16132
Kyushu,1998,561808,776827,1338636,31916,4316,20849,,,1395718,219815,123498,181616,109039,290067,41354,19780,107,89314,266549,1341144,54574,-931,,1995,30075,1372284,23433
Okinawa,1998,60539,73210,133749,,,929,,,134679,17721,18988,16920,10435,25275,1665,1422,,14380,19200,126010,8669,,,,3825,129836,4843
Hokkaido,1997,246503,295416,541920,273,0,5343,,,547537,74827,71384,68317,40168,102640,13171,7898,428,22853,103444,505130,42406,1034,,2886,20953,530005,17531
Tohoku,1997,517710,816220,1333930,235415,0,16750,,,1586096,174933,204213,159107,132356,294274,31009,20166,83786,172824,224499,1497167,88929,-236,,,44278,1541209,44886
Tokyo,1997,1952756,3160844,5113600,85798,5245,65337,,,5269983,498078,662324,617594,498829,1022613,130282,71326,245426,380650,925507,5052629,217354,,,,86346,5138975,131007
Chubu,1997,687061,1484258,2171319,24107,0,23349,,,2218775,280187,339475,250827,224720,459737,56750,31543,78503,83795,321347,2126884,91891,799,,,54145,2181829,36946
Hokuriku,1997,141151,287425,428577,59114,0,5208,,,492900,58767,38234,47635,47551,111368,13195,6401,2284,73933,69047,468415,24484,621,,,13537,482574,10326
Kansai,1997,961836,1567666,2529503,43774,1089,32504,,,2606872,318016,270936,374767,207128,438583,68780,35832,165288,115444,477618,2472392,134479,3723,,,65000,2541116,65755
Chugoku,1997,369296,599489,968786,37526,12456,17284,,,1036054,141901,110224,114547,88530,189218,25555,13245,582,150721,153377,987900,48153,688,,,20310,1008898,27155
Shikoku,1997,194767,273056,467823,75374,0,6758,,,549956,80984,63498,64361,48198,91045,13589,7772,345,33938,121740,525470,24485,25,,,13920,539416,10539
Kyushu,1997,562674,815262,1377937,15391,2909,21675,,,1417913,187490,129630,187860,131791,312496,38220,20126,130,87554,255950,1351247,66666,931,,,35033,1387212,30701
Okinawa,1997,57726,73370,131096,0,0,1085,,,132182,17738,19248,15118,11291,26514,1590,1206,0,14964,18782,126451,5730,0,,0,2957,129408,2773
Hokkaido,1996,241498,285033,526531,3038,,6822,,,536392,72135,72558,70185,46895,105559,13448,7704,277,22551,91342,502659,33733,148,,,18782,521590,14802
Tohoku,1996,498492,777817,1276309,205581,,16595,,,1498486,159025,195069,163254,125409,250718,31243,18688,80949,185869,226027,1436254,62231,-2216,,,39786,1473824,24661
Tokyo,1996,1863087,3019740,4882827,80206,3322,60957,,,5027315,492065,655804,580700,470185,995534,122911,67537,234908,389538,875573,4884760,142554,-4314,,,69477,4949924,77390
Chubu,1996,664612,1424959,2089572,26955,,21972,,,2138500,229945,340396,244174,207859,451101,54254,29730,119016,85918,303963,2066360,72140,,,,37503,2103863,34636
Hokuriku,1996,138082,282401,420484,70479,,6149,,,497112,56849,41873,52972,51841,96635,13445,6381,1722,80391,72689,474801,22311,709,,,13593,489104,8008
Kansai,1996,952202,1526064,2478266,44297,1045,34977,,,2558586,313779,325732,361484,197906,444430,67871,35732,122255,100906,473076,2443177,115409,,,,71567,2514745,43841
Chugoku,1996,363460,579959,943419,37439,12173,16438,,,1009470,125754,122883,124890,94570,163999,24469,12958,615,141699,155773,967614,41856,,,,19192,986806,22664
Shikoku,1996,191560,266823,458384,74083,,5326,,,537794,66214,67810,64199,49818,96101,14116,7732,283,25572,111332,503180,34613,,,,15698,518878,18915
Kyushu,1996,555110,792602,1347712,18034,3310,17391,,,1386449,176553,154196,186429,137065,287679,38401,19808,87,78150,246990,1325361,61087,,,,24213,1349575,36873
Okinawa,1996,56623,69781,126405,,,983,,,127388,16915,18858,12861,11900,28730,1506,1107,,14842,17872,124594,2793,,,,1889,126483,904
Hokkaido,1995,241366,294124,535491,4965,,6165,,,546621,73757,63792,74720,48769,91578,13622,7873,252,21398,104960,500726,45894,2473,,,27114,530314,16307
Tohoku,1995,493608,789383,1282991,221202,,17026,,,1521220,161316,165241,192200,133000,223455,26368,18892,87096,188277,242447,1438296,82924,2325,,4767,40954,1486343,34877
Tokyo,1995,1881160,3019464,4900625,84407,4250,53458,,,5042742,500373,590645,632653,527586,893981,122269,67885,245613,370315,923866,4875191,167550,-4080,,,123518,4994629,48112
Chubu,1995,655114,1386074,2041189,23561,,23806,,,2088557,222394,276654,262495,204411,407470,52624,29074,116620,92159,335362,1999267,89290,-2478,,,47728,2044517,44040
Hokuriku,1995,139015,289652,428667,72822,,7198,,,508688,56880,33644,57071,59287,102336,11967,6500,1709,83390,68897,481685,27003,-445,,,14949,496188,12499
Kansai,1995,945415,1509288,2454704,40524,927,34463,,,2530620,299641,280430,378366,197781,451820,64643,35475,125959,97581,471461,2403162,122176,-4907,,15392,68931,2482578,48042
Chugoku,1995,364404,585285,949690,38077,11410,15912,,,1015090,114839,98259,133915,97387,164949,23267,13058,586,140936,174761,961961,53128,,,,30980,992942,22148
Shikoku,1995,193126,275169,468295,77883,,5065,,,551244,74968,59753,62266,48979,103254,14607,7956,177,23923,113668,509557,41687,,,,25030,534587,16657
Kyushu,1995,558392,810216,1368609,14692,4091,21539,,,1408932,171567,127601,202511,141962,269751,35278,20100,121,75879,282882,1327657,81275,,,,39283,1366940,41991
Okinawa,1995,55377,68696,124074,,,1355,,,125429,17243,16039,12981,12339,29814,1435,1085,,14959,16673,122573,2856,,,,1781,124355,1074
Hokkaido,1994,233717,292795,526513,8719,,5836,,,541069,71154,63425,73527,50142,95228,13755,7809,240,20447,93250,488983,52086,941,,,28669,518594,22475
Tohoku,1994,479428,785174,1264602,151001,,17137,,,1432742,153916,162283,162572,119111,179712,23787,17443,108040,172527,242196,1341592,91149,-7259,,,48967,1383300,49441
Tokyo,1994,1818644,3005646,4824290,101516,4685,58142,,,4988634,448977,611688,669618,518418,913573,116007,68616,171856,335975,925000,4779730,208904,-14085,,,142790,4908434,80200
Chubu,1994,623354,1374191,1997546,24322,,31433,,,2053302,214886,289105,249732,209404,405543,50318,29375,75953,89827,343484,1957630,95671,-17218,,,69756,2010168,43133
Hokuriku,1994,134764,291420,426185,41061,,7638,,,474885,54860,32277,44644,50812,94945,12137,5986,2705,79553,74055,451980,22905,-6469,,,14471,459982,14902
Kansai,1994,920814,1510438,2431253,44422,988,29495,,,2506160,264236,297528,390042,208978,431674,63402,35828,94999,94828,489506,2371026,135133,-21886,,76739,50321,2476202,29957
Chugoku,1994,353630,592814,946444,37334,10517,13847,,,1008143,110482,110457,147704,88947,151796,22000,13123,6662,124287,174576,950038,58104,-4480,,,40361,985919,22224
Shikoku,1994,187218,276465,463684,46368,,5331,,,515383,71223,59454,52525,48213,80051,10212,7481,262,19187,135235,483846,31536,-4064,,,22695,502477,12905
Kyushu,1994,541865,799397,1341262,6105,4324,19185,,,1370877,164809,133522,203471,138925,259118,29898,19532,132,75738,256019,1281167,89710,-7032,,,52155,1326290,44587
Okinawa,1994,52554,67623,120177,,,1427,,,121605,15467,16286,12808,11810,27810,1188,1006,,15493,16289,118160,3445,,,,1664,119824,1780
Hokkaido,1993,226204,288154,514359,13808,,5930,,,534098,67104,67578,72949,54293,98674,13803,7701,217,20416,89419,492159,41938,608,,1869,21925,516563,17534
Tohoku,1993,451733,746444,1198177,138096,,17708,,,1353982,148125,169388,177137,115623,160496,21345,16587,117706,140354,208532,1275299,78683,4188,,,38708,1318195,35787
Tokyo,1993,1675187,2890333,4565521,105476,4440,57362,,,4732801,433435,610497,618372,521064,835845,107273,65284,178513,289661,912939,4572888,159913,6885,,,91051,4670824,61977
Chubu,1993,575453,1324332,1899786,40208,,20903,,,1960897,208600,276516,226589,203369,373959,43343,26770,91040,92945,336837,1879973,80924,4361,,,50314,1934649,26248
Hokuriku,1993,124952,278368,403320,46121,,7832,,,457275,53917,27341,43288,51323,82427,8770,5627,2375,87309,73966,436348,20926,1571,,,10942,448862,8412
Kansai,1993,828986,1460419,2289406,64384,835,28792,,,2383418,247661,272163,403051,217007,418185,58882,33510,91347,95204,436001,2273015,110403,7420,,,52686,2333121,50296
Chugoku,1993,322548,571242,893790,56322,12531,13343,,,975989,110480,96119,138150,90488,149850,21591,12410,17495,130171,160796,927556,48433,2135,,,29709,959400,16588
Shikoku,1993,171530,266674,438204,22479,66,4808,,,465559,62400,56817,66380,46247,60994,9709,6732,95,20129,96603,426110,39448,1630,,,14215,441957,23601
Kyushu,1993,495102,757709,1252811,12015,3045,18621,,,1286493,165661,121185,177126,139806,213741,28618,18242,120,79039,263074,1206616,79876,4737,,,35740,1247094,39398
Okinawa,1993,51319,66652,117971,,,801,,,118773,15186,18840,15914,10268,18724,1073,978,,16678,15176,112841,5931,,,,2769,115610,3162
Hokkaido,1992,221270,290136,511407,4575,,7535,,,523518,64683,69792,66335,60768,100222,14039,7566,49,17316,82601,483377,40140,2617,,,21208,507202,16315
Tohoku,1992,436093,741803,1177897,91867,,19502,,,1289267,138332,188297,145929,110959,134883,20199,15861,112249,126475,203871,1197058,92208,-3058,,,49117,1243117,46149
Tokyo,1992,1652147,2892771,4544919,109263,4698,56500,,,4715382,413627,759982,583386,538211,796065,105750,65456,133031,288246,873242,4557000,158381,-3182,,,87803,4641621,73760
Chubu,1992,559598,1341945,1901543,47704,,19400,,,1968648,201769,365661,212125,198541,327445,41370,27650,97403,93438,308695,1874101,94546,-2972,,,42494,1913623,55024
Hokuriku,1992,121064,283587,404652,36076,,7066,,,447794,49973,41869,42224,47384,55623,8514,5448,2222,89251,72252,414766,33028,-4053,,,14608,425321,22473
Kansai,1992,811888,1463810,2275699,74958,953,27433,,,2379044,237571,339643,340691,230407,391569,57834,33636,107609,95321,421191,2255476,123567,-6446,,,52061,2301091,77953
Chugoku,1992,315397,574807,890205,70917,12295,12978,,,986396,109427,121823,122720,93175,143473,21049,12383,24576,134209,146572,929414,56982,-2447,,,34628,961595,24800
Shikoku,1992,166291,265023,431315,24436,170,5381,,,461303,59048,65261,60850,45994,60305,9660,6648,172,20701,88335,416977,44326,-937,,,20457,436497,24806
Kyushu,1992,481225,750455,1231680,17885,3634,15181,,,1268382,165874,161884,180677,138354,199270,28674,17923,368,83510,209147,1185686,82695,-4335,,,48525,1229876,38506
Okinawa,1992,48105,63784,111889,,,885,,,112775,14763,20233,13739,8234,14689,1030,1222,,18017,12502,104431,8343,,,,4122,108554,4220
Hokkaido,1991,210843,282953,493796,6250,,6175,,,506222,61284,75266,51922,68697,107545,12072,7299,135,17838,81495,483558,22664,-1570,,,14844,496832,9390
Tohoku,1991,411065,722712,1133777,103494,,21580,,,1258852,139272,204737,122119,118130,122191,19630,15432,117076,117140,188625,1164357,94495,5611,,,40358,1210327,48524
Tokyo,1991,1581796,2861043,4442839,112243,5409,53421,,,4613914,394209,813431,563817,566935,784860,102607,63330,133304,280786,763777,4467061,146852,7025,,,64514,4538601,75312
Chubu,1991,537589,1335894,1873484,39526,,22882,,,1935893,195939,410900,199107,196652,303008,38838,27558,75135,92194,277136,1816472,119421,7893,,,49675,1874041,61851
Hokuriku,1991,116567,278257,394825,26563,,7271,,,428660,51116,37039,35356,44135,54694,7087,5097,4194,92353,60273,391349,37311,3084,,,15012,409447,19213
Kansai,1991,796338,1457985,2254323,66850,1581,27617,,,2350372,230879,388342,304210,249327,355093,50619,33098,97388,94593,405289,2208842,141530,11026,,,57823,2277692,72680
Chugoku,1991,304917,566914,871832,54797,12510,13473,,,952614,103469,122909,102371,99894,141637,21243,11944,12895,141119,130127,887612,65001,668,,,33570,921852,30762
Shikoku,1991,162287,264943,427231,24762,30,7070,,,459095,54298,73436,55299,48109,59863,9344,6580,112,21367,85678,414090,45004,1580,,,19351,435022,24072
Kyushu,1991,462318,731166,1193485,6000,5320,21152,,,1225959,152449,155426,157229,146021,202979,28113,17154,248,86070,196150,1141845,84114,4372,,,41011,1187230,38729
Okinawa,1991,47946,62563,110509,,,1188,,,111697,14065,23068,12596,6422,12879,949,1153,,18983,11948,102067,9630,,,,4832,106900,4797
Hokkaido,1990,199104,269480,468584,6356,,6509,,,481450,57163,78658,42734,70761,85413,12368,6932,95,17158,83558,454845,26605,2600,,,10352,467797,13652
Tohoku,1990,389870,693614,1083484,67521,,23937,,,1174942,147626,219024,102886,113969,120388,18649,14527,100083,105271,153999,1096425,78517,-989,,,43527,1138963,35978
Tokyo,1990,1495099,2756047,4251147,94918,4782,51495,,,4402343,377913,863527,466919,555852,760153,94012,61975,82648,269483,741654,4274140,128202,1343,,,67787,4343271,59071
Chubu,1990,510475,1285346,1795821,21227,,19735,,,1836784,192680,490115,187277,183803,292918,37235,26790,32678,89630,246334,1779463,57321,270,,,26403,1806137,30647
Hokuriku,1990,111848,269709,381558,8149,,8531,,,398239,49036,47179,30660,41698,38064,6785,4585,2356,95455,51517,367340,30899,217,,,12609,380167,18072
Kansai,1990,772823,1420857,2193681,36096,1180,24595,,,2255553,220060,441571,293378,239393,323681,47717,32312,71134,92724,383857,2145832,109721,1667,,,51771,2199270,56282
Chugoku,1990,296688,542920,839608,38828,12841,14796,,,906074,98628,126630,74522,103977,145082,19639,11420,3810,137146,129584,850442,55632,2181,,,31805,884429,21644
Shikoku,1990,156251,258154,414406,17800,,6837,,,439044,52785,72564,50637,46713,59398,9291,6265,153,22446,77984,398240,40803,1330,,,16074,415645,23399
Kyushu,1990,447793,706671,1154465,2246,3993,19099,,,1179804,149266,165795,132167,145858,212608,26649,16509,183,84515,178464,1112018,67785,-1161,,,35816,1146673,33130
Okinawa,1990,44202,58719,102922,,,1048,,,103970,13234,21426,11396,5309,11828,856,1088,,20000,10602,95742,8227,,,,3765,99508,4462
Hokkaido,1989,189998,253338,443337,4092,,5574,,,453004,52236,75634,42230,65753,86036,9253,6532,85,15919,72303,425985,27018,1959,,,12976,440921,12082
Tohoku,1989,368374,645963,1014338,47414,,24196,,,1085949,136530,175604,90515,104116,117368,17881,13141,105689,99973,151705,1012527,73422,214,,,46109,1058850,27098
Tokyo,1989,1381897,2569305,3951203,102629,3540,44052,,,4101425,351402,736452,428993,500020,700536,90855,57715,58612,258106,733738,3916432,184993,7406,,,103205,4027044,74381
Chubu,1989,466700,1206405,1673106,23138,,15436,,,1711681,184410,376217,185301,165042,277542,35566,25419,26973,89232,249734,1615440,96240,5935,,,46941,1668317,43364
Hokuriku,1989,103148,254842,357990,6584,,8368,,,372944,45574,29622,30090,36551,37904,6677,4201,3153,95521,47296,336594,36349,3643,,,17096,357334,15609
Kansai,1989,693308,1338886,2032194,28434,1110,23669,,,2085408,211455,329162,306471,215427,308418,46369,30445,50179,91896,367651,1957477,127931,6524,,,65008,2029011,56397
Chugoku,1989,268406,504868,773275,22419,9683,16344,,,821721,98713,101839,71372,99830,140501,16235,10365,2433,123175,111791,776258,45463,353,,,27670,804282,17438
Shikoku,1989,141715,241925,383640,11162,,6113,,,400916,53991,58077,48996,41618,59768,9007,5815,154,14771,71093,363294,37621,460,,,18412,382167,18748
Kyushu,1989,402590,651199,1053790,1539,4346,13043,,,1072719,143623,138090,122777,131603,195874,24769,15297,131,61832,171163,1005163,67555,-890,,,42553,1046825,25893
Okinawa,1989,41396,55363,96759,,,813,,,97573,12755,17176,11262,4651,10674,779,978,,20003,10022,,,,,,4415,92719,4853
Hokkaido,1988,181663,243434,425098,2272,,5120,,,432491,51118,80876,38032,62666,62894,9288,6238,44,15243,70685,397089,35401,,,,12491,409581,22910
Tohoku,1988,350501,626872,977373,49600,,26631,,,1053605,117503,144100,98074,102747,117193,17731,12441,118452,98871,137567,964685,88920,5076,,,50796,1020558,33047
Tokyo,1988,1301255,2488208,3789463,117350,4521,39788,,,3951124,338230,576931,433501,484757,713773,86953,56298,53381,243731,688251,3675810,275314,3002,,,152704,3831517,119607
Chubu,1988,449938,1182910,1632849,17326,,16417,,,1666594,165770,309406,185800,154432,270685,32354,24520,24712,94167,252507,1514358,152236,4208,,,76852,1595419,71175
Hokuriku,1988,99053,249532,348585,4637,,6748,,,359970,46090,17119,29678,34142,35032,6560,3997,2900,97986,47910,321420,38549,4320,,,17860,343602,16367
Kansai,1988,662061,1318994,1981055,25067,918,24529,,,2031571,192452,283984,316028,212311,309573,45546,29271,50723,97733,343686,1881313,150258,6601,,,74889,1962804,68767
Chugoku,1988,258875,502173,761048,24780,9477,15900,,,811207,87562,98651,68138,96134,115776,15869,10195,1911,125374,129166,748781,62425,1589,,,29700,780072,31135
Shikoku,1988,137019,239955,376975,11446,,8002,,,396424,51227,51123,51590,40409,59905,8670,5728,47,14051,73425,356180,40243,,,,20877,377057,19366
Kyushu,1988,389938,639082,1029021,321,3440,12507,,,1045291,141647,121865,108328,123851,189840,24165,14819,631,66261,168506,959916,85375,-354,,,49959,1009521,35770
Okinawa,1988,40363,54207,94571,,,1186,,,95757,11922,13845,11386,4671,10317,741,950,,21035,9123,83996,11761,,,,5598,89594,6163
Hokkaido,1987,179425,253678,433103,727,73,4830,,,438735,47052,84604,49904,63199,66646,9077,6352,14,13895,59349,400097,38637,,,,13394,413491,25243
Tohoku,1987,343410,643146,986557,44672,40,30344,,,1061615,113865,155477,90659,107440,121348,17650,12438,125165,96941,123349,964337,97278,-5610,,,51806,1010533,51082
Tokyo,1987,1273657,2513186,3786843,125190,3385,36410,,,3951830,326765,632055,383199,482810,692682,78607,56384,50151,236529,670812,3609998,341831,,,,203506,3813505,138325
Chubu,1987,435749,1172296,1608045,16585,,19571,,,1644202,167759,342745,189406,148599,234463,24520,24309,21136,88933,257849,1499724,144477,,,,75114,1574838,69363
Hokuriku,1987,95464,250012,345477,4231,,8536,,,358245,44317,28812,30832,34639,36272,6422,3933,2383,98061,43570,329244,29000,-8759,,,20954,341439,16805
Kansai,1987,652492,1326209,1978701,21448,724,26359,,,2027234,191275,301470,294283,207143,298981,42619,29225,46038,92258,316927,1820225,207008,-13338,,,102113,1909001,118232
Chugoku,1987,249628,509138,758766,21293,8958,13931,,,802950,93280,99614,65953,92058,114175,14870,9932,1688,137046,104811,733430,69520,,,,35815,769246,33704
Shikoku,1987,133743,239580,373323,12288,8,6117,,,391738,51251,51863,49520,40934,59446,8587,5674,51,14368,62553,344253,47485,,,,23185,367439,24299
Kyushu,1987,377305,643041,1020346,323,4672,11842,,,1037185,130028,114440,124517,123019,185095,23873,14627,131,72093,145766,933594,103590,4665,,,54482,992741,44443
Okinawa,1987,39190,55376,94567,,,1064,,,95631,12293,14508,9700,4934,10166,710,927,,23017,8631,84889,10741,,,,5672,90562,5069
Hokkaido,1986,176447,263484,439931,815,155,4877,,,445779,49288,90612,41548,65054,72330,9264,6422,82,15981,51243,401829,43950,,,,17748,419577,26202
Tohoku,1986,339671,663718,1003390,52128,75,32106,,,1087700,101241,139734,82982,119067,125357,17480,12730,126187,100466,136426,961675,126025,5610,,,66992,1034278,53421
Tokyo,1986,1228593,2523823,3752416,125613,4792,53625,,,3936449,307882,567722,380371,503529,638313,75690,55208,51713,251708,651982,3484122,444096,,,,262812,3746934,189514
Chubu,1986,425927,1192547,1618474,29422,643,19246,,,1667787,159832,325612,184678,139297,169471,23618,24653,42144,59082,216746,1345137,322649,,,,161654,1506791,160995
Hokuriku,1986,91773,250044,341818,7658,42,8454,,,357973,47399,23270,33642,34694,33699,5884,4119,17300,76156,36434,312601,45372,-2929,,,25048,334719,23253
Kansai,1986,632811,1346094,1978906,56528,822,27644,,,2063901,174376,276142,291068,218002,292694,42884,29137,55248,92463,312688,1784706,279194,-15154,,,160022,1929575,134326
Chugoku,1986,243451,528017,771469,10850,3649,17110,,,803079,84200,95166,78710,92205,109973,11894,9755,1876,148299,100798,732880,70199,,,,30609,763489,39589
Shikoku,1986,129813,246662,376475,11531,,5073,,,393080,44579,54696,49321,45643,59553,8372,5702,160,14430,59597,342058,51022,,,,26499,368557,24522
Kyushu,1986,373211,659018,1032230,424,4699,11242,,,1048596,136530,113660,111831,127317,184441,22741,14711,259,79327,144560,935381,113214,,,,66748,1002129,46466
Okinawa,1986,39163,55094,94258,,,1551,,,95809,10548,19117,9230,5681,10672,535,1026,,15137,8203,80151,15657,,,,7999,88151,7657
Hokkaido,1985,174973,280322,455296,1825,292,5202,,,462617,45825,113740,33031,66320,75041,8127,6555,166,23490,55444,427745,34871,,,,13897,441642,20974
Tohoku,1985,353035,736796,1089832,72582,98,33470,,,1195984,104386,281157,76457,128328,129755,17268,14144,125990,113681,115554,1106725,89258,-1379,,,47378,1152725,43258
Tokyo,1985,1294943,2737408,4032351,126435,7459,43610,,,4209856,299858,1116345,329082,517659,580144,63082,59654,74001,282514,543515,3865858,343998,,,,214162,4080021,129835
Chubu,1985,462691,1358853,1821544,38129,850,16196,,,1876720,157275,711273,165473,141258,154999,22683,28014,45875,54885,189183,1670923,205797,,,,112873,1783796,92923
Hokuriku,1985,96685,278958,375644,5982,390,7505,,,389522,42613,69535,30061,35702,33237,5832,4786,6562,70798,35172,334304,55217,5995,,,27023,367323,22198
Kansai,1985,666027,1465453,2131480,48178,1764,22691,,,2204116,178288,504688,256684,237469,303275,35464,31429,77046,64961,284469,1973777,230338,9316,,,144573,2127667,76448
Chugoku,1985,256015,600682,856697,28577,15318,13133,,,913727,87878,182228,73693,84503,91574,11157,10669,6885,196859,88075,833526,80200,,,,42671,876198,37528
Shikoku,1985,134566,285331,419897,13787,47,5302,,,439035,47712,99496,40857,49875,60714,8406,6331,118,17880,57962,389355,49679,,,,29231,418587,20447
Kyushu,1985,385097,723327,1108425,1683,5757,11709,,,1127574,113565,212016,112060,130104,168981,18628,15540,534,105445,149612,1026490,101084,,,,57920,1084411,43163
Okinawa,1985,40508,58100,98609,,,1208,,,99818,9841,48867,4564,6303,11181,533,1283,,47,7560,90183,9634,,,,4942,95126,4692
Hokkaido,1984,170353,274826,445179,960,154,4801,,,451095,45166,123112,33966,61131,62731,8215,6152,645,38647,45908,425678,25416,-338,,,13051,438390,12704
Tohoku,1984,340181,708939,1049120,58186,238,27896,,,1135442,91614,316280,83298,127390,133432,13211,14425,52561,110735,125383,1068334,67108,-11637,,,45544,1102241,33201
Tokyo,1984,1232516,2602052,3834568,54607,5368,28833,,,3923377,286520,1243728,291827,478423,500144,51500,54857,60263,288617,449506,3705389,217987,-28005,,,133004,3810389,112988
Chubu,1984,438356,1295731,1734087,35723,2115,14451,,,1786377,142471,739794,156007,136881,156983,22055,26714,43823,50519,172367,1647614,138763,-17228,,,86496,1716882,69495
Hokuriku,1984,91130,270161,361291,7078,370,8068,,,376808,40770,65281,25994,36367,32164,5518,4318,6799,91204,31557,339978,36830,-4987,,,20512,355503,21305
Kansai,1984,631024,1413708,2044732,44915,2801,18917,,,2111367,164726,597008,215334,226689,249481,30752,30895,82187,60658,292191,1949926,161441,-15630,,,106448,2040744,70622
Chugoku,1984,243888,592075,835964,37112,16279,13369,,,902724,86550,200103,67496,80242,85814,10235,10249,13910,206487,76263,837355,65369,,,,29097,866453,36271
Shikoku,1984,127886,276931,404818,20381,339,5187,,,430726,39686,102560,39024,52498,63688,7744,6213,185,17458,55737,384799,45927,,,,26720,411520,19206
Kyushu,1984,365578,701853,1067431,1761,6253,12123,,,1087570,120514,243305,103158,121319,142709,14834,14893,350,108021,133595,1002701,84869,-2495,,,53413,1053619,33951
Okinawa,1984,39483,55882,95365,,,784,,,96149,9812,47890,4364,6692,8937,536,1241,,49,7223,86748,9401,,,,4797,91546,4603
Hokkaido,1983,164027,269662,433690,1701,383,4873,,,440649,41230,117172,40637,59565,61561,6738,6064,585,33819,47536,,,-3241,,,14372,426043,14606
Tohoku,1983,321628,667381,989010,65668,361,28377,,,1083418,93976,306401,78942,115400,103259,12041,13377,75330,106424,101980,,,-108,,3105,33271,1043403,40014
Tokyo,1983,1162144,2449600,3611745,75598,5824,28548,,,3721716,261433,1148448,295423,444070,421842,50540,51211,68741,307873,415263,,,10839,,,124134,3599823,121893
Chubu,1983,417763,1227773,1645537,41784,610,14854,,,1702787,146863,669074,132560,138091,154794,20311,25315,45811,52234,156485,,,1790,,,86375,1629709,73077
Hokuriku,1983,86872,258107,344979,11091,668,8429,,,365169,34510,67810,24321,37613,32631,5636,4313,11470,75327,29323,,,4705,,,19202,346866,18303
Kansai,1983,608979,1358885,1967865,52134,3302,19300,,,2042601,166485,614767,214629,217161,220776,29678,29610,92798,60535,224907,,,12653,,,93887,1977893,64708
Chugoku,1983,233740,573157,806898,38437,11768,14947,,,872051,84710,205115,58319,79124,85292,10056,10017,13485,191359,65996,,,-1039,,,36898,839332,32719
Shikoku,1983,124124,269653,393777,21292,287,6496,,,421853,43308,105204,34820,52630,63978,7478,6068,165,16632,51087,,,-4075,,,24647,401946,19907
Kyushu,1983,354659,677281,1031940,1056,6206,12654,,,1051858,113073,278150,88421,114708,119461,13070,14304,375,108606,123521,,,1560,,,34213,1009466,42392
Okinawa,1983,38986,53715,92702,,,680,,,93382,9797,47260,3756,7231,9502,528,1206,,20,7244,86548,6833,,,,895,87444,5937
Hokkaido,1982,156530,263585,420116,1505,211,5203,,,427037,42479,117546,40621,50695,53942,6195,5819,806,35222,41178,,,-418,,,15949,410051,16986
Tohoku,1982,302984,638545,941529,68282,1221,24298,,,1035332,80835,345524,72999,97854,84232,11115,12491,94334,102135,79556,,,-3992,,,27272,1004360,30972
Tokyo,1982,1070256,2294964,3365221,95882,6310,28383,,,3495798,248579,1338038,203943,393168,376439,43597,48697,70061,271437,303044,,,930,,,90076,3388014,107783
Chubu,1982,379698,1153684,1533382,41243,135,15647,,,1590408,123917,720069,99824,134507,148887,19491,23910,47889,54282,121693,,,1678,,,42193,1538345,52063
Hokuriku,1982,79829,245250,325080,11562,1130,8656,,,346430,36344,83710,19591,36913,31937,5735,3940,12904,75548,27341,,,-3994,,,7558,337532,8897
Kansai,1982,539401,1285106,1824507,56590,3884,18880,,,1903863,149371,650699,179724,206399,213546,27423,27342,97847,61556,189235,,,-3796,,,49034,1848375,55487
Chugoku,1982,213131,556658,769789,43535,17194,15460,,,845979,72159,269692,58982,75590,76593,9384,9847,14169,169445,56859,,,-2922,,,16506,826304,19675
Shikoku,1982,112197,260460,372658,18797,2,6260,,,397719,41658,114528,33571,48887,54025,4876,5725,143,15715,44261,,,-393,,,19159,381860,15858
Kyushu,1982,325336,644661,969998,1188,7141,15272,,,793600,105828,317282,74803,101132,105353,12668,13254,431,115907,82390,,,-2190,,,28926,955787,37812
Okinawa,1982,35574,49410,84985,,,609,,,85594,9515,51581,2493,7353,6809,533,1106,,,5437,84831,763,,,,,84831,763
Hokkaido,1981,141664,236568,378233,504,174,5040,,,383950,36506,113166,37565,46527,41508,6084,5155,1785,35471,35705,,,3999,,,9611,373080,10870
Tohoku,1981,293833,622167,916000,59408,3063,17787,,,996259,78296,318306,78098,84627,76209,9698,12413,59800,105201,86394,,,13707,,,34258,957008,39250
Tokyo,1981,1035914,2216891,3252805,63960,4766,79340,,,3400872,247321,1286789,244566,359767,391930,40340,46673,61393,264498,341121,,,11145,,,47327,3342870,58002
Chubu,1981,367001,1141528,1508528,44729,88,15377,,,1568721,120396,702914,98579,123867,147435,16993,23279,48132,51991,127084,,,5010,,,53228,1518909,49813
Hokuriku,1981,78324,243589,321913,8951,1146,8823,,,340832,30481,76355,21326,32012,29965,3711,3985,10778,67051,30621,,,8971,,,12147,327403,13429
Kansai,1981,536707,1259431,1796138,51097,3716,19180,,,1870130,146160,635600,180783,186048,208553,26290,26977,90032,57339,186553,,,11506,,,60260,1816101,54029
Chugoku,1981,210217,553792,764010,37425,10312,14798,,,826544,63797,264872,60477,70273,69605,7993,9703,5254,164981,63812,,,-1111,,,22526,802181,24363
Shikoku,1981,109801,260900,370701,9596,1,23028,,,403327,39513,137764,31526,41644,57223,4419,5612,469,10964,47395,,,-1042,,,13487,388974,14353
Kyushu,1981,319220,632551,951772,2493,5920,18714,,,978898,94435,330761,79389,91941,103506,10288,13140,519,106856,86864,,,-4978,,,33017,945737,33161
Okinawa,1981,34,46,80,,,1,,,81111,9,48,3,7,7,1,1,,,5,80230,881,,,,,80230,881
Hokkaido,1980,126214,211502,337717,262,193,4899,,,343071,39094,116503,27926,40056,29734,4631,4585,1324,33065,32340,,,-373,,,6803,335689,7382
Tohoku,1980,276176,603033,879209,55003,1652,17446,,,953311,81242,332401,60445,71989,63311,8531,12435,40583,104431,78441,,,1851,,,48201,903861,49450
Tokyo,1980,968323,2098674,3066997,47145,5210,42600,,,3161951,228167,1108518,240122,336661,336049,36598,43871,58880,242543,289484,,,5091,,,106163,3032147,129804
Chubu,1980,342989,1098437,1441427,47646,46,15957,,,1505076,121955,630020,95597,116779,130727,15361,22222,49528,51180,105348,,,8282,,,68142,1415142,89934
Hokuriku,1980,73143,238314,311457,8923,979,10207,,,331565,34011,76906,21712,26474,19623,3648,3953,10018,58155,26314,,,8115,,,19957,308887,22678
Kansai,1980,496529,1215827,1712356,49949,3551,28355,,,1794211,129757,551654,163746,184648,199745,25475,25328,90400,56473,165549,,,14107,,,91668,1698550,95661
Chugoku,1980,193664,542482,736145,36461,10995,14612,,,798213,57299,284359,56948,62472,54940,7405,9821,7680,126299,50073,,,5073,,,35026,757396,40817
Shikoku,1980,102573,256296,358869,9140,1480,8698,,,378187,36455,146701,29475,36820,32416,4296,5483,850,8457,36341,,,3437,,,18290,359023,19164
Kyushu,1980,294262,599497,893760,5244,8980,14986,,,922969,88614,300765,74493,84842,77208,9428,12557,511,88671,89193,,,8104,,,42543,876928,46041
Okinawa,1980,31,41,72,,,1,,,72992,8,47,2,6,6,1,1,,,5,75128,-2136,,,,,75128,-2136
Hokkaido,1979,94800,151837,246637,89,136,5237,,,252098,36098,76399,22809,31538,21885,4381,3261,81,31056,23131,,,373,,,545,251555,543
Tohoku,1979,191917,362219,554136,39350,1846,11668,,,607000,76112,199646,35181,57274,45003,7378,6930,25333,118860,43155,,,1560,,,-1362,615069,-8069
Tokyo,1979,668118,1318654,1986772,31044,4414,33314,,,2055543,218807,729310,163662,258899,219720,29228,28026,40537,188437,212439,,,,,,,2089064,-33521
Chubu,1979,243683,712792,956475,33561,30,16027,,,1006092,108468,465008,90603,89222,97272,14609,14653,29754,43840,76249,,,467,,,,1030145,-24053
Hokuriku,1979,52342,158371,210713,7053,195,6982,,,224943,32726,56962,19583,22419,17609,2870,2624,7541,46941,18654,,,698,,,,228628,-3685
Kansai,1979,363393,822369,1185762,29047,1979,20218,,,1237006,130762,446936,121445,156153,144310,19466,17356,63490,45497,120023,,,336,,,-10002,1255773,-18767
Chugoku,1979,131132,319286,450418,21863,3636,11890,,,487807,57209,200501,40795,45911,37322,5913,5963,1160,81674,36654,,,,,,-9332,503769,-15963
Shikoku,1979,75094,164909,240003,5942,14,6877,,,252835,35316,85348,23715,31807,29285,4114,3657,112,6825,28400,,,1799,,,1600,251979,857
Kyushu,1979,212591,391356,603947,195,4981,9636,,,618759,91596,241189,55061,62798,57669,8452,8549,135,52689,47002,,,,,,,625139,-6380
Okinawa,1979,20,26,46,,,1,,,47281,8,26,2,5,5,1,1,,,5,51632,-4454,,,,,51632,-4351
Hokkaido,1978,87356,132991,220346,,71,3732,,,224150,35754,54149,23470,26436,18511,3217,2955,,24907,22931,,,,,195,4389,216914,7236
Tohoku,1978,178945,323006,501951,30477,542,10685,,,543654,74118,117771,42783,52714,43120,6775,6602,23384,78310,45469,,,,,2079,24570,517698,25956
Tokyo,1978,615966,1165324,1781290,26488,3647,26526,,,1837951,205882,473305,195517,201099,173584,24041,25717,31862,157747,180897,,,,,14894,70832,1755377,82574
Chubu,1978,224154,634636,858789,22952,31,21791,,,903564,101954,272599,94205,86355,111540,10989,12865,24226,40315,74592,,,-4504,,900,34633,860671,42893
Hokuriku,1978,49187,144889,194075,7072,215,6799,,,208162,32434,33185,18508,19402,16730,2766,2512,7307,33476,16195,,,-2089,,2129,12706,195261,12901
Kansai,1978,341891,741624,1083515,26285,1714,20697,,,1132212,124734,284634,149955,130356,113616,17409,16054,46623,40858,129790,,,-5593,,1209,36699,1086343,45869
Chugoku,1978,124222,286354,410576,16273,3385,8530,,,438764,51847,115340,42884,37634,40875,5424,5509,2496,64389,33241,,,-91,,424,13165,413140,25624
Shikoku,1978,69587,145437,215024,6390,86,5323,,,226823,32829,55800,21202,27760,29922,3947,3293,64,6499,24334,,,-2512,,3798,8349,215286,11536
Kyushu,1978,193214,346464,539678,270,5926,7749,,,553623,87486,145733,57238,53548,50614,7521,7666,245,48342,46760,,,,,10228,18054,533435,20188
Okinawa,1978,18,24,42,,,1,,,42825,8,15,2,5,5,,,,,4,40069,2755,,,42,,40111,2713
Hokkaido,1977,79726,123126,202852,,196,4057,,,207104,34459,48647,17316,22013,15535,2723,2693,,25227,20094,,,-1771,,581,9097,196614,10490
Tohoku,1977,166666,322265,488931,35469,845,12928,,,538173,71327,157131,38043,50275,41655,5711,6680,23336,65152,34111,,,-796,,1090,20433,514145,24027
Tokyo,1977,581144,1144507,1725652,27465,3991,24311,,,1781419,193578,592949,161949,182063,138277,20370,24392,38723,137753,143332,,,-4297,,15157,62048,1706296,75123
Chubu,1977,212754,634853,847607,21897,45,10262,,,879811,96249,322955,75389,80205,62689,10448,12648,23096,39065,66853,,,-4839,,9952,41505,836215,43596
Hokuriku,1977,46286,143150,189437,4444,2017,6299,,,202198,28356,51375,15517,19854,17213,2676,2511,5168,22814,17562,,,-5312,,375,12410,190519,11678
Kansai,1977,321352,737795,1059147,22087,2012,14537,,,1097783,106540,344029,122641,119833,104596,15796,15721,43232,41200,97764,,,-11095,,10977,33863,1045098,52685
Chugoku,1977,115020,279379,394399,17531,6034,9574,,,427539,51459,130388,39258,34694,28652,4739,5238,1838,71169,27459,,,-2570,,768,12860,405951,21588
Shikoku,1977,65021,144743,209765,6580,536,5402,,,222283,31499,57970,20671,25070,27606,2912,3221,79,6542,21929,,,-859,,4686,10214,211540,10743
Kyushu,1977,180230,344865,525096,373,6450,8615,,,540533,84989,162709,45612,49691,55522,6632,7544,375,39121,39902,,,-1530,,5972,20520,517060,23473
Okinawa,1977,18,23,40,,,,,,40643,7,18,2,5,4,,,,,4,40113,529,,,60,,40174,469
Hokkaido,1976,68576,105473,174049,,94,5067,,,179210,30922,39087,16464,18096,12311,2405,2212,,28365,18518,,,-2560,,82,6289,172191,7019
Tohoku,1976,145255,287351,432606,35603,205,11820,,,480234,65358,147150,21958,43574,37074,5016,5853,29948,56697,34936,,,796,,261,14470,463092,17142
Tokyo,1976,505490,992758,1498249,32976,4748,18193,,,1554166,171672,558181,120381,155108,115749,17926,21130,37652,128911,123816,,,2414,,14008,39973,1506920,47245
Chubu,1976,183605,552808,736414,22650,56,10631,,,769751,86034,297814,54488,68937,75625,8578,10831,23211,35899,49938,,,4730,,6105,21044,743235,26516
Hokuriku,1976,41133,132059,173192,4216,739,6293,,,184440,26695,42321,11202,19484,17617,2488,2409,5708,21986,14875,,,4343,,669,7172,176970,7470
Kansai,1976,280058,656913,936971,23143,1625,11321,,,973061,96872,313320,104270,107372,102850,14203,13810,43149,38746,69629,,,7037,,4065,21869,937192,35869
Chugoku,1976,98729,251506,350234,18097,5851,9969,,,384151,46377,126129,33120,30101,25218,3819,4596,2505,69569,23576,,,848,,225,6374,372457,11694
Shikoku,1976,55543,126963,182506,5331,18,4394,,,192249,27279,67490,13599,20433,16685,2296,2788,89,5745,18889,,,1629,,1809,6067,184798,7451
Kyushu,1976,155762,292885,448648,582,4968,9311,,,463509,77019,140024,39932,45766,48602,5772,6407,337,39630,31805,,,1163,,2607,11035,450100,13409
Okinawa,1976,14,19,33,,,,,,33787,7,16,1,5,4,,,,,3,36558,-2793,,,,,36558,-2771
Hokkaido,1975,53162,78391,131552,,239,3736,,,135527,27921,26962,9594,14685,10993,2059,1717,,18622,14227,,,1338,,,2950,131068,4459
Tohoku,1975,115998,222232,338230,30722,312,13392,,,382656,60489,129673,17874,35285,26436,4459,4698,20522,43434,24962,,,-253,,,5797,373377,9279
Tokyo,1975,429553,820059,1249612,24727,6098,20593,,,1301031,155398,496342,78366,132852,102631,15738,17557,33889,117070,85043,,,309,,,27429,1262625,38405
Chubu,1975,153490,453520,607010,23133,222,9216,,,639581,78100,271079,27528,55047,48831,7639,8699,23690,33074,43176,,,2561,,,17093,616518,23063
Hokuriku,1975,33293,102284,135577,5340,1088,6827,,,148833,24533,36157,6192,17876,12530,2369,1791,6473,20390,11245,,,2293,,,2720,144569,4264
Kansai,1975,236732,535475,772207,23785,1883,9358,,,807233,87400,296829,58873,94310,70282,12525,11165,42294,34276,56079,,,6156,,,11837,782027,25206
Chugoku,1975,83051,204842,287893,16038,4657,9298,,,317885,45821,96799,26789,23878,20626,3511,3753,1225,61624,18199,,,1504,,245,4709,308683,9202
Shikoku,1975,46254,103124,149377,4403,24,4512,,,158316,26193,55360,9931,16265,13406,1893,2277,80,5420,13683,,,1225,,900,5249,151883,6433
Kyushu,1975,125971,221801,347772,395,2980,10442,,,361589,70046,113021,24305,36660,27797,4378,4838,370,39824,24355,,,300,,,6773,352667,8922
Okinawa,1975,,,,,,,,,22756,,,,,,,,,,,,,,,,,27114,-4358
Hokkaido,1974,45971,67236,113207,,179,3050,,,116435,25549,20754,10963,11274,9868,1673,1452,,17605,10439,,,825,,,2645,113049,3387
Tohoku,1974,101829,196757,298585,25542,1329,10130,,,335586,57685,114702,19552,29715,23635,3875,4271,16460,31695,18076,,,253,,,6269,326187,9399
Tokyo,1974,375060,703715,1078774,20455,7451,21171,,,1127851,141032,432879,67550,117781,91041,12893,15268,28753,100465,71872,,,1574,,,19239,1100345,27506
Chubu,1974,134150,394114,528264,18455,696,8897,,,556313,68678,266932,17385,47347,43764,6452,7575,18887,28897,28486,,,1872,,,5950,542223,14090
Hokuriku,1974,29109,93553,122662,5656,1350,4487,,,134155,22451,37666,5520,14227,9907,1873,1627,6712,18431,8783,,,523,,,2369,130089,4065
Kansai,1974,206873,478025,684898,19930,1561,10980,,,717368,81441,279738,46296,79040,62153,10001,9663,34884,30681,45874,,,2397,,,14979,697146,20222
Chugoku,1974,70740,180203,250943,12375,4360,6374,,,274052,43285,93943,20793,20197,18206,2597,3328,819,48576,13041,,,-132,,,2937,267590,6462
Shikoku,1974,40176,93022,133199,4189,1209,2940,,,141537,22910,58827,9579,12341,10704,1624,2050,81,4902,9857,,,322,,,3675,136872,4665
Kyushu,1974,107735,192052,299787,233,3738,16701,,,320459,64379,115363,16397,29443,23663,3777,4184,239,31519,18874,,,67,,,5136,313043,7416
Okinawa,1974,,,,,,,,,13583,,,,,,,,,,,,,,,,,19918,-6335
Hokkaido,1973,35436,42290,77726,,1141,3180,,,82047,18895,12282,9622,8365,9693,1336,1071,,8345,7941,,,119,,,1487,79157,2890
Tohoku,1973,82048,112522,194571,10786,344,11664,,,217364,43328,51851,17491,23577,25285,3225,2765,5848,21727,14773,,,-765,,,2485,211591,5773
Tokyo,1973,282030,411914,693944,7892,2409,41400,,,745645,106986,231399,52814,85457,94885,10314,9624,12170,62204,59756,,,-96,,,8527,734040,11605
Chubu,1973,103458,224388,327845,9205,226,18752,,,356028,52384,124526,23877,35737,46295,5288,4665,7650,22673,22955,,,-2420,,,4736,348366,7663
Hokuriku,1973,23036,56160,79196,5056,427,6588,,,91267,16789,14483,4927,10152,10490,1608,997,6980,14587,6464,,,-1505,,,1700,87670,3597
Kansai,1973,154418,290662,445080,10137,712,21955,,,477884,62068,149208,51400,59955,54009,7320,6340,13872,22539,34929,,,-3514,,,7036,465161,12722
Chugoku,1973,54734,102080,156814,1923,2043,11596,,,172376,32263,50968,14647,12255,19277,1996,2094,1292,23193,12060,,,-1436,,,2093,170702,1674
Shikoku,1973,30325,54277,84602,2292,770,2304,,,89968,17401,25419,8029,9649,9604,1197,1294,141,4007,8029,,,-320,,,2095,86545,3423
Kyushu,1973,85200,118488,203688,786,1510,9311,,,215295,48658,49607,18025,22255,26784,2875,2894,127,19082,18286,,,-888,,,2686,210391,4904
Okinawa,1973,,,,,,,,,9775,,,,,,,,,,,,,,,,,9773,2
Hokkaido,1972,32053,37174,69227,,617,1873,,,71717,14851,8316,7734,7309,10907,1260,954,,7036,7253,,,149,,,2171,67940,3776
Tohoku,1972,74074,100113,174188,5772,70,5450,,,185479,36608,25914,16172,20129,28900,2875,2433,5521,18966,14180,,,-110,,,4845,176433,9046
Tokyo,1972,254821,376530,631351,7362,1255,15088,,,655057,90363,137993,51811,76583,108270,8733,8936,7167,47447,68997,,,-428,,,18749,624620,30437
Chubu,1972,94214,200415,294629,10941,125,5147,,,310842,44786,65031,26266,31683,54015,4470,4192,9197,20969,25255,,,1387,,,8505,295757,15085
Hokuriku,1972,20900,50271,71170,5575,253,3338,,,80336,14911,7179,4041,8885,10813,1488,953,5074,12056,5940,,,800,,,3305,75445,4892
Kansai,1972,134716,233741,368457,10329,628,14540,,,393954,51564,80813,43400,41649,71117,6095,5171,14980,23055,35276,,,2506,,,5170,380796,13158
Chugoku,1972,49165,86667,135832,1104,2101,5360,,,144398,31947,24199,11392,9732,17961,1663,1828,751,19679,11425,,,721,,,7017,138315,6083
Shikoku,1972,26517,42303,68820,1280,886,1727,,,72713,14813,13498,7039,7325,11162,1050,1042,53,4140,6060,,,826,,,2095,69103,3610
Kyushu,1972,76655,101075,177730,468,1107,5537,,,184842,41499,27686,17108,17901,27408,2496,2554,87,15085,17958,,,740,,,5433,175955,8886
Okinawa,1972,,,,,,,,,7290,,,,,,,,,,,,,,,,,7284,6
Hokkaido,1971,28558,35573,64131,,81,1928,,,66140,13356,7191,7589,6731,10770,1203,883,,6110,5943,,,84,,,2257,62117,4023
Tohoku,1971,66479,93993,160472,6927,,4410,,,171809,34393,21824,16676,17825,25895,2607,2265,5865,17102,13310,,,874,,,5048,163684,8125
Tokyo,1971,230571,339003,569574,7859,786,13005,,,591225,80630,117646,46167,69535,103927,7802,7997,8335,46375,57018,,,524,,,15863,561816,29409
Chubu,1971,84387,179091,263478,8297,131,3946,,,275851,40663,50512,24483,26469,47564,3855,3697,8230,20976,22632,,,1214,,,9463,259758,16093
Hokuriku,1971,18767,47575,66342,3415,382,3125,,,73264,13379,5259,5117,8630,9909,1387,879,4310,11028,5122,,,961,,,2830,68811,4454
Kansai,1971,120796,211650,332447,8523,628,8036,,,349634,45977,67119,38158,34874,59603,5473,4690,9552,22219,33915,,,1968,,,8765,332313,17320
Chugoku,1971,43743,77092,120835,910,1372,2587,,,125704,29449,18425,10174,8034,14452,1484,1598,1093,18781,10243,,,88,,,6519,120340,5364
Shikoku,1971,23834,34715,58549,1272,955,2062,,,62838,12845,10253,5950,6295,9674,939,887,388,3806,5696,,,41,,,2213,58987,3850
Kyushu,1971,68924,88652,157575,695,374,6313,,,164957,38130,23215,15090,15763,23604,2203,2247,124,15849,15655,,,132,,,4645,156657,8300
Okinawa,1971,,,,,,,,,,,,,,,,,,,,,,,,,,,
Hokkaido,1970,25257,35513,60770,,,1586,,,62356,11773,8827,7642,6108,10383,1168,863,,3774,5077,,,2,,,2450,58068,4288
Tohoku,1970,59389,91368,150756,7217,,3634,,,161607,31264,20659,15858,15522,24110,2477,2107,7181,16405,11678,,,-495,,,5976,152742,8865
Tokyo,1970,204420,311822,516243,9853,397,15197,,,541691,72256,95870,51468,60502,94007,7070,7252,9235,43533,54724,,,,,,16813,512730,28961
Chubu,1970,75521,166821,242341,8612,140,3228,,,254322,40150,44950,27423,21544,39098,3422,3390,7958,20707,19247,,,,,,11128,239017,15304
Hokuriku,1970,16821,48127,64948,4028,14,2426,,,71416,12077,5691,5519,7817,9766,1328,862,7353,7700,7232,,,-275,,,2590,67659,3757
Kansai,1970,109188,201269,310457,10014,382,9544,,,330397,45428,58806,38913,30445,58081,4948,4380,9486,21920,32067,,,87,,,9724,314284,16113
Chugoku,1970,39123,68901,108025,674,908,2511,,,112118,26962,13958,9320,6661,12565,1398,1403,1488,17603,8920,,,223,,,6601,107101,5017
Shikoku,1970,21374,29786,51160,2300,1313,1210,,,55983,11385,7945,5651,5492,9342,839,792,37,4501,4642,,,222,,,1942,52791,3192
Kyushu,1970,62332,81393,143725,135,297,4372,,,148529,35589,21486,16114,13891,21982,2077,2071,96,11563,12071,,,4,,,4355,141300,7229
Okinawa,1970,,,,,,,,,,,,,,,,,,,,,,,,,,,
