Company,Year_term,Fund requirements (construction funds) (M. JPY),Construction funds (M. JPY),Deferred payment for imported products (M. JPY),Deferred payment for domestic products   (M. JPY),Amortization (M. JPY),Bonds (M. JPY),Borrowings (M. JPY),Commercial bank loans (M. JPY),Bond issuing bank loans (M. JPY),Governmental financial institution (M. JPY),Other loans (M. JPY),Total (M. JPY),Internal funds (M. JPY),Internal reserves (M. JPY),Depreciation (M. JPY),Miscellaneous amortization (M. JPY),Reserves and provisions (M. JPY),Others (M. JPY),Customer contribution &c. (M. JPY),Capital increase (amount of issue) (M. JPY),Net proceeds from capital increase (M. JPY),External funds (M. JPY),"Bonds 
(amount of issue) (M. JPY)","Proceeds from 
bond issue (M. JPY)",Borrowings2 (M. JPY),Commercial bank loans2 (M. JPY),Bond issuing bank loans2 (M. JPY),Governmental financial institution2 (M. JPY),Other loans2 (M. JPY),Deferred payment borrowed money (M. JPY),Foreign capital deferred payment borrowed money (M. JPY),Domestic deferred payment borrowed money (M. JPY),Total2 (M. JPY)
会社名,年期,総工事資金,工事資金,外資延払,国内延払,債務償還,社債,借入金,市中銀行,債券発行銀行,政府系金融機関,その他借入金,合計,自己資金,内部留保,減価償却費,諸償却費,積立金,その他,工事費負担金等,増資発行額,増資手取額,外部資金,社債発行額,社債手取額,借入金2,市中銀行2,債券発行銀行2,政府系金融機関2,その他借入金2,延払借入,外資延払借入,国内延払借入,合計2
Hokkaido,2015,150663,150663,,,225185,130000,95185,,,,81362,375848,156847,107463,85003,343,,22116,49383,,,219001,80000,79732,139269,,,,129269,,,,375848
Tohoku,2015,290939,290939,,,594376,217481,376895,,,,346502,885315,374910,334658,223011,214,,111432,40252,,,510405,180000,180565,329840,,,,309840,,,,885315
Tokyo,2015,654422,654422,,,1451019,438100,1012919,,,,777417,2105441,1051522,675638,603775,-37,,71901,375883,,,1053919,17722,17714,1036205,,,,641090,,,,2105441
Chubu,2015,244072,244072,,,971489,172050,799439,,,,731800,1215561,564966,387573,239356,204,0,148013,177393,0,0,650595,60000,59795,590800,,,,570800,,,,1215561
Hokuriku,2015,97971,97971,,,83689,60000,23689,,,,17500,181661,50918,48205,63696,6,0,-15497,2712,0,0,130743,70000,69743,61000,,,,51000,,,,181661
Kansai,2015,253416,253416,,,832733,230000,602733,,,,561560,1086150,632455,404365,281975,304,,122085,228090,,,453695,100000,99695,354000,,,,334000,,,,1086150
Chugoku,2015,185957,185957,,,453951,55000,398951,,,,376055,639908,221515,115878,94290,179,,21408,105637,,,418392,50000,49822,368570,,,,338570,,,,639908
Shikoku,2015,81270,81270,,,68082,10000,58082,,,,56000,149352,73421,68213,55298,68,,12845,5207,,,75931,20000,19931,56000,,,,56000,,,,149352
Kyushu,2015,284090,284090,,,458205,219360,238845,,,,199030,742295,432474,269464,167024,0,0,102440,163010,0,0,309821,60000,59821,250000,,,,220000,,,,742295
Okinawa,2015,17647,17647,,,137213,10000,127213,,,,113000,154860,30260,28343,26143,311,,1888,1917,,,124600,,,124600,,,,114600,,,,154860
Hokkaido,2014,118415,118415,,,160394,35000,125394,,,,116215,278810,119110,76191,87742,528,,-12078,-6887,50000,49806,159699,60000,59811,99888,,,,91888,,,,278810
Tohoku,2014,235997,235997,,,608165,352490,255675,,,,228194,844162,426552,340335,203525,399,,136410,86216,,,417610,120000,119610,298000,,,,264000,,,,844162
Tokyo,2014,571047,571047,,,1029804,446400,583404,,,,534197,1600852,1174572,696914,605586,-37,,91365,477657,,,426279,99685,99647,326632,,,,285812,,,,1600852
Chubu,2014,216580,216580,,,1059950,282800,777150,,,,746315,1276530,560993,302646,253824,263,0,48559,258347,0,0,715537,80000,79737,635800,,,,620800,,,,1276530
Hokuriku,2014,115722,115722,,,134187,108200,25987,,,,18194,249909,120942,118992,66830,15,,52146,1950,,,128967,65000,64767,64200,,,,54200,,,,249909
Kansai,2014,299800,299800,,,750446,150000,600446,,,,554700,1050246,379516,193256,298335,269,,-105349,186260,,,670730,100000,99730,571000,,,,551000,,,,1050246
Chugoku,2014,146271,146271,,,476049,140000,336049,,,,313582,622321,41558,135641,97346,310,,37984,-94082,,,580762,170000,169692,411070,,,,401070,,,,622321
Shikoku,2014,59584,59584,,,93872,60000,33872,,,,31750,153456,85840,78267,55788,134,,22345,7573,,,67615,40000,39865,27750,,,,22750,,,,153456
Kyushu,2014,228362,228362,,,294575,100000,194575,,,,175485,522937,44366,32114,164721,0,0,-132607,-87345,100000,99597,478571,140000,139571,339000,,,,294000,,,,522937
Okinawa,2014,24461,24461,,,191946,5000,186946,,,,170976,216407,26425,31678,27315,143,,4219,-5253,,,189982,5000,4982,185000,,,,175000,,,,216407
Hokkaido,2013,137923,137923,,,163853,85000,78853,,,,71676,301777,-25037,-4847,89784,381,,-95013,-20190,,,326815,110000,109698,217117,,,,176117,,,,301777
Tohoku,2013,231843,231843,,,393639,204100,189539,,,,164415,625482,144078,226505,229905,414,,-3813,-82427,,,481403,110000,109603,371800,,,,331800,,,,625482
Tokyo,2013,547276,547276,,,1147203,635564,511639,,,,316787,1694479,839333,598215,625622,-8,,-27398,241118,,,855145,479791,479730,375415,,,,30950,,,,1694479
Chubu,2013,224703,224703,,,778756,166000,612756,,,,594977,1003459,227025,203096,262106,66,0,-59076,23929,0,0,776434,20000,19934,756500,,,,704500,,,,1003459
Hokuriku,2013,61482,61482,,,82159,40000,42159,,,,33949,143641,3173,1772,66980,12,,-65219,1400,,,140468,70000,69768,70700,,,,70700,,,,143614
Kansai,2013,325033,325033,,,693462,220000,473462,,,,438714,1018496,144794,268181,298596,298,,-30713,-123387,,,873701,160000,159701,714000,,,,669000,,,,1018496
Chugoku,2013,130466,130466,,,570153,80000,490153,,,,465799,700620,79911,73512,97207,364,,-24059,6399,,,620708,120000,119638,501070,,,,451070,,,,700620
Shikoku,2013,58797,58797,,,82337,20000,62337,,,,60215,141134,58271,88643,56945,136,,31561,-30372,,,82863,40000,39863,43000,,,,38000,,,,141134
Kyushu,2013,216181,216181,,,367001,163842,203159,,,,185960,583182,21894,57899,172333,0,0,-114434,-36005,0,0,561288,195000,194488,366800,,,,312800,,,,583182
Okinawa,2013,26855,26855,,,72788,,72788,,,,57152,99644,32343,32580,28897,67,,3614,-236,,,67300,,,67300,,,,57300,,,,99644
Hokkaido,2012,107230,107230,,,128024,40000,88024,,,,80847,235255,-73938,-33843,92047,277,,-126167,-40095,,,309194,80000,79805,229389,,,,191889,,,,235255
Tohoku,2012,261990,261990,,,738501,120000,618501,,,,593249,1000492,27773,104719,212704,382,,-108367,-76945,,,972718,120000,119638,853080,,,,753080,,,,1000492
Tokyo,2012,650261,650261,,,2118878,747900,1370978,,,,1253936,2769139,1035787,388383,593176,-5,,-204786,-350046,1000000,997449,1733351,726405,726246,1007105,,,,718686,,,,2769139
Chubu,2012,300186,300186,,,763437,183000,580437,,,,561669,1063623,7873,185695,260297,50,0,-74652,-177822,0,0,1055750,20000,19950,1035800,,,,935800,,,,1063623
Hokuriku,2012,63819,63819,,,99945,45000,54945,,,,46516,163764,52037,50613,70970,14,,-20370,1423,,,111727,50000,49827,61900,,,,61900,,,,163764
Kansai,2012,334405,334405,,,1070542,136400,934142,,,,897559,1404947,-9246,38154,294907,305,,-257057,-47401,,,1414194,150000,149694,1264500,,,,1134500,,,,1404947
Chugoku,2012,112158,112158,,,665594,75000,590594,,,,566846,777752,27221,68864,102072,200,,-33408,-41643,,,750531,70000,69801,680730,,,,650730,,,,777752
Shikoku,2012,53151,53151,,,142704,40000,102704,,,,100432,195855,-9940,1764,60322,205,,-58763,-11704,,,205795,70000,69795,136000,,,,136000,,,,195855
Kyushu,2012,155669,155669,,,274115,120000,154115,,,,135684,429784,-272952,-160894,180180,0,0,-341074,-112058,0,0,702736,140000,139736,563000,,,,453000,,,,429784
Okinawa,2012,47852,47852,,,115916,10000,105916,,,,89752,163769,27983,27793,23952,341,,3499,189,,,135785,10000,9966,125819,,,,115819,,,,163769
Hokkaido,2011,107200,107200,,,149807,44674,105133,,,,99010,257008,60948,75357,99233,59,,-23935,-14408,,,196060,,,196060,,,,156060,,,,257008
Tohoku,2011,269306,269306,,,1028443,118900,909543,,,,882087,1297750,-117145,-68740,214129,168,,-283038,-48405,,,1414895,60000,59855,1355040,,,,1205040,,,,1297750
Tokyo,2011,674408,674408,,,1716284,548901,1167383,,,,1101609,2390692,1301050,51144,645547,-36,,-594366,1249906,,,1089642,,,1089642,,,,945888,,,,2390692
Chubu,2011,252732,252732,,,1040271,139100,901171,,,,877700,1293003,-241897,159959,271622,0,0,-111663,-401856,0,0,1534900,0,0,1534900,,,,1284900,,,,1293003
Hokuriku,2011,54767,54767,,,106791,70000,36791,,,,28089,161558,34558,32509,77537,14,,-45041,2048,,,127000,,,127000,,,,117000,,,,161558
Kansai,2011,319133,319133,,,1114540,170217,944323,,,,906348,1433674,-167325,-4856,317196,,,-322053,-162468,,,1601000,,,1601000,,,,1459000,,,,1433674
Chugoku,2011,142288,142288,,,696620,80000,616620,,,,592706,838908,106768,125439,111672,2,,13764,-18670,,,732140,,,732140,,,,682140,,,,838908
Shikoku,2011,68589,68589,,,68280,40000,28280,,,,25747,136870,53870,55954,65264,1,,-9311,-2084,,,83000,,,83000,,,,83000,,,,136870
Kyushu,2011,193856,193856,,,346002,150000,196002,,,,176415,539858,-198142,22230,202151,0,0,-179921,-220372,0,0,738000,0,0,738000,,,,578000,,,,539858
Okinawa,2011,40929,40929,,,53958,,53958,,,,37152,94888,30322,26218,22068,112,,4037,4103,,,64566,10000,9966,54600,,,,34600,,,,94888
Hokkaido,2010,105213,105213,,,153953,50000,103953,,,,98266,259167,94620,101480,102240,258,,-1017,-6860,,,164546,60000,59808,104738,,,,99738,,,,259167
Tohoku,2010,216534,216534,,,839462,118000,721462,,,,694096,1055996,210149,288721,219545,357,,68818,-78572,,,845847,110000,109667,736180,,,,703180,,,,1055996
Tokyo,2010,614955,614955,,,1573924,430000,1143924,,,,1096840,2188880,-903958,349937,655699,-43,,-305718,-1700789,449083,446893,3092839,235000,234208,2858631,,,,2848631,,,,2188880
Chubu,2010,254986,254986,,,1593152,145600,1447552,,,,1414085,1848138,266140,388905,266272,302,0,122331,-122765,0,0,1581998,90000,89698,1492300,,,,1459300,,,,1848138
Hokuriku,2010,78538,78538,,,687585,80000,607585,,,,598804,766124,151628,149324,82598,14,,66710,2304,,,614496,30000,29896,584600,,,,584600,,,,766124
Kansai,2010,361074,361074,,,1276922,80000,1196922,,,,1158616,1637996,364610,436903,339745,613,,96544,-72293,,,1273386,200000,199386,1074000,,,,1049000,,,,1637996
Chugoku,2010,155374,155374,,,867897,70000,797897,,,,774398,1023271,81970,132243,115500,301,,16441,-50272,,,941300,90000,89700,851600,,,,836600,,,,1023271
Shikoku,2010,59026,59026,,,53768,30000,23768,,,,20427,112795,86931,95460,74433,136,,20890,-8528,,,25863,40000,39863,-14000,,,,-14000,,,,112795
Kyushu,2010,228812,228812,,,257342,70000,187342,,,,166652,486154,155580,251362,197977,0,0,53385,-95782,0,0,330574,130000,129574,201000,,,,201000,,,,486154
Okinawa,2010,48607,48607,,,122450,17000,105450,,,,87552,171058,40618,29575,21004,263,,8307,11042,,,130440,20000,19939,110500,,,,90500,,,,171058
Hokkaido,2009,122726,122726,,,95518,30000,65518,,,,60995,218245,86936,93431,108796,264,,-15630,-6494,,,131309,60000,59809,71500,,,,68500,,,,218245
Tohoku,2009,245515,245515,,,938270,110000,828270,,,,800384,1183785,310324,290691,216761,404,,73526,19632,,,873461,120000,119621,753840,,,,747840,,,,1183785
Tokyo,2009,592119,592119,,,2331006,425650,1905356,,,,1849642,2923126,957549,627666,709837,-8,,-82162,329882,,,1965576,240314,239360,1726216,,,,1721216,,,,2923126
Chubu,2009,239552,239552,,,1378951,40876,1338075,,,,1306346,1618503,463147,373575,280622,343,0,92610,89572,0,0,1155356,110000,109656,1045700,,,,1039700,,,,1618503
Hokuriku,2009,44399,44399,,,419704,70000,349704,,,,341229,464103,108107,104693,86240,15,,18708,3144,,,355996,30000,29896,326100,,,,326100,,,,464103
Kansai,2009,320215,320215,,,1171776,220000,951776,,,,931722,1491992,449504,379856,322588,512,,56755,69647,,,1042487,170000,169487,873000,,,,854000,,,,1491992
Chugoku,2009,149609,149609,,,566963,70000,496963,,,,476307,716573,208191,166800,119274,220,,47304,41390,,,508381,70000,69781,438600,,,,428600,,,,716573
Shikoku,2009,73798,73798,,,69629,40000,29629,,,,25964,143428,76749,68194,66584,71,,1539,8555,,,66679,20000,19929,46750,,,,46750,,,,143428
Kyushu,2009,215507,215507,,,276739,50000,226739,,,,204290,492246,310843,244448,196741,0,0,47707,66395,0,0,181403,60000,59803,121600,,,,121600,,,,492246
Okinawa,2009,31000,31000,,,36249,4000,32249,,,,13052,67250,38350,31967,21328,399,,10239,6382,,,28900,,,28900,,,,18900,,,,67250
Hokkaido,2008,118837,118837,,,107576,20000,87576,,,,83457,226413,5888,6586,68330,554,,-62298,-698,,,220525,150000,149525,71000,,,,66000,,,,226413
Tohoku,2008,252183,252183,,,1051857,100000,951857,,,,922191,1304040,200169,186842,225316,434,,-38908,13326,,,1103871,140000,139591,964280,,,,964280,,,,1304040
Tokyo,2008,590236,590236,,,3232594,595500,2637094,,,,2587403,3822830,323311,512437,708628,-5,,-196185,-189125,,,3499518,670000,668008,2831510,,,,2826510,,,,3822830
Chubu,2008,250760,250760,,,1427052,262300,1164752,,,,1127674,1677812,296921,404732,299731,208,,104793,-107811,,,1380891,60000,59791,1321100,,,,1320100,,,,1677812
Hokuriku,2008,57606,57606,,,375583,60000,315583,,,,305570,433189,90521,101812,91282,14,,10515,-11291,,,342668,70000,69968,272700,,,,272700,,,,433189
Kansai,2008,341835,341835,,,602803,227300,375503,,,,354241,944639,80604,276088,314345,965,0,-39221,-195484,0,0,864034,310000,309034,555000,,,,536000,,,,944639
Chugoku,2008,201400,201400,,,731037,40000,691037,,,,670664,932438,92930,132725,126406,445,,5873,-39794,,,839507,145000,144557,694950,,,,676150,,,,932438
Shikoku,2008,67378,67378,,,82532,20000,62532,,,,58930,149910,87551,101769,66837,137,,34794,-14218,,,62359,40000,39859,22500,,,,22000,,,,149910
Kyushu,2008,223954,223954,,,296351,100000,196351,,,,176509,520305,150923,204619,195232,0,0,9387,-53696,0,0,369382,205000,204382,165000,,,,165000,,,,520305
Okinawa,2008,20106,20106,,,91820,2000,89820,,,,67798,111926,26360,29578,22479,293,,6805,-3218,,,85566,10000,9966,75600,,,,62600,,,,111926
Hokkaido,2007,90811,90811,,,88363,20000,68363,,,,56059,179175,45371,66154,64703,283,,1167,-20782,,,133803,60000,59803,74000,,,,69000,,,,179175
Tohoku,2007,214152,214152,,,1007125,149550,857575,,,,827703,1221277,284242,242312,231269,311,,10731,41930,,,937035,90000,89695,847340,,,,842340,,,,1221277
Tokyo,2007,568866,568866,,,3125495,692100,2433395,,,,2338928,3694361,274272,445064,726266,-5,,-281196,-170792,,,3420088,750000,747796,2672292,,,,2662292,,,,3694361
Chubu,2007,205415,205415,,,1291404,69300,1222104,,,,1165806,1496819,340937,358334,300773,344,,57217,-17397,,,1155882,104000,103599,1052283,,,,1051400,,,,1496819
Hokuriku,2007,41774,41774,,,183826,41300,142526,,,,132375,225600,6144,97457,97288,10,,159,-91313,,,219456,90000,89956,129500,,,,129500,,,,225600
Kansai,2007,266048,266048,,,927646,72394,855252,,,,819402,1193694,299907,295006,312829,712,0,-18536,4901,0,0,893787,210000,209287,684500,,,,674500,,,,1193694
Chugoku,2007,185386,185386,,,727839,100000,627839,,,,607026,913226,156247,160783,130500,344,,29937,-4535,,,756978,105000,104628,652350,,,,632350,,,,913226
Shikoku,2007,62649,62649,,,202884,80000,122884,,,,119593,265533,77978,79893,70249,384,,9260,-1915,,,187555,110000,109555,78000,,,,78000,,,,265533
Kyushu,2007,201953,201953,,,326928,127860,199068,,,,167509,528881,198820,216823,197342,,,19481,-18003,0,0,330061,140000,139501,190560,,,,185000,,,,528881
Okinawa,2007,17172,17172,,,123275,2000,121275,,,,99260,140448,26674,29668,23398,195,,6075,-2994,,,113773,7000,6973,106800,,,,96800,,,,140448
Hokkaido,2006,87646,87646,,,109873,27693,82180,,,,68161,197519,102139,100085,62765,242,,37078,2054,,,95380,30000,29880,65500,,,,57500,,,,197519
Tohoku,2006,179697,179697,,,1000892,68000,932892,,,,903169,1180590,209727,233591,239293,417,,-6119,-23863,,,970863,120000,119583,851280,,,,847280,,,,1180590
Tokyo,2006,496395,496395,,,2631903,728042,1903861,,,,1810081,3128298,944058,955452,704572,-177,,251057,-11394,,,2184240,329187,327979,1856261,,,,1846261,,,,3128298
Chubu,2006,144252,144252,,,2232280,140840,2091440,,,,2029415,2376532,320816,369851,299825,792,,69234,-49035,,,2055716,125000,124509,1931207,,,,1919400,,,,2376532
Hokuriku,2006,36535,36535,,,333027,102500,230527,,,,215346,369562,69990,73910,103525,275,,-29890,-3920,,,299572,80000,79972,219600,,,,215600,,,,369562
Kansai,2006,218865,218865,,,971826,139665,832160,,,,772383,1190691,348782,474571,310563,611,,163396,-125789,,,841909,184517,183905,658003,,,,646003,,,,1190691
Chugoku,2006,123592,123592,,,740314,20000,720314,,,,699561,863906,121509,134718,128489,152,,6076,-13209,,,742397,45000,44847,697550,,,,690550,,,,863906
Shikoku,2006,48532,48532,,,196317,70000,126317,,,,116884,244849,71422,91106,75216,73,,15817,-19684,,,173427,20000,19927,153500,,,,152500,,,,244849
Kyushu,2006,170244,170244,,,356100,74513,281587,,,,247051,526344,233426,263608,189004,498,,74106,-30182,,,292918,108842,108488,184430,,,,180000,,,,526344
Okinawa,2006,23386,23386,,,125100,12000,113100,,,,92716,148487,30230,30222,23319,537,,6365,7,,,118257,12000,11957,106300,,,,94000,,,,148487
Hokkaido,2005,89220,89220,,,103104,10000,93104,,,,85474,192324,89940,89066,67682,243,,21140,874,,,102383,30000,29883,72500,,,,67500,,,,192324
Tohoku,2005,187232,187232,,,929233,99900,829333,,,,800624,1116466,121668,227401,243518,498,,-16615,-105733,,,994797,140000,139517,855280,,,,850280,,,,1116466
Tokyo,2005,505022,505022,,,2481218,405400,2075818,,,,1986139,2986240,784909,730267,753457,842,,-24032,54641,,,2201331,250000,249189,1952142,,,,1941142,,,,2986240
Chubu,2005,116960,116960,,,1823069,222852,1600217,,,,1551635,1940029,212682,179412,330273,1074,,-151935,33270,56258,,1727347,143000,142483,1584864,,,,1581100,,,,1940029
Hokuriku,2005,74196,74196,,,326685,49670,277015,,,,264017,400882,112067,107455,126890,193,,-19627,4611,,,288815,50000,49815,239000,,,,236500,,,,400882
Kansai,2005,176779,176779,,,952397,60000,892397,,,,821507,1129177,366245,431702,338468,558,,92674,-65456,,,762932,150000,149441,613490,,,,594090,,,,1129177
Chugoku,2005,104857,104857,,,1106334,30000,1076334,,,,1056815,1211191,129441,129833,136568,,,-6735,-391,,,1081750,,,1081750,,,,1074750,,,,1211191
Shikoku,2005,55158,55158,,,131044,20000,111044,,,,85906,186202,-45608,-35149,81231,188,,-116569,-10458,,,231811,50000,49811,182000,,,,178000,,,,186202
Kyushu,2005,174228,174228,,,422473,75000,347473,,,,295364,596701,198657,246380,199587,368,,46425,-47723,,,398044,110000,109574,288470,,,,278000,,,,596701
Okinawa,2005,14265,14265,,,85903,3000,82903,,,,54941,100169,31179,30000,25062,345,,4592,1179,,,68989,2000,1989,67000,,,,56000,,,,100169
Hokkaido,2004,83655,83655,,,182215,63008,119207,,,,99635,265870,98471,110117,73250,327,,36539,-11646,,,167399,50000,49799,117600,,,,109600,,,,265870
Tohoku,2004,224865,224865,,,926149,71579,854570,,,,813715,1151014,362960,317196,234747,163,,82285,45764,,,788053,40000,39853,748200,,,,743200,,,,1151014
Tokyo,2004,464223,464223,,,3394700,123700,3271000,,,,3201594,3858923,1141351,1120745,785909,860,,333975,20605,,,2717572,250000,249171,2468401,,,,2457401,,,,3858923
Chubu,2004,123638,123638,,,2090400,518506,1571894,,,,1508789,2214038,490575,530256,384841,298,,145117,-39681,,,1723463,68000,67742,1655721,,,,1644204,,,,2214038
Hokuriku,2004,71613,71613,,,494649,84964,409685,,,,386681,566263,94090,92149,70558,242,,21349,1941,,,472173,70000,69773,402400,,,,399400,,,,566263
Kansai,2004,197819,197819,,,1526480,447283,1079197,,,,1014426,1724299,622579,725411,359587,365,,365458,-102831,,,1101720,90000,89635,1012085,,,,992749,,,,1724299
Chugoku,2004,90770,90770,,,1059484,110000,949484,,,,916158,1150254,206231,186731,144622,57,,42052,19500,,,944022,15000,14942,929080,,,,927400,,,,1150254
Shikoku,2004,52719,52719,,,137637,30000,107637,,,,90933,190356,125546,121849,84890,189,,36769,3697,,,64810,50000,49810,15000,,,,14000,,,,190356
Kyushu,2004,190360,190360,,,538442,78628,459814,,,,414673,728802,374885,362535,210386,337,,151812,12350,,,353917,100000,99632,254285,,,,243900,,,,728802
Okinawa,2004,12891,12891,,,75227,2000,73227,,,,37077,88118,35119,35690,27712,394,,7582,-570,,,52999,7000,6999,46000,,,,33000,,,,88118
Hokkaido,2003,92514,92514,,,190178,60484,129694,56200,918,,53472,282693,126897,124926,80339,341,,44245,1971,,,155795,50000,49795,106000,47300,,,53700,,,,282693
Tohoku,2003,188585,188585,,,1156077,180000,976077,468400,5543,,457269,1344662,301207,335001,227381,511,,107109,-33794,,,1043455,140000,139435,904020,405520,,,488500,,,,1344662
Tokyo,2003,576116,576116,,,4641086,461361,4179725,,85886,,4023669,5217202,963136,943065,845028,1859,,96177,20071,,,4254065,534270,532095,3721970,,6837,,3693133,,,,5217202
Chubu,2003,215854,215854,,,1784643,208182,1576461,290000,4996,,1215911,2000497,504726,503166,351577,351,,151238,1560,,,1495771,94000,93664,1402107,260000,,,1129288,,,,2000497
Hokuriku,2003,90207,90207,,,405930,33393,372537,111688,613,,248639,496137,104928,104400,76183,210,,28007,528,,,391209,45000,44809,346400,107000,,,236400,,,,496137
Kansai,2003,249115,249115,,,2050608,202180,1848428,386343,8734,,1378793,2299723,735369,741745,388915,119,,352711,-6376,,,1564353,30000,29881,1534472,335742,,,1180618,,,,2299723
Chugoku,2003,80337,80337,,,1231058,107125,1123933,230100,8440,,857916,1311395,197008,213865,156469,162,,57234,-16857,,,1114387,40000,39837,1074550,230100,,,839650,,,,1311395
Shikoku,2003,63312,63312,,,151535,47250,104285,62785,,,24085,214847,106537,104111,88654,189,,15267,2425,,,108310,40000,39810,68500,57500,,,10000,,,,214847
Kyushu,2003,196985,196985,,,705527,301215,404312,197000,3668,,154212,902512,346491,376431,232151,572,,143708,-29940,,,556021,145000,144360,411661,190000,,,213900,,,,902512
Okinawa,2003,17554,17554,,,68686,8000,60686,,532,,29540,86241,33241,36992,31359,75,,5557,-3751,,,53000,12000,12000,41000,,,,28000,,,,86241
Hokkaido,2002,81427,81427,,,177602,43416,134186,59000,2576,,58496,259029,129262,126527,89253,311,,36961,2734,,,129767,30000,29867,99900,56200,,,41700,,,,259029
Tohoku,2002,219523,219523,,,629213,268320,360893,130000,8833,,187479,848737,328398,323768,247445,623,,75698,4630,,,520339,160000,159339,361000,120000,,,230000,,,,848737
Tokyo,2002,645250,645250,,,4795405,709740,4085665,,55649,,3919234,5440655,1103305,1184562,882863,2991,,298706,-81256,,,4337350,800000,797008,3540342,,767,,3523574,,,,5440655
Chubu,2002,264707,264707,,,1801472,113903,1687569,309292,47926,,1252088,2066179,454332,496016,389054,596,,106366,-41684,1,,1611847,199500,198883,1412964,290000,,,1101872,,,,2066179
Hokuriku,2002,109819,109819,,,432219,52936,379283,111206,4971,,240239,542039,127151,119646,87154,270,,32221,7504,,,414888,60000,59748,355140,123140,,,227000,,,,542039
Kansai,2002,322785,322785,,,1690519,208302,1482217,498485,9148,,906037,2013304,574616,680421,383030,416,,296974,-105804,,,1438687,100000,99583,1339103,436944,,,880687,,,,2013304
Chugoku,2002,108755,108755,,,1255683,135000,1120683,289800,5612,,787670,1364438,222573,227160,166821,235,,60103,-4587,,,1141864,60000,59764,1082100,274900,,,803500,,,,1364438
Shikoku,2002,64290,64290,,,163357,50000,113357,80127,,,13137,227647,116002,116684,95794,355,,20534,-681,,,111644,80000,79644,32000,57500,,,-27000,,,,227647
Kyushu,2002,235901,235901,,,601575,181418,420157,254155,3808,,108946,837476,393127,386634,247876,665,,138093,6493,,,444349,165000,164309,280040,197000,,,73300,,,,837476
Okinawa,2002,23490,23490,,,54828,,54828,1500,1032,,25539,78318,24317,33434,28796,129,,4508,-9116,,,54000,13000,13000,41000,1000,,,27000,,,,78318
Hokkaido,2001,100420,100420,,,205373,72290,133083,59000,2052,,55398,305793,126854,129636,95944,476,,33216,-2782,,,178939,50000,49779,129160,59000,,,60700,,,,305793
Tohoku,2001,255938,255938,,,545858,189234,356624,159500,3815,,149277,801796,328486,372510,287012,554,,84944,-44024,,,473310,140000,139410,333900,130000,,,180000,,,,801796
Tokyo,2001,932265,932265,,,5016447,862003,4154444,,60678,,3938430,5948713,1371920,1385412,916964,4571,,463876,-13491,,,4576793,763510,760047,3816745,,4330,,3755414,,,,5948713
Chubu,2001,345519,345519,,,2288892,370520,1918372,309292,40015,,1486616,2634411,481604,538802,418503,866,,119433,-57198,4,,2152807,229000,228084,1924723,309292,,,1593166,,,,2634411
Hokuriku,2001,91633,91633,,,645849,103492,542357,134400,12462,,373023,737482,121704,117046,92605,312,,24129,4657,,,615777,65000,64717,551060,137790,700,,402570,,,,737482
Kansai,2001,407186,407186,,,1473059,276039,1197020,729260,38488,,342702,1880245,645935,678555,396084,636,,281834,-32620,,,1234310,150000,149363,1084947,611932,,,438227,,,,1880245
Chugoku,2001,109780,109780,,,1195180,248547,946632,94960,5432,,815499,1304960,195310,211974,180065,597,,31310,-16663,,,1109650,150000,149402,960248,80850,,,849000,,,,1304960
Shikoku,2001,70521,70521,,,195042,60000,135042,90000,3816,,21924,265563,111199,124234,104642,235,985,18370,-13034,,,154364,50000,49764,104600,56000,,,45000,,,,265563
Kyushu,2001,286859,286859,,,593927,181774,412153,254155,4752,,72295,880786,327683,377277,244946,619,,131712,-49594,,,553103,160000,159373,393730,254155,,,126300,,,,880786
Okinawa,2001,32526,32526,,,46300,,46300,5,380,,20288,78827,22827,30094,25244,60,60,4730,-7267,,,56000,12000,12000,44000,,,,25000,,,,78827
Hokkaido,2000,105755,105755,,,235986,90100,145886,71000,4996,,38455,341741,121897,136065,84324,1245,1334,49162,-14168,,,219844,60000,59744,160100,59000,2000,,85600,,,,341741
Tohoku,2000,255005,255005,,,570943,209457,361486,183000,9003,,125493,825948,377703,344148,240555,747,1328,101518,33555,,,448245,180000,179253,268992,128100,,,121892,,,,825948
Tokyo,2000,905983,905983,,,4060924,881501,3179423,,55177,,2960669,4966908,1233128,1314899,946724,2636,a,365538,-81771,,,3733779,700000,697363,3036415,,3322,,2962093,,,,4966908
Chubu,2000,472883,472883,,,1964310,331781,1632529,386620,9626,,1154090,2437193,525880,552848,416329,1170,,135349,-26968,,,1911313,293000,291779,1619534,309292,,,1293042,,,,2437193
Hokuriku,2000,136945,136945,,,242532,80000,162532,89000,5839,,47890,379477,134531,131321,104451,311,1332,25225,3209,,,244946,70000,69696,175250,89000,1000,,73250,,,,379477
Kansai,2000,478098,478098,,,1685065,229483,1455582,836353,47316,,483017,2163163,588601,602135,406299,643,937,194254,-13533,,,1574561,150000,149356,1425205,814994,13070,,571140,,,,2163163
Chugoku,2000,154303,154303,,,915690,105000,810690,119749,35898,,605318,1069993,238997,227786,190948,464,825,35548,11211,,,830995,105000,104535,726460,94960,3200,,608300,,,,1069993
Shikoku,2000,96866,96866,,,169134,82500,86634,50000,8395,,15869,266000,160142,142386,116041,141,1685,24517,17756,,,105858,30000,29858,76000,50000,,,26000,,,,266000
Kyushu,2000,275571,275571,,,602685,206767,395918,254650,4752,,78089,878256,349886,388640,263043,571,1305,123721,-38754,,,528370,140000,139419,388951,254155,,,124300,,,,878256
Okinawa,2000,45680,45680,,,35745,,35745,15,1738,,10288,81426,31068,30013,23042,113,83,6774,1054,,,50358,17000,17000,33358,2000,1358,,5000,,,,81426
Hokkaido,1999,109220,109220,,,219041,75000,144041,81000,2148,,37554,328261,131028,128296,91715,1328,1114,34139,2732,,,197233,80000,79633,117600,71000,2000,,35600,,,,328261
Tohoku,1999,304183,304183,,,572892,160000,412892,227298,17365,,129040,877075,365691,356830,260856,616,2528,92830,8861,,,511384,150000,149384,362000,183000,2000,,137000,,,,877075
Tokyo,1999,1006435,1006435,,,3306485,890000,2416485,535343,37878,,1682633,4312921,1305225,1661924,996143,2692,2467,660619,-356698,,,3007695,595850,593157,2414538,117000,3591,,2222946,,,,4312921
Chubu,1999,461385,461385,,,1648557,235256,1413301,392696,26048,,932373,2109942,480002,497252,425765,900,2208,68379,-17250,2,,1629940,200000,199081,1430859,386620,4680,,1022375,,,,2109942
Hokuriku,1999,138024,138024,,,391659,39982,351677,97000,11769,,223907,529683,128739,118388,106955,420,1112,9899,10350,,,400944,90000,89624,311320,92000,4000,,200320,,,,529683
Kansai,1999,611360,611360,,,1514614,229850,1284764,887400,45482,,286520,2125974,569208,597596,415700,1474,4907,175515,-28389,,,1556766,350000,348525,1208241,837400,29760,,319281,,,,2125974
Chugoku,1999,176780,176780,,,831766,213546,618219,128717,12495,,439562,1008546,262707,242032,203129,760,2239,35902,20674,,,745838,165000,164239,581599,119749,2900,,435140,,,,1008546
Shikoku,1999,118534,118534,,,208870,33244,175626,50000,1526,,108047,327404,124602,141006,94742,98,1412,44753,-16403,,,202801,20000,19901,182900,50000,4200,,128700,,,,327404
Kyushu,1999,278215,278215,,,610673,186358,424315,274260,14236,,74153,888888,408902,470038,278897,661,2386,188094,-61136,,,479986,150000,149339,330647,256870,,,60000,,,,888888
Okinawa,1999,54600,54600,,,23498,,23498,342,380,,,78098,36098,34413,23861,315,4082,6153,1684,148,,42000,8000,8000,34000,3100,1900,,2000,,,,78098
Hokkaido,1998,81418,81418,,,213421,63000,150421,81000,10486,,38868,294839,105764,125590,95952,3157,1114,25367,-19826,,,189075,60000,59675,129400,81000,2300,,42100,,,,294839
Tohoku,1998,378644,378644,,,518538,118558,399980,226652,25791,,119837,897182,365501,352269,294190,852,2528,54699,13232,,,531681,180000,179148,352533,227298,7822,,67413,,,,897182
Tokyo,1998,1131609,1131609,,,3189316,541550,2647766,441637,95826,,1965337,4320925,1154151,1252195,979455,5271,6779,260689,-98044,,,3166774,799750,796041,2370733,429033,1501,,1868197,,,,4320925
Chubu,1998,436962,436962,,,1514077,369054,1145022,400820,60824,,614747,1951039,426447,496571,464703,2020,3729,26119,-70124,,,1524592,420000,418057,1106535,394744,8936,,684503,,,,1951039
Hokuriku,1998,96807,96807,,,570519,51000,519519,95000,21194,,388696,667326,99961,113300,104040,462,1112,7686,-13339,,,567365,90000,89595,477770,90000,10800,,364970,,,,667326
Kansai,1998,754769,754769,,,1544809,242110,1302699,937400,15739,,280598,2299578,603012,563392,427565,2095,4907,128823,39619,,,1696566,470000,467904,1228662,937400,25740,,229622,,,,2299578
Chugoku,1998,185838,185838,,,711622,88680,622942,128717,26679,,435719,897460,236402,248500,204264,459,1869,41906,-12097,,,661057,90000,89540,571517,128717,4700,,406420,,,,897460
Shikoku,1998,150057,150057,,,175042,57000,118042,50000,1112,,45007,325099,104132,112732,86436,433,1412,24449,-8599,,,220966,80000,79566,141400,50000,4200,,87200,,,,325099
Kyushu,1998,299176,299176,,,538310,112392,425918,270760,23504,,70080,837486,349943,359381,290067,892,2385,66037,-9438,,,487543,180000,179122,308421,272040,,,13000,,,,837486
Okinawa,1998,37836,37836,,,23453,1000,22453,465,380,,,61289,35269,30665,25275,26,1082,4281,4604,,,26020,,,26020,,,,,,,,61289
Hokkaido,1997,117725,117725,,,212958,38712,174246,81000,27072,,45595,330683,153811,134703,102641,1377,1114,29571,19108,,,176872,55000,54672,122200,81000,2000,,31200,,,,330683
Tohoku,1997,437655,437655,,,563464,194864,368600,308281,,,32350,1001119,445254,355217,294275,1756,2528,56658,90037,,,555865,198320,197266,358599,273099,,,50500,,,,1001119
Tokyo,1997,1279857,1279857,,,3561668,364200,3197468,1303092,241881,,1475542,4841526,1317664,1264941,1022613,7166,6779,228382,52722,,,3523861,856340,851976,2671885,1085679,41851,,1438554,,,,4841526
Chubu,1997,562731,562731,,,1729671,245096,1484575,787644,184634,,439762,2292402,593462,497882,459737,2008,3749,32388,95580,a,,1698940,320000,318052,1380888,797544,60752,,473492,,,,2292402
Hokuriku,1997,128976,128976,,,612333,85434,526899,103680,19245,,387572,741309,127070,120677,111368,664,1112,7532,6392,,,614238,96300,95658,518580,100000,6200,,397380,,,,741309
Kansai,1997,644516,644516,,,1722459,306237,1416222,1103600,72893,,158583,2366975,656059,591911,438590,1653,4907,146760,64147,,,1710916,262294,260640,1450275,1083600,67380,,254795,,,,2366975
Chugoku,1997,312696,312696,,,725390,91798,633592,128717,35332,,436582,1038086,228559,227944,189218,1259,1869,35598,615,,,809527,240000,238740,570787,128717,17900,,382411,,,,1038086
Shikoku,1997,164066,164066,,,196559,80000,116559,50000,17911,,14252,360625,147684,130350,91045,458,1412,37435,17334,,,212941,70000,69541,143400,50000,,,78400,,,,360625
Kyushu,1997,344516,344516,,,658537,186305,472231,279240,70596,,59084,1003053,375577,386057,312496,2215,2385,68959,-10479,,,627475,262410,260885,366590,275000,,,38000,,,,1003053
Okinawa,1997,25108,25108,,,24641,1000,23641,1016,2901,,,49749,32249,30410,26514,363,82,3449,1839,,,17500,,,17500,,,,,,,,49749
Hokkaido,1996,133886,133886,,,227688,63926,163762,81000,11731,18276,52755,361574,126350,125789,105559,1128,1114,17988,561,,,235224,92290,91263,143961,81000,2300,11169,49492,,,,361574
Tohoku,1996,465398,465398,,,437659,87520,350139,227298,15143,26613,81085,903057,374792,297050,250718,859,2528,42945,77742,,,528265,150000,149141,379124,227298,15143,45000,91683,,,,903057
Tokyo,1996,1436502,1436502,,,3609752,498472,3111279,1309800,94108,179573,1527798,5046254,1115321,1164898,995534,5381,6779,157203,-49576,,,3930933,728532,723826,3207107,1309800,82482,122535,1692290,,,,5046254
Chubu,1996,659806,659806,,,1704869,276333,1428535,781672,29696,71305,545862,2364675,544772,503961,451101,3972,3745,45143,40811,1816,,1819902,240000,236056,1583846,777744,29696,82477,693928,,,,2364675
Hokuriku,1996,132163,132163,,,308985,84219,224766,59080,9643,21394,134649,441149,107309,103071,96635,511,1112,4812,4238,,,333839,92742,92239,241600,59080,23000,18273,141247,,,,441149
Kansai,1996,673145,673145,,,1680987,262410,1418577,1027400,54860,76299,260017,2354132,572566,546957,444436,1929,4907,95683,25608,,,1781565,237965,236036,1545529,1027400,58404,70031,389693,,,,2354132
Chugoku,1996,374522,374522,,,847875,141035,706840,128717,18363,30230,529529,1222397,191814,196507,163999,2256,1869,28382,-4692,,,1030582,249922,247665,782917,128717,13000,55280,585920,,,,1222397
Shikoku,1996,139149,139149,,,153155,62449,90705,50000,4064,21036,15605,292304,104779,120329,96101,274,-1602,25556,-15550,,,187525,50000,49725,137800,50000,4200,15000,68600,,,,292304
Kyushu,1996,356319,356319,,,631399,188232,443167,275000,19012,63893,85262,987718,334964,354394,287679,2134,2385,62195,-19430,,,652754,183338,182350,470404,275000,11500,63404,120500,,,,987718
Okinawa,1996,28318,28318,-,-,21438,3000,18438,1191,670,16576,-,49757,36757,29866,28730,87,82,966,6891,-,-,13000,-,-,13000,-,-,13000,-,,,,49757
Hokkaido,1995,128839,128839,,,207071,49493,157578,81000,13208,18350,34847,335910,117979,129288,91579,8604,1103,28002,-11309,a,,217931,70100,69595,148336,81000,2300,9600,53536,,,,335910
Tohoku,1995,452617,452617,,,499106,179523,319583,237298,15391,20172,21239,951724,349355,290310,223455,1447,2516,62892,59045,1879,,602369,240000,238712,363657,227298,10391,53000,57500,,,,951724
Tokyo,1995,1399202,1399202,,,2933904,409197,2524706,1309800,239263,121847,693963,4333106,1092611,1047335,917083,3445,6730,120075,45276,6018,,3240494,600000,596943,2643551,1309800,239263,93000,841656,,,,4333106
Chubu,1995,705914,705914,,,1527098,191103,1335995,775600,29730,56765,396570,2233012,482314,471447,407470,3020,3740,57217,10867,3110,,1750698,327200,324657,1426041,785600,36600,87000,431763,,,,2233012
Hokuriku,1995,141792,141792,,,231954,69937,162017,57040,13926,12452,64356,373746,107902,114762,102336,604,1101,10720,-6860,1,,265844,90000,89397,176447,54720,18100,16000,84127,,,,373746
Kansai,1995,750404,750404,,,1313513,164986,1148526,947400,19432,48009,77216,2063917,600201,514393,459713,800,4883,48995,85808,4537,,1463715,110000,109484,1354231,967400,24200,91500,199431,,,,2063917
Chugoku,1995,351837,351837,,,599001,79241,519760,128717,19717,26230,326215,950838,179661,205920,164949,820,1851,38300,-26259,2401,,771177,135000,134287,636890,128717,13900,40000,448573,,,,950838
Shikoku,1995,109786,109786,,,206187,93595,112592,50000,4685,10195,38317,315973,165427,135023,103254,560,1399,29810,30404,,,150546,32500,32546,118000,50000,4200,16130,43170,,,,315973
Kyushu,1995,369418,369418,,,551880,132570,419310,275000,20534,45830,47041,921298,347607,360420,269751,1495,2373,86799,-12812,,,573690,130668,130281,443409,275000,11000,56000,84909,,,,921298
Okinawa,1995,32250,32250,,,15678,,15678,819,973,,13423,47928,29928,30566,29820,,81,665,-638,,,18000,,,18000,,,,18000,,,,47928
Hokkaido,1994,117609,117609,,,189021,37356,151665,81000,14692,20881,24015,306630,141868,126560,95229,248,1090,29993,15308,,,164762,25000,24834,139928,81000,2900,20000,33928,,,,306630
Tohoku,1994,474165,474165,,,411750,83385,328365,240138,19507,18485,20780,885915,339352,254298,179713,974,2504,71107,85054,2,,546563,160000,159026,387537,237298,14607,75000,35000,,,,885915
Tokyo,1994,1567292,1567292,,,2325007,237124,2087882,1309800,88869,117291,410095,3892299,1267277,1144406,931628,3337,6712,202728,122870,,,2625022,500000,496662,2128359,1309800,88869,115890,451973,,,,3892299
Chubu,1994,721338,721338,,,1227521,147066,1080455,740600,29378,52564,211326,1948859,550831,456621,405543,1204,3704,46170,94210,,,1398028,210000,208796,1189232,745600,43200,131000,207530,,,,1948859
Hokuriku,1994,139181,139181,,,219639,31923,187716,58900,17410,12369,89254,358821,128700,116624,94945,304,1091,20283,12075,1,,230121,60000,59698,170423,56000,13000,20000,77723,,,,358821
Kansai,1994,710847,710847,,,1377598,183800,1193797,1027400,20917,46928,37959,2088445,614314,607187,444987,895,4859,156445,7127,,,1474130,180000,179104,1295026,1027400,20900,105000,81126,,,,2088445
Chugoku,1994,326045,326045,,,350319,59651,290667,128717,20014,27213,95563,676364,231174,190709,151796,1237,1830,35845,40464,,,445189,139723,139054,306135,128717,20020,44100,102098,,,,676364
Shikoku,1994,109439,109439,,,119033,12440,106593,50000,5192,8973,32518,228472,109005,106360,80051,57,1383,24869,2645,,,119467,10000,9942,109525,50000,4200,18980,31845,,,,228472
Kyushu,1994,481156,481156,,,545495,106359,439136,275000,20144,41306,72453,1026651,392720,356554,259118,1122,2361,93951,36166,,,633931,130138,129405,504526,275000,15100,84000,107626,,,,1026651
Okinawa,1994,38864,38864,,,13660,,13660,829,921,,11485,52524,18894,29794,27816,,82,1896,-10900,,,33630,,,33630,,,,33630,,,,52524
Hokkaido,1993,118247,118247,,,195563,44440,151123,81000,15799,21196,21846,313810,136209,124855,98675,614,1090,24476,11354,245,,177601,45000,44722,132879,81000,2400,14000,34279,,,,313810
Tohoku,1993,497704,497704,,,400644,83067,317577,240138,19106,14036,15158,898348,237950,208955,160497,1692,2504,44262,28995,,,660398,250000,248308,412090,240138,19106,75000,48735,,,,898348
Tokyo,1993,1680052,1680052,,,2769161,310027,2459134,1309800,83992,106392,802595,4449213,1160932,1085056,874097,6073,6712,198172,75876,,,3288281,759130,753757,2534523,1309800,83992,130000,854376,,,,4449213
Chubu,1993,742414,742414,,,1424274,128400,1295874,725600,28126,47215,449826,2166688,506783,456084,373959,2044,3704,76377,50699,,,1659905,255927,253879,1406026,740600,37400,120500,452200,,,,2166688
Hokuriku,1993,135514,135514,,,236071,40538,195533,61900,44076,7335,69014,371586,90245,107049,82427,382,1091,23148,-16803,8,,281340,60000,59620,221720,58900,39100,30000,71922,,,,371586
Kansai,1993,670471,670471,,,1420828,204958,1215869,1027400,20283,36054,71947,2091299,598809,551054,419599,2469,4859,124126,47754,,,1492490,179700,177230,1315260,1007400,15400,78900,168560,,,,2091299
Chugoku,1993,330633,330633,,,305692,58400,247292,128717,21213,24255,53755,636325,220926,189060,149850,949,1830,36430,31865,1,,415399,135000,134140,281259,128717,14850,36900,87242,,,,636325
Shikoku,1993,162663,162663,,,168165,47232,120933,43879,12799,9609,44721,330828,88490,96404,60994,416,1383,33611,-7914,,,242338,57250,56834,185504,45314,16025,25000,48651,,,,330828
Kyushu,1993,535738,535738,,,480810,80768,400042,275000,19688,38023,39006,1016548,330574,347844,213741,1086,2360,130657,-17270,,,685974,138430,137343,548630,275000,22800,72700,145430,,,,1016548
Okinawa,1993,60646,60646,,,11687,,11687,706,765,,9858,72333,27233,22254,18732,,80,3442,4979,,,45100,,,45100,1020,1350,,42100,,,,72333
Hokkaido,1992,107559,107559,,,195315,62196,133119,81000,16280,19260,4950,302874,137586,128159,100222,976,1090,25871,9427,,,165288,55000,54515,110773,81000,4300,13000,10573,,,,302874
Tohoku,1992,465123,465123,,,375239,75481,299758,231138,14642,14026,14566,840362,208860,196411,134883,2251,2504,56773,12449,,,631502,253290,251298,380204,240138,14736,61940,31990,,,,840362
Tokyo,1992,1541026,1541026,,,2608180,326307,2281872,1309800,80809,105335,596391,4149206,994809,1045701,823821,8800,6712,206367,-50892,,,3154397,833800,827524,2326872,1309800,80809,135760,610966,,,,4149206
Chubu,1992,694306,694306,,,915338,85003,830335,715600,27866,34944,7579,1609644,403775,428751,327445,2430,3704,95172,-24975,,,1205869,310000,307574,898295,725600,30100,87000,8631,,,,1609644
Hokuriku,1992,184912,184912,,,232435,25883,206551,61900,8379,5210,121665,417347,99423,82877,55623,1016,1091,25146,16545,15,,317923,89620,88606,229317,61900,9400,36000,110317,,,,417347
Kansai,1992,622134,622134,,,1494620,188189,1306431,1127400,20628,38060,63655,2116754,572896,538446,401950,2936,4859,128699,34450,,,1543858,298900,295963,1247895,1077400,8600,60120,83075,,,,2116754
Chugoku,1992,254430,254430,,,290927,75340,215586,128717,22442,20912,23273,545358,187569,178874,143473,1249,1830,32320,8695,,,357788,155000,153848,203940,132717,15720,18100,23223,,,,545358
Shikoku,1992,172387,172387,,,163916,38624,125292,67500,6279,10318,31158,336303,105642,94186,60305,828,1383,31669,11456,,,230660,110000,109171,121489,50000,2800,19000,46189,,,,336303
Kyushu,1992,484284,484284,,,469641,79068,390572,275000,19444,38316,30768,953925,319884,274400,199270,1477,2360,71291,45484,,,634041,198348,196871,437169,275000,15600,71000,54169,,,,953925
Okinawa,1992,73248,73248,,,9754,,9754,433,905,,8060,83002,28502,19050,14698,,79,4273,9452,,,54500,,,54500,1700,2250,,49500,,,,83002
Hokkaido,1991,102669,102669,,,193097,40922,152175,90480,17227,17325,15374,295766,130171,121266,107546,933,1089,11698,8905,86,,165595,55000,54292,111303,81000,5100,16770,5733,,,,295766
Tohoku,1991,396306,396306,,,416980,130003,286977,219138,17607,14080,11549,813286,240831,193304,122191,3675,2503,64935,47527,478,,572455,245000,241325,331130,231138,21604,36240,9588,,,,813286
Tokyo,1991,1509460,1509460,,,2327988,369146,1958842,1258650,77954,102069,359297,3837449,990507,1007632,785990,11675,6712,203254,-17125,3,,2846941,798603,789543,2057398,1265150,85600,123610,407436,,,,3837449
Chubu,1991,695803,695803,,,955286,135383,819902,705600,28203,35386,7305,1651089,459570,403280,303008,3697,3704,92871,56290,,,1191518,311730,308226,883292,705600,37300,79650,7002,,,,1651089
Hokuriku,1991,156815,156815,,,295166,47825,247340,133929,7766,3475,90613,451981,81057,85211,54694,1436,1090,27989,-4153,628,,370923,95000,93738,277185,133929,7800,30500,84456,,,,451981
Kansai,1991,593535,593535,,,1542962,145669,1397292,1267400,19986,36479,18652,2136497,540496,508521,365727,4215,4859,133719,31974,2,,1596001,258175,253960,1342041,1217400,8000,53500,37441,,,,2136497
Chugoku,1991,176348,176348,,,336908,87320,249588,132717,21701,20476,54864,513256,187204,186805,141637,1636,1829,41701,398,,,326051,121190,119978,206073,128717,10860,15080,41486,,,,513256
Shikoku,1991,138259,138259,,,142267,26572,115694,85594,6314,9364,4202,280526,98668,100440,59863,1390,1383,37804,-1772,,,181858,80000,78839,103019,67500,3000,14450,14069,,,,280526
Kyushu,1991,397370,397370,,,501926,97200,404726,275000,19340,35345,48668,899296,289765,288487,202979,3613,2360,79533,1278,980,,609531,223657,220554,388976,275000,15500,46700,30676,,,,899296
Okinawa,1991,65067,65067,,,8954,,8954,,1063,,7395,74021,30146,18261,12889,125,80,5167,11885,,,43875,5000,4875,39000,200,2250,,35500,,,,74021
Hokkaido,1990,104540,104540,,,161322,37282,124040,57540,17055,14688,23203,265863,111818,120541,85413,16615,1078,17434,-8722,638,,154044,50000,49214,104830,52200,3100,16840,30690,,,,265863
Tohoku,1990,282725,282725,,,413922,131206,282716,219138,19708,13616,2011,696647,191411,162141,120388,3778,2488,35487,29270,2269,,505236,215420,211642,293594,219138,19700,21250,5286,,,,696647
Tokyo,1990,1353469,1353469,,,2021318,310640,1710677,1161250,74279,97233,218264,3374788,973043,972120,786819,12372,6697,166231,922,13298,,2401744,600000,589388,1812356,1167750,81800,102000,286654,,,,3374788
Chubu,1990,600098,600098,,,904362,116966,787396,670600,25704,31556,11105,1504460,309092,337124,292918,6055,3690,34461,-28032,8002,,1195368,320000,314644,880724,695600,44200,59500,11684,,,,1504460
Hokuriku,1990,168886,168886,,,186600,34848,151752,69757,7934,3466,59177,355487,67035,55186,38064,1672,1077,14371,11849,1174,,288451,85000,83490,204961,78757,9500,21585,77918,,,,355487
Kansai,1990,612080,612080,,,1622722,153488,1469233,1337400,19220,36474,21235,2234802,427220,448729,326377,6317,4844,111190,-21508,7587,,1807581,300000,293912,1513669,1337400,19200,61020,50049,,,,2234802
Chugoku,1990,159608,159608,,,320883,77564,243319,128717,21211,19881,54014,480491,195815,196775,145082,1814,1819,48060,-960,842,,284676,90000,88544,196132,128717,4250,17490,41805,,,,480491
Shikoku,1990,136627,136627,,,114867,12962,101904,72500,6264,9101,3480,251494,86410,94786,59398,1219,1373,32796,-8376,,,165084,60000,58890,106194,67500,3500,12050,4644,,,,251494
Kyushu,1990,371459,371459,,,467451,95474,371977,275139,19056,30878,20667,838910,303836,286500,212608,3153,2344,68393,17335,973,,535074,145249,142877,392197,275000,14000,38110,48387,,,,838910
Okinawa,1990,36726,36726,,,13564,,13564,4005,1125,,7898,50290,17300,16819,11839,,75,4905,481,,,32990,,,32990,1700,,,30240,,,,50290
Hokkaido,1989,110995,110995,,,169308,70409,98898,50140,16380,12692,8737,280303,127423,111193,86036,6724,1050,17382,16230,4570,,152880,49348,48617,104263,43900,2000,22100,34863,,,,280303
Tohoku,1989,192942,192942,,,422716,96570,326146,235485,14644,13018,39937,615658,178941,151329,117368,1944,2434,29582,27612,3408,,436719,70000,68108,368611,235486,14660,18820,80445,,,,615658
Tokyo,1989,1170361,1170361,,,2004023,262681,1741341,978750,73778,90857,415465,3174384,956118,964739,737203,10096,6565,210874,-8620,611,,2218266,394430,385819,1832447,987250,79658,98700,472717,,,,3174384
Chubu,1989,585970,585970,,,813031,103359,709671,612250,24246,28579,5139,1399001,366139,352830,277542,5413,3615,66260,13309,,,1032861,249285,243871,788990,640850,26600,68190,11350,,,,1399001
Hokuriku,1989,133243,133243,,,165691,40670,125020,47709,8001,3623,56225,298934,59403,54431,37904,1241,1049,14235,4971,4282,,239531,63426,62488,177042,56611,9600,20790,75041,,,,298934
Kansai,1989,644365,644365,,,1818211,166792,1651418,1367444,19262,39014,170744,2462576,516489,431282,311211,6745,4747,108578,85206,1148,,1946086,291345,284648,1661438,1337400,12100,68310,211528,,,,2462576
Chugoku,1989,166982,166982,,,286970,48914,238056,134494,20041,15450,49074,453952,201465,172898,140501,868,1781,29748,28567,2800,,252487,40935,40821,211666,128717,4030,21110,53959,,,,453952
Shikoku,1989,115462,115462,,,147238,36283,110954,56286,5942,8894,26692,262700,95839,88483,59768,1462,1346,25907,7356,,,166861,53093,51945,114916,55000,5000,14300,29116,,,,262700
Kyushu,1989,338034,338034,,,440218,77275,362943,266389,18699,28641,22890,778252,261633,261899,195874,2746,2291,60987,-265,4178,,516619,112757,110867,405751,272389,13800,41660,58902,,,,778252
Okinawa,1989,29558,29558,,,10431,,10431,80,1342,,8374,39990,11220,14797,10674,,,4123,-3577,,,28770,,,28770,4000,2250,,22520,,,,39990
Hokkaido,1988,122585,122585,,,135985,33202,102783,48540,15614,13056,14807,258571,107531,91863,62894,12576,1024,15367,15668,7720,,151039,40000,39060,111979,46800,11600,22470,23409,,,,258571
Tohoku,1988,173503,173503,,,278918,46270,232647,147536,14047,13155,36834,452422,203243,163111,117193,409,2857,42651,40132,430,,249179,20000,19590,229589,132540,9050,7980,67269,,,,452422
Tokyo,1988,1122291,1122291,,,1799880,156299,1643580,866225,67606,86261,442691,2922172,948042,1019063,723207,8792,6565,280498,-71022,,,1974129,328030,319877,1654252,864400,66300,95650,450097,,,,2922172
Chubu,1988,549913,549913,,,401748,44160,357588,280300,22553,25553,2693,951661,410796,382511,270685,2645,3615,105566,28285,,,540865,115197,112552,428313,296100,24800,67420,10793,,,,951661
Hokuriku,1988,143535,143535,,,110330,36773,73557,23362,7703,3601,29394,253866,77551,56594,35032,1155,1016,19389,20957,11530,,176314,50101,48948,127366,30650,8400,12000,63666,,,,253866
Kansai,1988,638020,638020,,,1391057,75019,1316037,939084,19688,38725,263185,2029078,484629,454415,310146,4541,4746,134981,30214,168,,1544448,196300,191815,1352632,939100,19700,69920,268612,,,,2029078
Chugoku,1988,231315,231315,,,240707,28684,212023,106818,29333,15229,42317,472023,186141,184153,115776,1506,1766,65103,1988,3231,,285881,60000,58510,227371,99511,29340,30630,52000,,,,472023
Shikoku,1988,109097,109097,,,103749,14811,88937,52571,5406,8943,10528,212847,93267,96541,59905,718,1342,34574,-3274,1947,,119580,30000,29389,90191,48000,2000,13900,19291,,,,212847
Kyushu,1988,358626,358626,,,309148,55372,253776,162261,17799,28329,20035,667775,275587,275495,189840,2382,2273,80999,91,4698,,392188,96134,94276,297911,167900,20200,55440,25471,,,,667775
Okinawa,1988,20529,20529,,,11160,,11160,85,1323,,9138,31689,19289,19254,10317,,,8937,34,,,12400,,,12400,,,,12400,,,,31689
Hokkaido,1987,154884,154884,,,123857,28413,95444,42150,14841,14002,13973,278742,90825,87890,66646,1486,1010,18746,2935,30,,187916,58000,56977,130939,57500,20600,25300,15439,,,,278742
Tohoku,1987,150865,150865,,,292014,85119,206894,142602,13293,14741,17233,442879,205865,155184,121348,361,2999,30475,50681,573,,237014,20000,19638,217376,136440,9791,9410,51143,,,,442879
Tokyo,1987,1121680,1121680,,,1841646,245683,1595963,880445,62981,86262,418171,2963327,926220,1023135,720755,7166,6565,288648,-96915,,,2037107,378100,372014,1665092,888000,70000,95010,460082,,,,2963327
Chubu,1987,540200,540200,,,563021,92421,470600,396000,21128,21742,6611,1103221,281432,348319,234463,4509,3615,105732,-66887,,,821789,229643,225982,595807,433000,47700,67200,15307,,,,1103221
Hokuriku,1987,82887,82887,,,69985,24617,45368,21402,7297,3937,3123,152872,44782,42807,36272,1626,990,3918,1975,,,108089,60000,58699,49390,24596,3700,3900,12344,,,,152872
Kansai,1987,628016,628016,,,1329711,133224,1196486,918410,18588,38073,159189,1957727,422576,469189,305407,3462,4717,155602,-46613,8977,,1535151,200000,196696,1338454,938400,25800,65760,234994,,,,1957727
Chugoku,1987,237935,237935,,,258875,47874,211000,113227,27423,11192,41903,496810,176023,151035,114175,941,1761,34157,24988,249,,320786,60000,59270,261516,113253,29400,41050,58912,,,,496810
Shikoku,1987,107739,107739,,,110059,24784,85274,53579,5301,9228,4875,217798,143007,90527,59446,1972,1320,27788,6627,33235,45852,74791,10000,9864,64927,44180,1660,7570,9627,,,,217798
Kyushu,1987,352624,352624,,,298175,57895,240280,151273,17205,29038,19879,650799,272734,271601,185095,2071,2265,82169,1133,,,378065,94561,93010,285054,164800,19600,50200,24054,,,,650799
Okinawa,1987,14213,14213,,,11624,,11624,747,1323,,8941,25837,20337,20232,10166,,,10066,105,,,5500,,,5500,,,,5500,,,,25837
Hokkaido,1986,145348,145348,,,118517,42045,76471,38860,13894,10821,2579,263865,95975,92041,72330,2332,1005,16373,3933,1000,,167890,60218,58660,109229,45200,16100,27940,7089,,,,263865
Tohoku,1986,144999,144999,,,306784,106870,199914,154586,11824,11683,5199,451784,242643,196690,125357,1634,2412,67287,45953,2400,,209140,49588,48055,161084,138799,7969,3610,1999,,,,451784
Tokyo,1986,1130239,1130239,,,1728797,271616,1457180,866155,60860,65560,359454,2859036,1065425,1059409,658293,7636,6532,386947,6015,6500,,1793610,283436,276850,1516759,873100,68760,104970,346038,,,,2859036
Chubu,1986,510402,510402,,,520999,101910,419089,343600,22206,17179,10959,1031401,385035,351384,169471,4496,3597,173820,33651,3580,,646366,143880,139384,506982,373000,28400,61600,11382,,,,1031401
Hokuriku,1986,89393,89393,,,65754,17960,47794,20932,6948,3356,6950,155147,54536,48944,33699,1104,980,13160,5592,,,100610,37409,36353,64257,22600,9800,5150,13457,,,,155147
Kansai,1986,656192,656192,,,1323195,146571,1176624,928236,16800,31454,154834,1979387,624024,512541,292708,5097,4634,210102,111483,11022,,1355363,167944,163179,1192184,915800,12500,74180,162804,,,,1979387
Chugoku,1986,281597,281597,,,247378,54060,193318,98616,26424,7214,44028,528976,152210,166891,109973,3641,1752,51524,-14680,1742,,376766,126753,123721,253044,110389,33400,42150,43805,,,,528976
Shikoku,1986,102991,102991,,,118555,35127,83428,53683,5502,9537,3291,221547,122326,98038,59553,626,1096,36761,24288,4257,,99220,17780,17451,81769,54590,5090,6270,4179,,,,221547
Kyushu,1986,372221,372221,,,286530,58940,227590,143184,16258,25168,21273,658751,294612,274629,184441,2465,2254,85467,19983,2242,,364138,92243,89841,274297,153800,18100,53380,24217,,,,658751
Okinawa,1986,12569,12569,,,11441,,11441,955,1323,,8550,24010,22010,21264,10672,,,10592,746,,,2000,,,2000,,,,2000,,,,24010
Hokkaido,1985,136211,136211,,,101024,29690,71334,36930,12149,8891,4232,237236,108301,99616,75041,11157,1000,12416,8685,,,128934,39655,38393,90541,38200,14400,19490,8651,,,,237236
Tohoku,1985,134400,134400,,,283783,67100,216683,146414,10087,8677,37677,418184,114082,166323,129755,2077,2400,32090,-52241,,,304102,73400,71323,232779,154440,12600,13930,32909,,,,418184
Tokyo,1985,1104353,1104353,,,1691314,234529,1456785,810887,49414,58491,448300,2795667,949361,883108,619319,9381,6500,247908,66252,,,1846306,311061,301866,1544439,826000,63414,156750,392852,,,,2795667
Chubu,1985,414447,414447,,,481777,87470,394307,320600,22339,16912,10313,896225,294741,250534,154999,4160,3580,87795,44207,,,601483,147561,143400,458083,326000,29600,52500,17083,,,,896225
Hokuriku,1985,71030,71030,,,66269,19882,46387,20591,6349,3360,6846,137299,78034,58683,33237,1352,880,23212,-10743,21460,30094,59265,10000,9724,49540,21500,7140,3250,7363,,,,137299
Kansai,1985,476910,476910,,,1177400,117907,1059492,874022,15027,24961,103007,1654310,522713,476355,304736,2855,4531,164233,46358,6851,,1131596,100578,97831,1033765,862400,13800,36190,86575,,,,1654310
Chugoku,1985,274754,274754,,,216523,40760,175763,86295,25371,7147,41089,491278,166172,135710,91574,2368,1743,40023,30461,,,325106,84079,82184,242921,102132,35200,46770,33919,,,,491278
Shikoku,1985,86989,86989,,,117041,33424,83617,52047,5662,8333,6605,204031,108418,93277,60714,745,1059,30757,15140,2699,,95612,19376,18655,76957,51950,7060,1400,4637,,,,204031
Kyushu,1985,338181,338181,,,253784,51530,202254,134547,13101,14339,22844,591965,265085,269448,168981,2639,2243,95584,-4362,,,326879,80555,77915,248964,141800,11900,56840,22924,,,,591965
Okinawa,1985,9527,9527,,,12672,1789,10883,1030,1342,,7898,22199,16699,14336,11182,,,3154,2363,,,5500,,,5500,,,,5500,,,,22199
Hokkaido,1984,124486,124486,,,127155,29010,98145,34660,10626,7632,37586,251642,70917,67093,62731,1557,1000,1804,3823,,,180724,51805,50411,130313,37500,15400,22050,44163,,,,251642
Tohoku,1984,179455,179455,,,230427,57867,172560,134591,8330,7252,10996,409882,140147,168913,133432,1602,2400,31478,-28765,,,269735,56347,54744,214990,150640,13350,26190,3410,,,,409882
Tokyo,1984,1095499,1095499,,,1612187,168283,1443903,768372,41594,46573,509194,2707686,620112,667499,529126,9724,6500,122148,-47386,,,2087573,304396,294701,1792872,802500,76594,170100,598548,,,,2707686
Chubu,1984,305944,305944,,,437873,89610,348263,278800,20748,16363,10089,743817,180215,213017,156983,4223,3580,48231,-32802,,,563602,163090,158866,404736,304000,25500,40300,5136,,,,743817
Hokuriku,1984,57840,57840,,,67322,26445,40877,20078,6370,3660,2317,125162,65593,43922,32164,597,785,10374,21671,,,59569,20347,19755,39813,20250,6710,3400,563,,,,125162
Kansai,1984,551627,551627,,,1115535,114572,1000963,844004,13214,20191,83165,1667162,390729,409258,278354,4673,4465,121765,-18528,5085,,1276433,154813,150268,1126164,874100,29200,62870,100194,,,,1667162
Chugoku,1984,264977,264977,,,176208,39500,136708,79923,23056,7583,12492,441186,123416,115520,85814,1976,1743,25986,7896,,,317769,70970,68997,248772,94785,37200,59580,30707,,,,441186
Shikoku,1984,90469,90469,,,130221,29781,100439,51251,5431,6587,27073,220690,100580,97473,63688,829,1034,31922,3107,242,,120109,27095,26544,93564,51250,5430,2230,24554,,,,220690
Kyushu,1984,319203,319203,,,228464,47110,181354,119700,10990,12333,23318,547667,231071,214732,142709,1799,2243,67980,16339,,,316595,61857,60057,256538,131200,16400,66310,23928,,,,547667
Okinawa,1984,10277,10277,,,10650,389,10261,1155,1323,,7194,20927,14727,14668,8938,,,5730,59,,,6200,,,6200,,,,6200,,,,20927
Hokkaido,1983,139743,139743,,,87220,20740,66480,30510,8698,7068,13890,226964,74192,72321,61561,7384,1000,2375,1870,,,152772,36000,34944,117827,40300,25300,18450,15077,,,,226964
Tohoku,1983,273908,273908,,,189731,48310,141421,109755,7335,6749,6851,463639,122011,144861,103260,2287,2400,36914,-22849,,,341627,76922,74635,266992,154840,24300,34590,8562,,,,463639
Tokyo,1983,1208684,1208684,,,1314856,194452,1120404,714431,38515,39571,272059,2523541,823696,651026,455749,7350,6500,181426,172670,,,1699844,252442,245092,1454751,758500,87315,156680,308772,,,,2523541
Chubu,1983,311924,311924,,,305393,79570,225823,164600,18766,14660,8098,617317,365962,234844,154794,1664,3580,74806,52539,64240,78579,251355,35594,34568,216787,134000,18900,43250,3337,,,,617317
Hokuriku,1983,50187,50187,,,74478,18015,56463,35547,6934,4243,2251,124665,60024,50238,32631,148,785,16672,9786,,,64640,4000,3857,60783,36750,9270,3520,753,,,,124665
Kansai,1983,598508,598508,,,992686,136061,856625,764604,11906,20064,23363,1591195,500220,350115,223176,3785,4413,118741,150105,5206,,1090975,127388,123677,967298,814700,23500,43090,15308,,,,1591195
Chugoku,1983,206710,206710,,,148074,32225,115849,69180,20386,8628,6084,354785,158140,120229,86476,1035,1743,30974,37910,,,196644,37473,36433,160210,74145,27500,27920,12645,,,,354785
Shikoku,1983,96805,96805,,,147586,25864,121722,83576,5042,7543,16565,244391,94573,92539,63978,811,1031,26717,2034,2,,149818,24766,23956,125862,86800,6290,12630,8902,,,,244391
Kyushu,1983,352315,352315,,,210217,39182,171034,107630,9916,12216,29217,562532,248739,194484,119461,7242,2243,65537,54255,1582,,313792,61555,59620,254172,121600,22400,49130,29642,,,,562532
Okinawa,1983,10529,10529,,,10437,342,10095,1630,1323,,6553,20966,17966,17553,9502,,,8051,413,,,3000,,,3000,,,,3000,,,,20966
Hokkaido,1982,147168,147168,,,67545,16060,51485,30630,7079,6891,1554,214714,90081,65024,53942,2527,1153,7401,-27,23530,25084,124632,21000,20355,104276,38800,21000,24200,4576,,,,214714
Tohoku,1982,279398,279398,,,152526,36410,116116,85302,6545,5926,7979,431924,31758,103069,84232,5127,2400,11309,-71310,,,400166,161563,156442,243724,130340,26500,32890,3594,,,,431924
Tokyo,1982,1128046,1128046,,,1047473,132488,914984,657766,27142,31294,144081,2175519,631036,508875,379848,6250,6500,116277,122161,,,1544482,190786,184536,1359946,721000,113042,150340,169100,,,,2175519
Chubu,1982,376032,376032,,,249097,62220,186877,130000,16840,14033,6476,625129,221640,201631,148887,5156,2937,44651,20009,,,403489,113161,109751,293738,177000,29200,50500,3538,,,,625129
Hokuriku,1982,52654,52654,,,64195,12065,52130,31921,5888,4237,2764,116849,12558,31044,31937,972,785,-2651,-18485,,,104290,34847,33881,70409,35600,13000,4800,929,,,,116849
Kansai,1982,589658,589658,,,858144,105438,752706,673536,10190,18056,13150,1447802,380700,287043,219889,7152,3816,56186,1661,78998,91996,1067102,143934,139453,927649,748600,27600,48560,13889,,,,1447802
Chugoku,1982,152688,152688,,,125132,24845,100287,64952,12359,6019,7374,277820,119953,87688,76721,1136,1743,8088,32265,,,157867,34758,33619,124248,69960,21340,9690,5738,,,,277820
Shikoku,1982,131454,131454,,,89427,20020,69406,44982,4510,5204,6670,220881,96405,101403,54025,1100,1031,45246,-4998,,,124476,32507,31408,93068,50600,7300,17910,4288,,,,220881
Kyushu,1982,351483,351483,,,179084,35532,143551,91750,6905,12345,21328,530567,141844,141881,105353,2807,2221,31498,-36,,,388722,113543,109716,279006,116600,29000,56050,31956,,,,530567
Okinawa,1982,11877,11877,,,8915,280,8635,1783,933,,5511,20792,9792,9595,6810,,,2785,197,,,11000,,,11000,510,675,,9500,,,,20792
Hokkaido,1981,133964,133964,,,46157,9940,36217,18420,5896,5559,1180,180121,52605,54281,41508,1845,600,10328,-1676,1499,,127516,31000,29924,97592,30000,25400,17760,4632,,,,180121
Tohoku,1981,283171,283171,,,128616,23660,104956,69418,6552,5510,9631,411787,96560,131779,76209,10019,2013,43538,-97494,57930,62275,315227,140000,135186,180041,99440,22600,10965,1136,,,,411787
Tokyo,1981,1194120,1194120,,,945210,68103,877107,621552,21492,27501,134620,2139330,583446,474749,425564,11421,5851,31913,-32043,129800,140740,1555884,230000,222121,1333763,678000,108992,124300,197068,,,,2139330
Chubu,1981,352797,352797,,,195011,35700,159311,101000,14816,12109,6088,547808,204287,207129,147435,6744,2938,50012,-2842,,,343521,110000,106219,237302,138000,27200,30560,2742,,,,547808
Hokuriku,1981,71806,71806,,,52019,6965,45054,28228,5338,2380,2227,123825,28096,46984,32673,1036,786,12489,-18888,,,95729,29000,27973,67756,31900,12450,6900,806,,,,123825
Kansai,1981,521799,521799,,,711034,53826,657208,585676,10052,16145,8670,1232833,219008,300277,208559,6650,3597,81471,-81269,51,,1013825,195000,188352,825473,655700,28400,43730,14643,,,,1232833
Chugoku,1981,213585,213585,,,108704,15155,93549,62895,11333,5607,3972,322289,72998,95947,73041,3390,1396,18120,-68340,41466,45391,249291,66000,63722,185569,72470,36300,23460,21639,,,,322289
Shikoku,1981,124927,124927,,,73490,11026,62464,38047,4106,4022,8544,198417,52965,33031,57223,1602,1032,-26826,19934,330,,145452,45000,43447,102005,50320,9700,20260,4025,,,,198417
Kyushu,1981,333108,333108,,,163399,23097,140302,76510,9566,9288,30631,496507,185276,138898,103506,2590,1885,30917,-2769,45992,49147,311231,85000,82091,229140,91200,28900,33710,31130,,,,496507
Okinawa,1981,13206,13206,,,8059,281,7778,1457,813,,5156,21265,10165,9883,6691,,,3192,282,,,11100,,,11100,,,,11100,,,,21265
Hokkaido,1980,144763,144763,,,38385,9240,29145,13474,5955,3516,627,183148,40680,35896,29734,2030,600,3532,4784,1470,,142468,61000,59240,83228,22100,20500,21120,808,,,,183148
Tohoku,1980,245397,245397,,,109047,21280,87767,59347,6632,5231,3693,354444,114480,112901,63311,1855,1821,45914,1579,3570,,239964,91000,88254,151710,74350,14700,33370,260,,,,354444
Tokyo,1980,1167879,1192616,74,-24811,872966,75139,797827,586832,22120,19976,75040,2040845,623444,515847,338093,8241,5202,164311,107597,10200,,1442138,270000,262118,1180020,594050,99320,141970,125399,-24737,74,-24811,2040845
Chubu,1980,340882,340882,,,178675,31150,147525,89000,12263,11395,13253,519557,243283,221002,130727,1668,2938,85669,22281,5760,,276274,68000,65996,210278,106000,31600,24270,3068,,,,519557
Hokuriku,1980,81893,81893,,,47584,6685,40899,25931,4632,2381,1346,129477,51829,50642,19623,563,786,29670,1187,1540,,77648,17000,16499,61149,28250,9350,10400,949,,,,129477
Kansai,1980,555679,555679,,,642957,52545,590412,492656,9778,13664,36815,1198636,426050,326837,199752,4129,3597,119359,99213,7063,,772586,125000,121110,651476,522700,14700,51730,13546,,,,1198636
Chugoku,1980,213544,213544,,,96725,13335,83390,51664,15732,4807,3029,310269,128334,98390,55031,2877,1328,39154,29944,,,181935,52000,50354,131581,53117,30640,21050,1034,,,,310269
Shikoku,1980,131537,131537,,,94053,9891,84162,30511,4285,4271,37694,225590,84041,78608,32416,1426,858,43908,-14985,22436,20418,141549,34000,32953,108596,44500,11300,19010,14486,,,,225590
Kyushu,1980,297097,297097,,,146668,16048,130620,64090,8051,7928,39099,443765,183935,152848,77208,1683,1749,72208,31087,4220,,259830,70000,67879,191951,80900,28400,21110,19141,,,,443765
Okinawa,1980,18798,18798,,,7712,252,7460,1404,786,,4931,26510,510,256,5696,,,-5440,254,,,26000,,,26000,3842,5085,,14700,,,,26510
Hokkaido,1979,133695,133695,,,31606,6650,24956,10524,5054,3318,1984,165301,33428,24765,21885,1019,,1861,8663,,,131873,56500,54831,77042,17200,17700,24660,3782,,,,165301
Tohoku,1979,190010,190010,,,90853,16835,74018,50517,6126,5147,953,280863,35468,31305,45003,941,1071,-15710,4163,,,245395,115000,111580,133815,65540,13150,17120,12735,,,,280863
Tokyo,1979,960083,961966,2082,-3965,732161,57570,674591,483312,22255,16533,77221,1692244,125512,228672,229919,12390,3060,-16697,-103160,,,1568615,416362,403972,1164643,558100,103455,109080,172182,-1883,2082,-3965,1692244
Chubu,1979,308641,308641,,,152802,31510,121292,71000,10500,10845,12122,461443,90927,70745,97272,1508,1728,-29763,-54966,66609,75148,370516,110000,106715,263801,110000,41800,37200,19041,,,,461443
Hokuriku,1979,98978,98978,,,41758,5705,36053,22474,3884,2407,1598,140736,16197,11618,17609,2113,485,-8589,-15298,18070,19877,124539,55000,53373,71166,25450,10650,14700,6466,,,,140736
Kansai,1979,389116,389116,,,601605,45069,556536,487002,11874,11787,12909,990721,109570,144353,155888,4922,2470,-18927,-92828,59013,58045,881151,135000,130966,750185,567034,23310,26170,46571,,,,990721
Chugoku,1979,171347,171347,,,72368,12785,59583,39092,4122,4547,5588,243715,-9289,1263,38192,2160,781,-39870,-10552,,,253004,88000,85366,167638,61627,39060,23580,12986,,,,243715
Shikoku,1979,130303,130303,,,51897,7115,44782,26807,4048,4383,3199,182200,29531,26410,29285,1153,563,-4591,3121,265,,152669,34617,33474,119195,35800,9050,18800,40975,,,,182200
Kyushu,1979,262960,262045,,915,107936,23843,84093,51000,7254,7112,8841,370896,46798,49825,57669,1107,1023,-9974,-48438,41699,45411,323183,100000,97039,226144,72000,28300,31540,48004,915,,915,370896
Okinawa,1979,12693,12693,,,6798,193,6605,1384,648,,4297,19491,4591,4280,5449,,,-1169,311,,,14900,,,14900,1190,1575,,11400,,,,19491
Hokkaido,1978,113463,113463,,,39843,13463,26380,12977,6193,2652,1367,153306,45453,24236,18511,2942,651,2132,2093,16933,19124,107853,38000,37031,70822,18000,14900,24260,4062,,,,153306
Tohoku,1978,218590,218590,,,97789,33430,64359,44811,5617,3767,1156,316379,135622,65578,43120,3194,1402,17862,22045,41869,47999,180757,75000,73076,107681,54811,11600,11260,9010,,,,316379
Tokyo,1978,1023039,991994,2269,28776,696806,116620,580186,424692,18530,13730,36832,1719845,416199,274422,177516,10554,4847,81505,25795,101041,115982,1272601,310000,302150,970451,462000,76530,137517,150886,31045,2269,28776,1719845
Chubu,1978,300433,300433,,,194998,71046,123952,93250,8448,7451,1070,495431,158693,144397,111540,4196,2214,26447,14296,,,336738,117000,114043,222695,110000,29300,20730,31165,,,,495431
Hokuriku,1978,81282,81282,,,49487,14242,35245,20853,3626,2483,1857,130769,41056,28216,16730,893,590,10003,12840,,,89713,34500,33614,56099,21850,8273,11490,2676,,,,130769
Kansai,1978,502702,502540,162,,478084,92310,385774,318620,8303,10484,10980,980786,214995,180620,140970,5928,2935,30787,34375,276,,765629,221107,215184,550445,371600,19900,30460,63615,162,162,,980786
Chugoku,1978,173551,173551,,,72343,23867,48476,28753,3069,3236,6166,245894,88564,51010,41103,1657,1302,6948,-974,35608,38528,157330,52000,50674,106656,38444,23000,7070,13442,,,,245894
Shikoku,1978,107035,107035,,,55054,15535,39519,23611,3235,3941,1507,162089,56910,41827,29922,1410,801,9694,-5181,18314,20264,105179,33000,32094,73085,32460,7730,9400,9385,,,,162089
Kyushu,1978,256526,252466,,4060,101529,33108,68421,42380,6652,5169,6464,358055,101219,81303,50614,3297,1285,26107,19916,1496,,252776,100000,97451,155325,52300,17200,39060,22965,4060,,4060,358055
Okinawa,1978,9850,9850,,,6642,374,6268,1166,763,,4204,16492,9842,8533,5130,,,3403,1309,,,6650,,,6650,272,360,,5850,,,,16492
Hokkaido,1977,86305,86305,,,25674,9331,16343,3413,5345,1955,3104,111979,30737,23199,15534,2386,566,4713,7538,,,81242,28000,27268,53974,11600,17400,10830,2644,,,,111979
Tohoku,1977,149955,149955,,,75162,24206,50956,33263,5284,3273,1307,225117,84591,60049,41655,1583,1366,15445,24542,,,140526,58000,56418,84108,48263,11300,2515,2170,,,,225117
Tokyo,1977,736372,737715,3099,-4442,485185,85497,399688,256820,15805,10508,56436,1221557,259153,219747,143104,8464,4090,64089,39406,,,963747,310000,301711,662036,310000,64105,40354,127112,-1343,3099,-4442,1221557
Chubu,1977,278676,278676,,,153376,48045,105331,78000,6215,5169,4990,432052,151623,109186,62690,3170,2214,41112,42437,,,280429,117000,113872,166557,72500,33400,20950,2677,,,,432052
Hokuriku,1977,51217,51217,,,45827,10453,35374,20911,3339,1815,3952,97044,42317,23281,17212,455,590,5024,19036,,,54727,17000,16559,38168,19000,7859,,1009,,,,97044
Kansai,1977,391145,389938,1207,,393514,73223,320291,264260,8199,8478,7494,784659,206325,157993,112733,11867,2934,30459,48332,,,577127,157000,152778,424349,311000,20500,20740,11079,1207,1207,,784659
Chugoku,1977,128390,128390,,,52168,15528,36640,24467,2738,2792,1305,180558,55390,38153,29317,1710,946,6180,17237,,,125168,52000,50609,74559,29594,18800,4010,2095,,,,180558
Shikoku,1977,90119,90119,,,44353,11264,33089,19103,2474,3105,2679,134472,40773,43920,27606,750,618,14946,-3149,2,2,93699,25000,24358,69341,29076,7540,12010,6535,,,,134472
Kyushu,1977,180185,180185,,,82545,23690,58855,38830,5026,4258,1306,262730,120659,85285,55521,1748,1273,26743,15505,25804,19869,142071,56000,54526,87545,41800,10400,13730,4135,,,,262730
Okinawa,1977,14500,14500,,,5269,,5269,1337,234,,3614,19769,4469,4109,4377,,,-268,360,,,15300,,,15300,1360,1800,,11300,,,,19769
Hokkaido,1976,71240,71240,,,17343,7346,9997,3763,2603,1577,87,88583,13283,15542,12311,2322,507,402,-2259,1115,,75300,37000,35979,39321,9500,12100,5930,2621,,,,88583
Tohoku,1976,148167,148167,,,62208,17624,44584,28420,5039,2456,1423,210375,38113,55133,37074,6594,1224,10241,-17020,2692,,172262,100000,97219,75043,41420,10047,5100,2436,,,,210375
Tokyo,1976,581861,572121,9363,377,357443,67276,290167,192720,14488,8510,12700,939304,268454,181033,117455,18768,3665,41145,87419,8060,2,661110,270000,262520,398590,227720,46188,27780,18052,9740,9363,377,939304
Chubu,1976,263441,263441,,,116794,35299,81495,59000,4975,4341,3762,380235,116965,109228,75626,5626,1984,25992,7737,4362,,263270,120000,116661,146609,55000,33729,16780,3270,,,,380235
Hokuriku,1976,39433,39433,,,38069,7833,30236,20007,2887,1402,1495,77502,27146,30876,17618,1889,466,10903,-3730,1161,,50356,15000,13612,36744,21150,6037,360,1127,,,,77502
Kansai,1976,380415,362194,18221,,309237,53407,255830,215960,6144,6797,2773,689652,193163,141193,105462,3769,2629,29333,51970,5780,,478268,152000,147774,330494,238000,16800,21430,2264,18221,18221,,689652
Chugoku,1976,107608,107608,,,50787,11279,39508,28815,2083,1689,2412,158395,31147,33530,25283,1517,848,5882,-2383,,,127248,60000,58260,68988,29329,16110,4530,1754,,,,158395
Shikoku,1976,85434,85261,,173,35581,11121,24460,16125,1856,2146,546,121015,27032,23216,16685,2523,554,3454,3816,1220,,93810,33000,32080,61730,29100,7461,7780,2829,173,,173,121015
Kyushu,1976,184301,184301,,,60285,17829,42456,24960,4217,3767,1229,244586,71579,65059,48602,3032,912,12513,6520,2018,,173007,68013,66147,106860,43400,16100,15620,6100,,,,244586
Okinawa,1976,10897,10897,,,5488,,5488,3210,52,,2226,16385,129,,3998,,,-3998,129,,,16256,,,16256,2198,3960,,8250,,,,16385
Hokkaido,1975,68006,68006,,,14409,6481,7928,2513,2253,1533,68,83258,23380,16202,10993,739,417,4053,-7144,19093,14322,59878,30000,29088,30790,6800,9500,5270,2495,,,,83258
Tohoku,1975,128744,126208,,2536,54656,15689,38967,21620,4930,2396,1942,185859,47267,33327,26436,1377,944,4570,-10091,30603,24031,136056,70000,67913,68143,33620,9480,6489,2722,2536,,2536,185859
Tokyo,1975,359483,345458,3818,10207,325608,62096,263512,186260,12986,6733,4904,708778,222408,135218,105632,4998,3378,21210,15086,94809,72104,470448,183000,177385,293063,167500,30803,17350,11510,15922,4508,11414,708778
Chubu,1975,190804,190804,,,97302,33420,63882,46500,4106,4248,812,294600,95044,72982,48831,5559,1955,16637,-21830,57449,43892,199556,90000,87276,112280,50000,20999,11500,3621,,,,294600
Hokuriku,1975,39377,39377,,,33697,7443,26254,17798,3147,1302,191,75155,22330,19194,12530,645,351,5668,-7181,14207,10317,52825,15500,15027,37798,19900,6819,2600,764,,,,75155
Kansai,1975,275475,268189,7286,,274210,45449,228761,198720,5102,5311,1524,580589,169511,97625,72602,3453,2142,19428,26820,60695,45066,401752,100000,96947,304805,217000,15900,13830,8159,9326,9326,,580589
Chugoku,1975,77874,77874,,,41028,8538,32490,24346,1621,1514,2328,122803,27090,29729,21033,882,835,6979,-2639,,,95713,37000,35862,59851,26646,10780,8300,2065,,,,122803
Shikoku,1975,74022,74022,,,23676,7282,16394,11014,1390,1287,348,102141,25997,17411,13405,910,520,2576,-3318,15150,11904,74803,27000,26197,48606,21000,6499,8070,2377,1341,1341,,102141
Kyushu,1975,131149,130219,,930,52954,14007,38947,21730,3671,2956,820,187053,40503,37428,27797,1295,794,7542,3075,1966,,145620,47000,45576,100044,53300,13135,9790,3934,930,,930,187053
Okinawa,1975,,,,,,,,,,,,,,,,,,,,,,,,,,,,,,,,,
Hokkaido,1974,53120,53120,,,12931,6512,6419,1826,1892,1517,45,66189,12168,14950,9869,464,289,4328,-2782,360,,54021,33000,31979,22042,4650,6480,1410,4487,,,,66189
Tohoku,1974,105528,102992,,2536,45296,15576,29720,16340,4551,2397,1509,154150,40719,35246,23635,748,804,10059,5473,1000,,110895,61000,59107,51788,26340,7565,2230,1888,2536,,2536,154150
Tokyo,1974,430233,391775,10748,27710,275568,70068,205500,144600,11866,5893,4228,727925,107016,122873,93614,4214,2431,22614,-15857,6030,,578868,207500,201083,377785,224800,31401,22660,48124,42041,11968,30073,727925
Chubu,1974,174909,174909,,,82635,31526,51109,36500,3925,3559,673,260552,58712,60020,43764,1304,1270,13682,-1308,,,201840,98000,94960,106880,55000,13475,7440,11195,,,,260552
Hokuriku,1974,54602,54602,,,28608,8114,20494,13553,2665,1306,81,84410,6236,14691,9907,457,346,3981,-8455,431,,78174,35000,33909,44265,18100,7228,4660,5087,,,,84410
Kansai,1974,267172,259356,7816,,186257,47004,139253,118880,3459,4726,1434,469984,88960,83497,64976,3108,1806,13607,5463,2246,,372848,103000,99803,273045,179000,18110,11695,14960,8176,8176,,469984
Chugoku,1974,83845,83845,,,32498,9261,23237,18207,1447,1355,290,118143,16740,28511,18206,1521,581,8203,-36108,30906,24337,101403,42500,41150,60253,29236,7340,4710,9207,,,,118143
Shikoku,1974,62984,62984,,,20767,7623,13144,7498,1154,1287,168,84324,20400,16344,10704,742,401,4497,-3012,9450,7068,63924,26500,25671,38253,13200,4320,7360,3828,,,,84324
Kyushu,1974,108204,106008,,2196,59359,15436,43923,29965,3234,2816,158,170358,40351,29714,23663,1637,600,3814,-8508,24383,19145,127811,55041,53393,74418,44300,9399,4860,3799,2196,,2196,170358
Okinawa,1974,,,,,,,,,,,,,,,,,,,,,,,,,,,,,,,,,
Hokkaido,1973,36968,36968,,,11795,6303,5492,1350,1673,1504,34,48767,13809,11622,8725,390,324,2183,2187,,,34958,20000,19393,15565,3550,6000,180,975,,,,48767
Tohoku,1973,84774,82238,,2536,50817,14170,36647,14750,4096,2227,1544,136146,52538,26074,25285,742,793,-746,8314,20000,18150,81072,48000,46541,34531,16750,6286,2060,1465,2536,,2536,136146
Tokyo,1973,375833,325188,12471,38174,167671,58735,108936,64100,12349,5220,2924,581238,132228,80845,95992,2696,2400,-20243,51383,,,368771,150000,145482,223289,116600,27302,18631,15156,80239,40398,39841,581238
Chubu,1973,144136,144136,,,68196,29150,39046,26500,4100,2982,345,217600,73556,34025,46295,439,1422,-14131,39531,,,144044,85000,82420,61624,35000,8780,5030,3924,,,,217600
Hokuriku,1973,42509,42509,,,29506,7466,22040,14545,2312,1279,39,72482,16221,8447,10489,204,432,-2678,7774,,,56261,21000,20360,35901,16750,6100,1100,1531,,,,72482
Kansai,1973,332738,317739,14999,,175149,37040,138109,120480,2861,4442,1229,515253,102085,44317,55432,2259,1635,-15009,22349,44922,35419,393419,150000,145443,247976,155000,19800,14325,4491,19749,19749,,515253
Chugoku,1973,65387,65387,,,26557,8538,18019,13707,1154,1346,198,93185,24064,15585,19277,963,551,-5206,8479,,,69121,32000,30993,38128,17837,5890,1560,2417,,,,93185
Shikoku,1973,49318,49318,,,18791,6881,11910,6792,1330,1131,84,68192,10367,13607,9604,338,324,3341,-3240,,,57825,30000,29096,28729,9310,4040,4300,1739,,,,68192
Kyushu,1973,88197,83933,,4264,43024,12860,30164,19411,2844,2669,3,135184,38148,32110,26784,1008,649,3669,6038,,,92772,43000,41795,50977,27400,6670,4210,4887,4264,,4264,135184
Okinawa,1973,,,,,,,,,,,,,,,,,,,,,,,,,,,,,,,,,
Hokkaido,1972,26534,26534,,,9811,5375,4436,600,1592,1488,13,37196,15080,14009,8474,790,360,4385,1071,,,22116,12000,11691,10425,2000,3600,130,1095,,,,37196
Tohoku,1972,73091,65957,,7134,40866,13196,27670,14840,3548,2227,1111,113957,37929,36148,28900,733,800,5715,1781,,,68894,28500,27767,41127,16840,6575,960,3612,7134,,7134,113957
Tokyo,1972,315302,276287,11458,27557,288546,50882,237664,156870,13127,4770,1619,644413,229153,144816,108853,12101,2348,21514,12097,65625,72240,373453,110000,107142,266311,135148,26500,17231,30502,41807,12830,28977,644413
Chubu,1972,138713,138713,,,60832,27227,33605,23750,3010,2650,72,199545,74516,72250,54015,2391,1234,14610,-33548,36500,35814,125029,64000,62345,62684,25000,8361,4990,13105,,,,199545
Hokuriku,1972,25336,25336,,,22962,7201,15761,9445,2126,1252,71,51292,20536,15435,10813,74,432,4116,5101,,,30756,10000,9737,21019,10000,3410,310,3175,,,,51292
Kansai,1972,263165,254054,9111,,117117,31421,85696,64240,2509,3724,940,412519,97165,77022,73398,983,1799,842,20143,,,302488,121000,117922,184566,85000,15600,13045,29421,12866,12866,,412519
Chugoku,1972,66603,66603,,,23966,7774,16192,13147,762,1339,134,90569,36504,30911,17961,615,612,11723,5593,,,54065,24000,23356,30709,14812,3463,1150,3519,,,,90567
Shikoku,1972,38684,38684,,,17918,5603,12315,8684,831,977,,59580,16458,14575,11163,101,360,2951,1883,,,43122,19000,18518,24604,9206,2810,1530,3978,,,,59580
Kyushu,1972,79196,78603,,593,40717,11421,29296,17800,3195,2475,3,125590,37908,37263,27407,914,720,8222,645,,,87089,36000,35075,52014,20800,8700,4300,4294,593,,593,125590
Okinawa,1972,,,,,,,,,,,,,,,,,,,,,,,,,,,,,,,,,
Hokkaido,1971,23060,23060,,,9712,5270,4442,750,1629,1487,,32772,11360,13933,8247,1443,360,3883,-2573,,,21412,12000,11572,9840,3500,3200,130,40,,,,32772
Tohoku,1971,72709,66943,,5766,40669,12605,28064,10840,3074,2226,781,114152,30769,34870,25895,1334,729,6912,-19889,20000,15788,77617,32000,30878,46739,17840,8030,380,3373,5766,,5766,114152
Tokyo,1971,280888,238092,11625,31171,224087,37122,186965,104904,13541,4401,1350,513686,151773,135981,107201,6009,2344,20427,-15792,,,317343,105100,101469,215874,118226,26045,12807,4126,44570,13399,31171,513686
Chubu,1971,158826,158826,,,55630,22210,33420,23000,2066,2416,6,215683,55552,66644,47565,2476,1216,15387,-11092,,,160131,72200,69724,90407,38000,14510,6029,1926,,,,215683
Hokuriku,1971,25054,25054,,,21927,6683,15244,8915,1884,1252,,47445,11965,15031,9909,621,378,4123,-11591,10783,8525,35480,13000,12511,22969,10400,4880,350,533,,,,47445
Kansai,1971,204442,195458,7811,1173,110888,21402,89486,72500,2048,3446,502,319267,115919,77561,60828,2440,1650,12643,-9955,35938,28403,191733,94185,90955,100778,66500,5710,9990,1628,11615,10442,1173,319267
Chugoku,1971,53471,53471,,,20975,6915,14060,11617,625,1339,8,78819,25613,26528,14452,979,562,10535,-17045,20400,16130,53206,22800,21989,31217,18302,3720,140,350,,,,78819
Shikoku,1971,38806,38806,,,15493,5108,10385,5978,727,901,,54299,19513,12671,9676,629,350,2016,-2662,12000,9504,34786,15000,14486,20300,8950,2370,1610,600,,,,54299
Kyushu,1971,71483,71200,,283,34230,9782,24448,16300,1938,2172,,106221,28955,30949,23604,1062,720,5563,-1994,,,76983,30800,29713,47270,25300,7100,2930,,283,,283,106221
Okinawa,1971,,,,,,,,,,,,,,,,,,,,,,,,,,,,,,,,,
Hokkaido,1970,21743,21743,,,12373,6109,6264,2750,1647,1397,,34116,16482,12897,7769,627,355,4146,-1164,6000,4749,17634,8600,8254,9380,4000,2700,,,,,,34116
Tohoku,1970,59074,54302,,4772,30423,13433,16990,5840,2718,2151,,89497,30937,33064,24110,2102,600,6252,-2127,,,53788,22900,21970,31818,10840,5610,301,3963,4772,,4772,89497
Tokyo,1970,236619,198631,9930,28058,202621,37224,165397,112816,12004,4114,450,439240,135116,119535,97268,8028,2227,12012,-21434,46875,37015,266136,80100,76821,189315,114516,17920,7759,6100,37988,9930,28058,439240
Chubu,1970,116727,116727,,,45088,20150,24938,13000,2002,2398,5,161815,71437,66115,39098,3569,1216,22232,5322,,,90378,44800,42957,47421,23000,7260,3422,49,,,,161815
Hokuriku,1970,17999,17999,,,19210,6571,12639,6900,1725,1196,,37209,8994,8191,9766,438,324,-2337,803,,,28215,10200,9777,18438,9900,3360,200,38,,,,37209
Kansai,1970,158430,149056,8299,1075,94639,28193,66446,55000,1592,2913,313,253069,76500,63570,60658,2670,1600,-1358,12930,,,167195,65500,62834,104361,70000,6200,8539,2312,9374,8299,1075,253069
Chugoku,1970,46156,46156,,,17277,7455,9822,7388,637,1332,8,63433,28092,25870,12565,1135,408,11762,2222,,,35341,13800,13234,22107,14627,2490,,,,,,63433
Shikoku,1970,23466,23161,,305,11433,4779,6654,4250,565,798,,34899,11141,10620,7093,688,240,2599,521,,,23453,10300,9881,13572,7450,1100,632,,305,,305,34899
Kyushu,1970,55356,55356,,,41036,9879,31157,22000,1723,2074,,96392,33986,28011,21982,1891,630,3508,-8225,18000,14200,62406,22000,21098,41308,27800,4700,128,,,,,96392
Okinawa,1970,,,,,,,,,,,,,,,,,,,,,,,,,,,,,,,,,
Hokkaido,1969,19626,19626,,,8330,4302,4028,500,1674,1315,,27956,12486,11794,9743,609,300,1142,694,,,15470,7100,6850,8620,3000,2500,1120,,,,,27956
Tohoku,1969,46266,46266,,,27288,9152,18136,5840,4512,2070,,73554,40659,26773,23317,1814,546,1096,2049,15000,11837,32895,16600,16006,16889,5840,4533,976,,,,,73554
Tokyo,1969,204029,178310,5532,20187,144303,29861,114442,73000,10803,3939,,348332,89493,106054,82899,10352,1875,10928,-16561,,,233120,77654,74279,158841,96000,16890,4551,3600,25719,5532,20187,348332
Chubu,1969,75541,75541,,,42725,13832,28893,13000,2109,2301,5,118266,72794,53627,35077,7290,1024,10236,3227,20250,15940,45472,32100,30955,14517,13000,,1419,98,,,,118266
Hokuriku,1969,13332,12955,,377,15346,4123,11223,5400,1690,1102,,28678,11011,10607,7673,325,324,2285,404,,,17290,7700,7421,9869,5400,1200,699,,377,,377,28678
Kansai,1969,140137,132755,7382,,60534,17342,43192,32000,1730,2824,261,200671,84987,72559,47689,2967,1600,20303,12428,,,108302,47600,45895,62407,40000,4260,6807,,7382,7382,,200671
Chugoku,1969,30670,30670,,,11869,5242,6627,3679,710,1295,8,42539,20633,19366,11775,650,408,6533,1267,,,21906,10000,9633,12273,7388,1670,,,,,,42539
Shikoku,1969,19357,19357,,,9123,3447,5676,2450,825,768,,28480,11386,6420,7742,648,210,-2180,236,6000,4730,17094,7700,7422,9672,4250,1050,1097,,,,,28480
Kyushu,1969,40057,40057,,,31310,7738,23572,15000,2738,1914,,71367,23155,24684,20917,1726,540,1501,-1529,,,48212,16300,15713,32499,19000,5490,739,,,,,71367
Okinawa,1969,,,,,,,,,,,,,,,,,,,,,,,,,,,,,,,,,
