Company,Year_term,Hydroelectric_Number_of_sites,Hydroelectric_Capacity_in_total (kW),Conventional_thermal_power_Number_of_sites,Conventional_thermal_power_Capacity_in_total (kW),Gas_turbine_Number_of_sites,Gas_turbine_Capacity_in_total (kW),Internal_combustion_engine_Number_of_sites,Internal_combustion_engine_Capacity_in_total (kW),Total_Thermal_Power_Number_of_sites,Total_Thermal_Power_Capacity_in_total (kW),Nuclear_power_Number_of_sites,Nuclear_power_Capacity_in_total (kW),Renewable_energy_Number_of_sites,Renewable_energy_Capacity_in_total (kW),Other_power_sources_Number_of_sites,Other_power_sources_Capacity_in_total (kW),Number_of_sites,Capacity_in_total (kW)
Hokkaido,2020,56,1651485,7,4469400,1,148000,4,17210,12,4634610,1,2070000,1,25000,,,70,8381095
Tohoku,2020,209,2446077,8,11299000,,,4,74150,12,11373150,2,2750000,8,193600,,,231,16762827
Tokyo,2020,164,9878012,,,,,10,58360,10,58360,1,8212000,5,50770,,,180,18199142
Chubu,2020,197,5462750,,,,,1,400,1,400,1,3617000,5,87500,,,204,9167650
Hokuriku,2020,131,1934160,5,4564700,,,1,288,6,4564988,1,1746000,4,4000,,,142,8249148
Kansai,2020,151,8235375,9,14461000,1,105400,,,10,14566400,3,6578000,3,11000,,,167,29390775
Chugoku,2020,92,2904955,8,6915000,,,3,36050,11,6951050,1,820000,2,6000,,,106,10682005
Shikoku,2020,57,1152896,4,3391000,,,,,4,3391000,1,890000,1,2042,,,63,5435938
Kyushu,2020,143,3584051,8,9617000,3,3300,28,391940,39,10012240,2,4140000,6,212250,,,190,17948541
Okinawa,2020,0,0,5,1629000,5,326000,13,189880,23,2144880,,,5,2315,,,28,2147195
Hokkaido,2019,56,1651485,7,4469400,1,148000,4,17210,12,4634610,1,2070000,2,26000,,,71,8382095
Tohoku,2019,209,2446077,8,11249000,0,0,4,82150,12,11331150,2,2750000,8,193600,,,231,16720827
Tokyo,2019,164,9874007,,,,,10,56860,10,56860,1,8212000,5,50770,,,180,18193637
Chubu,2019,197,5459260,,,,,1,400,1,400,1,3617000,4,38500,,,203,9115160
Hokuriku,2019,131,1931960,5,4564700,,,1,288,6,4564988,1,1746000,4,4000,,,142,8246948
Kansai,2019,151,8234375,9,15661000,1,105400,0,0,10,15766400,3,6578000,3,11000,,,167,30589775
Chugoku,2019,92,2904945,9,7765000,,,3,36050,12,7801050,1,820000,2,6000,,,107,11531995
Shikoku,2019,57,1152496,4,3391000,,,,,4,3391000,1,890000,1,2042,,,63,5435538
Kyushu,2019,143,3580051,8,9587000,3,3300,29,396550,40,9986850,2,4140000,6,206050,,,191,17912951
Okinawa,2019,0,0,5,1629000,5,326000,13,189880,23,2144880,,,5,2315,,,28,2147195
Hokkaido,2018,56,1650155,7,4469400,1,148000,4,17210,12,4634610,1,2070000,2,26000,,,71,8380765
Tohoku,2018,209,2446077,8,11349000,,,4,82150,12,11431150,2,2750000,8,193600,,,231,16820827
Tokyo,2018,164,9873410,13,41101000,,,10,59740,23,41160740,2,12612000,5,50770,,,194,63696920
Chubu,2018,197,5459260,9,24375400,,,1,400,10,24375800,1,3617000,4,38500,,,212,33490560
Hokuriku,2018,131,1928510,5,4824700,,,1,288,6,4824988,1,1746000,4,4000,,,142,8503498
Kansai,2018,152,8228445,11,19336000,1,105400,,,12,19441400,3,6578000,0,0,,,167,34247845
Chugoku,2018,97,2909255,9,7765000,,,3,37250,12,7802250,1,820000,2,6000,,,112,11537505
Shikoku,2018,57,1150996,4,3391000,,,,,4,3391000,1,890000,1,2042,,,63,5434038
Kyushu,2018,143,3579851,9,9962000,3,3300,30,391750,42,10357050,2,4699000,7,209050,,,194,18844951
Okinawa,2018,0,0,5,1629000,5,326000,13,189860,23,2144860,,,5,2315,,,28,2147175
Hokkaido,2017,56,1648355,6,3900000,1,148000,4,17210,11,4065210,1,2070000,2,26000,,,70,7809565
Tohoku,2017,209,2445907,8,11599000,,672000,4,82150,12,12353150,2,3274000,8,193600,,,231,18266657
Tokyo,2017,164,9872250,13,41101000,,,10,54360,23,41155360,2,12612000,5,51670,,,194,63691280
Chubu,2017,197,5458940,10,25470400,,,1,400,11,25470800,1,3617000,4,38500,,,213,34585240
Hokuriku,2017,131,1928310,5,4400000,,,1,288,6,4400288,1,1746000,4,4000,,,142,8078598
Kansai,2017,152,8226445,11,19325000,1,105400,,,12,19430400,3,6578000,0,0,,,167,34234845
Chugoku,2017,99,2910155,9,7765000,,,3,36800,12,7801800,1,820000,2,6000,,,114,11537955
Shikoku,2017,57,1150396,4,3736000,,,,,4,3736000,1,1456000,1,2042,,,63,6344438
Kyushu,2017,143,3579851,9,9941400,3,3300,31,387710,43,10332410,2,4699000,8,212050,,,196,18823311
Okinawa,2017,0,0,5,1629000,5,326000,13,190875,23,2145875,,,5,2315,,,28,2148190
Hokkaido,2016,56,1647655,6,3900000,1,148000,5,165750,12,4213750,1,2070000,2,26000,,,71,7957405
Tohoku,2016,209,2441207,8,11511000,,672000,4,82210,12,12265210,2,3274000,8,228600,,,231,18209017
Tokyo,2016,164,9870650,15,44836000,,174000,10,50040,25,45060040,2,12612000,5,51670,,,196,67594360
Chubu,2016,196,5450180,9,24034000,,,1,400,10,24034400,1,3617000,3,31000,,,210,33132580
Hokuriku,2016,131,1924110,5,4400000,,,1,288,6,4400288,1,1746000,4,4000,,,142,8074398
Kansai,2016,152,8225545,11,19308500,1,105400,,,12,19413900,3,8928000,3,11000,,,170,36578445
Chugoku,2016,99,2909555,9,7765000,,,3,35600,12,7800600,1,820000,2,6000,,,114,11536155
Shikoku,2016,58,1147496,4,3736000,,,,,4,3736000,1,1456000,1,2042,,,64,6341538
Kyushu,2016,143,3580151,9,10316400,3,3300,31,392310,43,10712010,2,4699000,8,212210,,,196,19203371
Okinawa,2016,0,0,5,1629000,5,326000,13,195805,23,2150805,,,5,2315,,,28,2153120
Hokkaido,2015,56,1646855,6,3900000,1,148000,5,165750,12,4213750,1,2070000,2,26000,,,71,7956605
Tohoku,2015,208,2428357,8,11271000,0,672000,4,82210,12,12025210,2,3274000,8,228600,,,230,17956167
Tokyo,2015,164,9858650,15,44051300,,174000,10,53920,25,44279220,2,12612000,5,51670,,,196,66801540
Chubu,2015,196,5496950,9,24014680,,,1,400,10,24015080,1,3617000,4,38500,,,211,33167530
Hokuriku,2015,131,1920510,5,4400000,,,1,288,6,4400288,1,1746000,6,7600,,,144,8074398
Kansai,2015,152,8225245,11,19303000,1,105400,,,12,19408400,3,8928000,3,11000,,,170,36572645
Chugoku,2015,99,2909155,9,7765000,,,3,35600,12,7800600,1,820000,2,6000,,,114,11535755
Shikoku,2015,58,1145896,4,3447000,,,,,4,3447000,1,2022000,1,2042,,,64,6616938
Kyushu,2015,143,3583681,9,9807000,3,3300,31,395740,43,10206040,2,4699000,8,212210,,,196,18700931
Okinawa,2015,0,0,5,1629000,5,326000,13,197570,23,2152570,,,5,2315,,,28,2154885
Hokkaido,2014,56,1441355,6,3900000,1,148000,5,165750,12,4213750,1,2070000,2,26000,,,71,7751105
Tohoku,2014,211,2440011,8,11109000,0,672000,4,82210,12,11863210,2,3274000,7,228300,,,232,17805521
Tokyo,2014,164,9856650,15,43331000,0,174000,10,49920,25,43554920,2,12612000,4,33300,,,195,66056870
Chubu,2014,189,5320340,10,25081720,,,1,400,11,25082120,1,3617000,4,38500,,,205,34057960
Hokuriku,2014,130,1913910,5,4400000,,,1,288,6,4400288,1,1746000,6,7600,,,143,8067798
Kansai,2014,151,8221681,11,19336000,1,105400,,,12,19441400,3,9768000,3,11000,,,169,37442081
Chugoku,2014,98,2908725,9,7765000,,,3,35600,12,7800600,1,1280000,2,6000,,,113,11995325
Shikoku,2014,58,1145796,4,3797000,,,,,4,3797000,1,2022000,1,2042,,,64,6966838
Kyushu,2014,143,3583681,10,10682000,3,3300,31,395650,44,11080950,2,5258000,8,212210,,,197,20134841
Okinawa,2014,,,5,1629000,5,326000,13,180250,23,2135250,,,2,735,,,25,2135985
Hokkaido,2013,54,1239345,6,3900000,1,148000,5,165750,12,4213750,1,2070000,2,26000,,,69,7549095
Tohoku,2013,210,2439781,8,10715000,0,1033800,4,82150,12,11830950,2,3274000,6,227300,,,230,17772031
Tokyo,2013,164,9455950,15,40571000,,2317000,10,56520,25,42944520,2,12612000,4,33300,,,195,65045770
Chubu,2013,185,5232000,10,24506040,,,1,400,11,24506440,1,3617000,3,30500,,,200,33385940
Hokuriku,2013,129,1913180,5,4400000,,,1,288,6,4400288,1,1746000,7,9400,,,143,8068868
Kansai,2013,151,8207681,11,17876500,1,105400,,,12,17981900,3,9768000,2,10500,,,168,35968081
Chugoku,2013,98,2906225,9,7765000,,,3,35600,12,7800600,1,1280000,1,3000,,,112,11989825
Shikoku,2013,58,1142296,4,3797000,,,,,4,3797000,1,2022000,2,2342,,,65,6963638
Kyushu,2013,143,3582546,10,10682000,3,3300,31,395550,44,11080850,2,5258000,8,216250,,,197,20137646
Okinawa,2013,0,0,5,1969000,4,291000,13,174250,22,2434250,,,1,490,,,23,2434740
Hokkaido,2012,54,1239105,6,3900000,1,148000,5,166000,12,4214000,1,2070000,2,26000,,,69,7549105
Tohoku,2012,210,2433881,8,10715000,0,1033800,4,82150,12,11830950,2,3274000,6,227300,,,230,17766131
Tokyo,2012,164,9453390,15,38971000,0,2570700,10,56520,25,41598220,3,14496000,5,33800,,,197,65581410
Chubu,2012,183,5225180,11,25159000,,,1,400,12,25159400,1,3617000,3,30500,,,199,34032080
Hokuriku,2012,129,1905780,5,4400000,,,1,288,6,4400288,1,1746000,7,9400,,,143,8061468
Kansai,2012,151,8207671,11,16867000,1,105400,,,12,16972400,3,9768000,1,10000,,,167,34958071
Chugoku,2012,97,2905885,9,7765000,,,3,35600,12,7800600,1,1280000,1,3000,,,111,11989485
Shikoku,2012,58,1141496,4,3797000,,,,,4,3797000,1,2022000,2,2342,,,65,6962838
Kyushu,2012,142,3582136,10,10682000,3,3300,31,395570,44,11080870,2,5258000,8,216250,,,196,20137256
Okinawa,2012,,,5,1718000,4,291000,13,173550,22,2182550,,,1,490,,,23,2183040
Hokkaido,2011,53,1237225,6,3900000,1,148000,4,17460,11,4065460,1,2070000,2,51000,,,67,7423685
Tohoku,2011,210,2433881,8,10715000,0,87800,4,82150,12,10884950,2,3274000,5,225300,,,229,16818131
Tokyo,2011,163,8981590,15,38471000,0,1508600,10,168720,25,40148320,3,17308000,5,33800,,,196,66471710
Chubu,2011,183,5217980,10,23969000,,,1,400,11,23969400,1,3617000,3,30500,,,198,32834880
Hokuriku,2011,128,1904680,5,4400000,,,1,288,6,4400288,1,1746000,5,7400,,,140,8058368
Kansai,2011,150,8197271,11,16867000,1,40000,,,12,16907000,3,9768000,1,10000,,,166,34882271
Chugoku,2011,97,2905685,9,7765000,,,3,35600,12,7800600,1,1280000,1,3000,,,111,11989285
Shikoku,2011,58,1141496,4,3797000,,,,,4,3797000,1,2022000,2,2342,,,65,6962838
Kyushu,2011,141,3581846,11,11182000,3,3300,31,391970,45,11577270,2,5258000,8,216250,,,196,20633366
Okinawa,2011,,,4,1467000,4,291000,13,174550,21,1932550,,,1,490,,,22,1933040
Hokkaido,2010,53,1233725,6,3900000,1,148000,4,17460,11,4065460,1,2070000,1,50000,,,66,7419185
Tohoku,2010,209,2422881,8,11206000,,,5,79650,13,11285650,2,3274000,4,223800,,,228,17206331
Tokyo,2010,162,8980820,15,38471000,,174000,10,50840,25,38695840,3,17308000,2,3800,,,192,64988460
Chubu,2010,183,5218880,10,23969000,,,1,400,11,23969400,1,3617000,2,23000,,,197,32828280
Hokuriku,2010,127,1904310,5,4400000,,,1,288,6,4400288,1,1746000,4,6400,,,138,8056998
Kansai,2010,149,8195781,11,16867000,1,40000,,,12,16907000,3,9768000,1,6297,,,165,34877078
Chugoku,2010,97,2905685,9,7765000,,,3,35600,12,7800600,1,1280000,0,0,,,110,11986285
Shikoku,2010,58,1141496,4,3797000,,,,,4,3797000,1,2022000,2,2342,,,65,6962838
Kyushu,2010,139,3278696,11,11182000,3,3300,31,391970,45,11577270,2,5258000,8,216250,,,194,20330216
Okinawa,2010,0,0,4,1467000,4,291000,13,160860,21,1918860,,,1,490,,,22,1919350
Hokkaido,2009,53,1232125,6,3900000,1,148000,4,17410,11,4065410,1,2070000,1,50000,,,66,7417535
Tohoku,2009,210,2422381,8,10550000,,,5,79650,13,10629650,2,3274000,4,223800,,,229,16549831
Tokyo,2009,160,8986580,15,37965000,,174000,10,49560,25,38188560,3,17308000,2,3800,,,190,64486940
Chubu,2009,182,5218640,10,23903400,,,1,400,11,23903800,1,3504000,1,6000,,,195,32632440
Hokuriku,2009,115,1816700,5,4400000,,,1,288,6,4400288,1,1746000,,,,,122,7962988
Kansai,2009,149,8195781,11,16317000,1,40000,,,12,16357000,3,9768000,,,,,164,34320781
Chugoku,2009,97,2905385,9,7765000,,,3,35600,12,7800600,1,1280000,,,,,110,11985985
Shikoku,2009,58,1141346,4,3501000,,,,,4,3501000,1,2022000,2,600,,,65,6664946
Kyushu,2009,139,2978696,11,11182000,3,3300,31,391970,45,11577270,2,5258000,7,210750,,,193,20024716
Okinawa,2009,0,0,4,1467000,4,291000,13,165860,21,1923860,,,,,,,21,1923860
Hokkaido,2008,53,1231125,6,3900000,1,148000,4,17410,11,4065410,1,1158000,1,50000,,,66,6504535
Tohoku,2008,210,2422161,8,10800000,,,5,79650,13,10879650,2,3274000,4,223800,,,229,16799611
Tokyo,2008,160,8986380,15,37458000,,174000,10,50920,25,37682920,3,17308000,2,3800,,,190,63981100
Chubu,2008,182,5218640,10,23903400,,,1,400,11,23903800,1,3504000,,,,,194,32626440
Hokuriku,2008,115,1816100,5,4400000,,,1,288,6,4400288,1,1746000,,,,,122,7962388
Kansai,2008,148,8189681,11,15867000,1,40000,,,12,15907000,3,9768000,,,,,163,33864681
Chugoku,2008,97,2905285,9,7605000,,,3,35600,12,7800600,1,1280000,,,,,110,11985885
Shikoku,2008,58,1141046,4,3501000,,,,,4,3501000,1,2022000,2,600,,,65,6664646
Kyushu,2008,139,2977096,11,11182000,3,3300,31,391970,45,11577270,2,5258000,7,210750,,,193,20023116
Okinawa,2008,0,0,4,1467000,4,291000,13,166610,21,1924610,,,,,,,21,1924610
Hokkaido,2007,53,1231125,6,3900000,1,148000,4,17410,11,4065410,1,1158000,1,50000,,,66,6504535
Tohoku,2007,211,2417161,8,10800000,,,5,83390,13,10883390,2,3274000,4,223800,,,230,16798351
Tokyo,2007,160,8985180,15,35951000,,174000,10,50920,25,36175920,3,17308000,2,3800,,,190,62472900
Chubu,2007,182,5217640,10,22369000,,,1,400,11,22369400,1,4884000,,,,,194,32471040
Hokuriku,2007,115,1816100,5,4400000,,,1,288,6,4400288,1,1898000,,,,,122,8114388
Kansai,2007,148,8189080,11,16367000,1,40000,,,12,16407000,3,9768000,,,,,163,34364080
Chugoku,2007,97,2905285,9,7605000,,,3,35600,12,7640600,1,1280000,,,,,110,11825885
Shikoku,2007,58,1140946,4,3501000,,,,,4,3501000,1,2022000,2,600,,,65,6664546
Kyushu,2007,138,2676766,11,11182000,3,3300,32,385670,46,11570970,2,5258000,7,210750,,,193,19716486
Okinawa,2007,0,0,4,1467000,4,291000,13,167325,21,1925325,,,,,,,21,1925325
Hokkaido,2006,53,1231125,6,3900000,1,148000,4,17410,11,4065410,1,1158000,1,50000,,,66,6504535
Tohoku,2006,210,2414081,8,11150000,,,5,79550,13,11229550,2,3274000,4,223800,,,229,17141431
Tokyo,2006,161,8992980,15,35451000,,30000,10,48920,25,35529920,3,17308000,2,3800,,,191,61834700
Chubu,2006,182,5219730,10,22369000,,,1,400,11,22369400,1,4884000,,,,,194,32473130
Hokuriku,2006,115,1815600,5,4400000,,,1,288,6,4400288,1,1898000,,,,,122,8113888
Kansai,2006,148,8189080,11,16867000,1,40000,,,12,16907000,3,9768000,,,,,163,34864080
Chugoku,2006,97,2905265,9,7980000,,,3,35600,12,8015600,1,1280000,,,,,110,12200865
Shikoku,2006,58,1140526,4,3696000,,,,,4,3696000,1,2022000,2,600,,,65,6859126
Kyushu,2006,139,2377716,11,11182000,3,3300,32,385670,46,11570970,2,5258000,7,210750,,,194,19417436
Okinawa,2006,,,4,1467000,4,291000,13,166025,21,1924025,,,,,,,21,1924025
Hokkaido,2005,52,1225925,6,3900000,1,148000,4,17410,11,4065410,1,1158000,1,50000,,,65,6499335
Tohoku,2005,210,2415281,8,10616000,,,5,79550,13,10695550,2,3274000,4,223800,,,229,16608631
Tokyo,2005,161,8992980,15,35451000,,30000,10,51520,25,35532520,3,17308000,2,3800,,,191,61837300
Chubu,2005,182,5219630,10,22369000,,,1,400,11,22369400,1,4997000,,,,,194,32586030
Hokuriku,2005,115,1815580,5,4400000,,,1,288,6,4400288,1,1898000,,,,,122,8113868
Kansai,2005,148,8185680,12,17767000,1,40000,,,13,17807000,3,9768000,,,,,164,35760680
Chugoku,2005,95,2894145,9,7990000,,,3,35600,12,8025600,1,1280000,,,,,108,12199745
Shikoku,2005,58,1143426,4,3696000,,,,,4,3696000,1,2022000,2,600,,,65,6862026
Kyushu,2005,139,2377716,10,11182750,3,3300,32,376670,45,11562720,2,5258000,7,210750,,,193,19409186
Okinawa,2005,,,4,1467000,4,291000,14,167825,22,1925825,,,,,,,22,1925825
Hokkaido,2004,52,1225925,6,3985000,1,148000,4,17410,11,4150410,1,1158000,1,50000,,,65,6584335
Tohoku,2004,210,2415281,8,10616000,,,5,85700,13,10701700,1,2174000,4,223800,,,228,15514781
Tokyo,2004,160,8521380,15,36766000,,174000,10,51520,25,36991520,3,17308000,2,3800,,,190,62824700
Chubu,2004,182,5218630,10,22369000,,,1,720,11,22369720,1,4997000,,,,,194,32585350
Hokuriku,2004,115,1813980,5,4400000,,,1,288,6,4400288,1,540000,,,,,122,6754268
Kansai,2004,148,8185680,12,17767000,1,40000,,,13,17807000,3,9768000,,,,,164,35760680
Chugoku,2004,95,2899685,9,7990000,,,3,35600,12,8025600,1,1280000,,,,,108,12205285
Shikoku,2004,58,1142726,4,3696000,,,,,4,3696000,1,2022000,2,600,,,65,6861326
Kyushu,2004,138,2371096,10,11182750,3,3300,36,395644,49,11581694,2,5258000,7,210750,,,196,19421540
Okinawa,2004,,,4,1467000,4,291000,14,158125,22,1916125,,,,,,,22,1916125
Hokkaido,2003,56,1241625,6,3985000,1,148000,4,17410,11,4150410,1,1158000,1,50000,,,69,6600035
Tohoku,2003,210,2414306,8,10616000,,,5,85700,13,10701700,1,2174000,4,223800,,,228,15513806
Tokyo,2003,160,8520480,15,36606000,,174000,10,47520,25,36827520,3,17308000,2,3800,,,190,62659800
Chubu,2003,182,5217700,11,22900000,,,1,720,12,22900720,1,3617000,,,,,195,31735420
Hokuriku,2003,115,1812380,5,3650000,,,1,288,6,3650288,1,540000,,,,,122,6002668
Kansai,2003,145,8148580,11,16867000,1,40000,,,12,16907000,3,9768000,,,,,160,34823580
Chugoku,2003,95,2899685,9,7990000,,,3,35600,12,8025600,1,1280000,,,,,108,12205285
Shikoku,2003,58,1141026,4,3696000,,,,,4,3696000,1,2022000,2,600,,,65,6859626
Kyushu,2003,138,2371096,11,11650750,3,3300,36,395494,50,12049544,2,5258000,7,210750,,,197,19889390
Okinawa,2003,,,4,1467000,4,291000,14,160125,22,1918125,,,,,,,22,1918125
Hokkaido,2002,62,1245272,6,3985000,1,148000,4,17410,11,4150410,1,1158000,1,50000,,,75,6603682
Tohoku,2002,211,2423306,8,11141000,,,5,85700,13,11226700,1,2174000,4,223800,,,229,16047806
Tokyo,2002,160,8520480,14,34466000,,30000,10,49120,24,34545120,3,17308000,2,3800,,,189,60377400
Chubu,2002,180,5215650,11,23900000,,,1,720,12,23900720,1,3617000,,,,,193,32733370
Hokuriku,2002,116,1812300,5,4406000,,,1,288,6,4406288,1,540000,,,,,123,6758588
Kansai,2002,145,8134739,12,17491000,1,40000,,,13,17531000,3,9768000,,,,,161,35433739
Chugoku,2002,94,2900385,9,7981000,,,3,33900,12,8023900,1,1280000,,,,,107,12204285
Shikoku,2002,58,1140626,4,3696000,,34000,,,4,3730000,1,2022000,2,600,,,65,6893226
Kyushu,2002,139,2372506,12,11106750,3,3300,36,395494,51,11505544,2,5258000,7,210750,,,199,19346800
Okinawa,2002,,,4,1247000,3,276000,14,153325,21,1676325,,,,,,,21,1676325
Hokkaido,2001,62,1245272,6,3285000,1,148000,4,17410,11,3450410,1,1158000,1,50000,,,75,5903682
Tohoku,2001,211,2451706,8,11141000,,,5,85740,13,11226740,1,2174000,4,223800,,,229,16076246
Tokyo,2001,160,8518680,14,34466000,,30000,10,48880,24,34544880,3,17308000,2,3800,,,189,60375360
Chubu,2001,180,5213390,11,23400000,,,1,720,12,23400720,1,3617000,,,,,193,32231110
Hokuriku,2001,116,1812300,5,4406000,,,1,288,6,4406288,1,540000,,,,,123,6758588
Kansai,2001,145,8130439,13,17647000,1,40000,,,14,17687000,3,9768000,,,,,162,35585439
Chugoku,2001,93,2883755,9,7981000,,,3,33900,12,8023900,1,1280000,,,,,106,12187655
Shikoku,2001,58,1124826,4,3730000,,0,,,4,3730000,1,2022000,,,,,63,6876826
Kyushu,2001,138,2371206,12,11106750,3,3300,36,389494,51,11499544,2,5258000,5,207500,,,196,19336250
Okinawa,2001,,,4,1247000,3,276000,14,152925,21,1675925,,,,,,,21,1675925
Hokkaido,2000,66,1277972,6,3285000,1,148000,4,17410,11,3450410,1,1158000,1,50000,,,79,5936382
Tohoku,2000,210,2442106,8,11120000,,,5,85740,13,11205740,1,1349000,4,223800,,,228,15220646
Tokyo,2000,160,8508440,13,32946000,,30000,10,47140,23,33023140,3,17308000,2,3800,,,188,58843380
Chubu,2000,180,5213210,12,22940000,,,1,720,13,22940720,1,3617000,,,,,194,31770930
Hokuriku,2000,116,1806400,5,4562000,,,1,288,6,4562288,1,540000,,,,,123,6908688
Kansai,2000,145,8129239,17,19521000,1,40000,,,18,19561000,3,9768000,,,,,166,37458239
Chugoku,2000,95,2893425,9,7981000,,,3,33900,12,8014900,1,1280000,,,,,108,12188325
Shikoku,2000,58,1124326,4,3696000,,34000,,,4,3730000,1,2022000,,,,,63,6876326
Kyushu,2000,138,2370906,12,10746750,3,3300,36,379494,51,11129544,2,5258000,5,207500,,,196,18965950
Okinawa,2000,,,3,1027000,3,276000,14,152575,20,1455575,,,,,,,20,1455575
Hokkaido,1999,66,1277972,6,3285000,1,148000,4,17410,11,3450410,1,1158000,1,50000,,,79,5936382
Tohoku,1999,210,2430896,8,11120000,,,5,85740,13,11205740,1,1349000,4,223800,,,228,15209436
Tokyo,1999,160,8102910,13,32226000,,157000,11,47900,24,32430900,3,17308000,2,3800,,,189,57845610
Chubu,1999,180,5210950,12,22940000,,,1,720,13,22940720,1,3617000,,,,,194,31768670
Hokuriku,1999,116,1806400,5,3862000,,,1,288,6,3862288,1,540000,,,,,123,6208688
Kansai,1999,144,8106539,17,19521000,4,400000,,,21,19921000,3,9768000,,,,,168,37795539
Chugoku,1999,95,2892845,8,7731000,,,3,33900,11,7764900,1,1280000,,,,,107,11937745
Shikoku,1999,57,1122966,4,3137000,,34000,,,4,3171000,1,2022000,,,,,62,6315966
Kyushu,1999,138,2369706,12,10746750,3,3300,36,369494,51,11119544,2,5258000,5,207500,,,196,18954750
Okinawa,1999,,,3,1027000,2,266000,14,151900,19,1444900,,,,,,,19,1444900
Hokkaido,1998,65,1220972,6,3285000,1,148000,4,15510,11,3448510,1,1158000,1,50000,,,78,5877482
Tohoku,1998,212,2434919,8,10315000,,,5,85740,13,10400740,1,1349000,4,223800,,,230,14408459
Tokyo,1998,157,7695150,13,31311000,1,511400,11,45400,25,31867800,3,17308000,1,3300,,,186,56874250
Chubu,1998,180,5210950,12,22940000,,,1,720,13,22940720,1,3617000,,,,,194,31768670
Hokuriku,1998,116,1805500,5,3862000,,,1,288,6,3862288,1,540000,,,,,123,6207788
Kansai,1998,143,8087029,17,19521000,4,400000,,,21,19921000,3,9768000,,,,,167,37776029
Chugoku,1998,95,2892845,8,7731000,,,3,29900,11,7760900,1,1280000,,,,,107,11933745
Shikoku,1998,57,1122966,4,3137000,,34000,,,4,3171000,1,2022000,,,,,62,6315966
Kyushu,1998,137,2347556,12,10746750,3,3300,36,356494,51,11106544,2,5258000,5,207500,,,195,18919600
Okinawa,1998,,,3,1027000,2,266000,14,151950,19,1444950,,,,,,,19,1444950
Hokkaido,1997,64,1210972,6,3285000,1,148000,4,15510,11,3448510,1,1158000,1,50000,,,77,5867482
Tohoku,1997,212,2434639,8,9315000,,,5,85740,13,9400740,1,1349000,4,223800,,,230,13408179
Tokyo,1997,156,7663780,13,31212400,1,526400,11,45400,25,31784200,3,17308000,,,,,184,56755980
Chubu,1997,180,5210340,12,21482000,,,1,720,13,21482720,1,3617000,,,,,194,30310060
Hokuriku,1997,117,1806530,5,3162000,,,1,288,6,3162288,1,540000,,,,,124,5508818
Kansai,1997,142,7359829,17,19521000,4,400000,,,21,19921000,3,9768000,,,,,166,37048829
Chugoku,1997,95,2892645,7,6731000,,,3,29900,10,6760900,1,1280000,,,,,106,10933545
Shikoku,1997,57,1121316,4,3137000,,34000,,,4,3171000,1,2022000,,,,,62,6314316
Kyushu,1997,137,2346556,12,10011750,3,3300,37,344444,52,10359494,2,5258000,5,207500,,,196,18171550
Okinawa,1997,,,3,1027000,2,266000,14,151700,19,1444700,,,,,,,19,1444700
Hokkaido,1996,64,1210972,6,2850000,1,148000,4,14510,11,3012510,1,1158000,1,50000,,,77,5431482
Tohoku,1996,212,2433795,7,8315000,,,5,85740,12,8400740,1,1349000,4,223800,,,229,12407335
Tokyo,1996,155,7643330,13,29812400,5,526400,11,41220,25,30380020,3,15952000,,,,,183,53975350
Chubu,1996,180,5208840,12,20648000,,,1,540,13,20648540,1,3617000,,,,,194,29474380
Hokuriku,1996,117,1806430,5,3162000,,,1,288,6,3162288,1,540000,,,,,124,5508718
Kansai,1996,143,7361959,17,19521000,4,400000,,,21,19921000,3,9768000,,,,,167,37050959
Chugoku,1996,95,2895045,7,6731000,,,3,29900,10,6760900,1,1280000,0,0,,,106,10935945
Shikoku,1996,57,1121316,4,3171000,,,,,4,3171000,1,2022000,0,0,,,62,6314316
Kyushu,1996,138,2350216,12,10011750,3,3300,37,331744,52,10346794,2,4078000,5,207500,,,197,16982510
Okinawa,1996,,,3,1027000,2,266000,14,140650,19,1433650,,,,,,,19,1433650
Hokkaido,1995,64,1210872,6,2850000,1,148000,4,13610,11,3011610,1,1158000,1,50000,,,77,5430482
Tohoku,1995,213,2436625,7,8315000,,,5,85270,12,8400270,1,1349000,4,222500,,,230,12408395
Tokyo,1995,155,7634180,13,28412400,5,526400,11,37960,25,28976760,3,14596000,,,,,183,51206940
Chubu,1995,179,5200740,12,18690000,,,1,540,13,18690540,1,3617000,,,,,193,27508280
Hokuriku,1995,117,1806130,5,3162000,,,1,288,6,3162288,1,540000,,,,,124,5508418
Kansai,1995,142,7352263,17,18851000,4,400000,,,21,19251000,3,9768000,,,,,166,36371263
Chugoku,1995,95,2593645,7,6731000,,,3,25900,10,6756900,1,1280000,,,,,106,10630545
Shikoku,1995,57,1121316,4,3171000,,,,,4,3171000,1,2022000,,,,,62,6314316
Kyushu,1995,136,2320616,12,10011750,3,3300,37,327244,52,10342294,2,4078000,4,182500,,,194,16923410
Okinawa,1995,,,3,1027000,3,295000,14,139400,20,1461400,,,,,,,20,1461400
Hokkaido,1994,64,1210755,6,2850000,1,148000,4,13610,11,3011610,1,1158000,1,50000,,,77,5430365
Tohoku,1994,213,2436235,7,8315000,,,5,85370,12,8400370,1,524000,3,127500,,,229,11488105
Tokyo,1994,156,7339780,14,28787400,6,556400,11,38560,31,29382360,3,14596000,,,,,190,51318140
Chubu,1994,177,4654880,12,18382000,,,1,540,13,18382540,1,3617000,,,,,191,26654420
Hokuriku,1994,117,1806130,5,3162000,,,1,288,6,3162288,1,540000,,,,,124,5508418
Kansai,1994,141,7006403,17,18181000,4,400000,,,21,18581000,3,9768000,,,,,165,35355403
Chugoku,1994,94,2270345,7,6381000,,,3,24950,10,6405950,1,1280000,,,,,105,9956295
Shikoku,1994,57,1120496,4,3171000,,,,,4,3171000,1,2022000,,,,,62,6313496
Kyushu,1994,137,2322896,11,9311750,3,3300,37,326844,51,9641894,2,4078000,3,152500,,,193,16195290
Okinawa,1994,,,3,1027000,3,295000,14,130200,20,1452200,,,,,,,20,1452200
Hokkaido,1993,63,1195755,6,2850000,1,148000,4,12360,11,3010360,1,1158000,1,50000,,,76,5414115
Tohoku,1993,213,2435955,7,7715000,,,5,75370,12,7790370,1,524000,2,77500,,,228,10827825
Tokyo,1993,156,6741940,14,28661400,6,556400,11,35880,31,29253680,3,13496000,,,,,190,49491620
Chubu,1993,176,3654650,12,18074000,,,1,540,13,18074540,1,3617000,,,,,190,25346190
Hokuriku,1993,117,1805930,4,2662000,,,1,288,5,2662288,1,540000,,,,,123,5008218
Kansai,1993,141,6685703,17,18181000,4,400000,,,21,18581000,3,9768000,,,,,165,35034703
Chugoku,1993,94,2270345,7,6381000,,,3,24950,10,6405950,1,1280000,,,,,105,9956295
Shikoku,1993,57,1120496,4,3171000,,,,,4,3171000,1,1132000,,,,,62,5423496
Kyushu,1993,137,2322708,11,8876750,3,3300,37,318294,51,9198344,2,4078000,2,122500,,,192,15721552
Okinawa,1993,,,3,871000,3,295000,14,123950,20,1289950,,,,,,,20,1289950
Hokkaido,1992,63,1095625,6,2850000,1,148000,4,11260,11,3009260,1,1158000,1,50000,,,76,5312885
Tohoku,1992,216,2436205,6,7115000,,,5,75370,11,7190370,1,524000,1,50000,,,229,10200575
Tokyo,1992,156,6737940,14,28661400,6,556400,11,35040,31,29252840,3,12396000,,,,,190,48386780
Chubu,1992,176,3653850,12,17374000,,,1,540,13,17374540,1,2480000,,,,,190,23508390
Hokuriku,1992,115,1788730,4,2662000,,,1,288,5,2662288,,,,,,,120,4451018
Kansai,1992,139,6350010,17,18181000,3,360000,,,20,18541000,3,9768000,,,,,162,34659010
Chugoku,1992,94,2270345,8,6187000,,,3,24950,11,6211950,1,1280000,,,,,106,9762295
Shikoku,1992,57,1120196,4,3171000,,,,,4,3171000,1,1132000,,,,,62,5423196
Kyushu,1992,138,2334558,11,8441750,3,3300,37,292294,51,8737344,2,2898000,2,122500,,,193,14092402
Okinawa,1992,,,2,715000,3,295000,14,119520,19,1129520,,,,,,,19,1129520
Hokkaido,1991,64,1097825,6,2850000,1,148000,4,11260,11,3009260,1,1158000,1,50000,,,77,5315085
Tohoku,1991,213,2395405,6,7115000,,,4,65370,10,7180370,1,524000,1,50000,,,225,10149775
Tokyo,1991,156,6736540,14,27661400,3,75000,11,35840,28,27772240,3,12396000,,,,,187,46904780
Chubu,1991,179,3644290,12,16674000,,,1,540,13,16674540,1,2480000,,,,,193,22798830
Hokuriku,1991,116,1791230,4,2662000,,,1,240,5,2662240,,,,,,,121,4453470
Kansai,1991,138,6029060,17,18181000,3,360000,,,20,18541000,3,8588000,,,,,161,33158060
Chugoku,1991,94,2270345,8,5862000,,,3,20410,11,5882410,1,1280000,,,,,106,9432755
Shikoku,1991,57,1120196,4,3171000,,,,,4,3171000,1,1132000,,,,,62,5423196
Kyushu,1991,138,2321123,11,8441750,3,3300,37,276264,51,8721314,2,2898000,2,122500,,,193,14062937
Okinawa,1991,,,2,715000,2,192000,14,109520,18,1016520,,,,,,,18,1016520
Hokkaido,1990,63,1093425,6,2850000,2,168000,4,11260,12,3029260,1,579000,1,50000,,,77,4751685
Tohoku,1990,212,2383735,6,7115000,,,4,65370,10,7180370,1,524000,1,50000,,,224,10138105
Tokyo,1990,156,6032440,15,28010600,3,75000,11,35840,29,28121440,3,12396000,,,,,188,46549880
Chubu,1990,176,3624780,11,15974000,,,1,540,12,15974540,1,2480000,,,,,189,22079320
Hokuriku,1990,118,1793780,3,2162000,,,1,240,4,2162240,,,,,,,122,3956020
Kansai,1990,139,6029300,17,17581000,3,360000,,,20,17941000,3,7408000,,,,,162,31378300
Chugoku,1990,95,2281545,8,5862000,,,3,20410,11,5882410,1,1280000,,,,,107,9443955
Shikoku,1990,57,1120196,4,3171000,,,,,4,3171000,1,1132000,,,,,62,5423196
Kyushu,1990,139,2320273,11,8326750,3,3300,37,263544,51,8593594,2,2898000,2,122500,,,194,13934367
Okinawa,1990,,,2,715000,2,192000,14,108230,18,1015230,,,,,,,18,1015230
Hokkaido,1989,63,1093425,7,2975000,2,168000,4,10510,13,3153510,1,579000,1,50000,,,78,4875935
Tohoku,1989,211,2303245,7,7115000,,,4,65370,11,7180370,1,524000,1,50000,,,224,10057615
Tokyo,1989,156,6028220,15,27002600,3,75000,11,35840,29,27113440,3,10196000,,,,,188,43337660
Chubu,1989,177,3620570,11,15274000,,,1,540,12,15274540,1,2480000,,,,,190,21375110
Hokuriku,1989,118,1792080,3,2162000,,,1,240,4,2162240,,,,,,,122,3954320
Kansai,1989,138,6024177,16,16381000,3,360000,,,19,16741000,3,7408000,,,,,160,30173177
Chugoku,1989,95,2281545,7,5637000,,,3,20410,10,5657410,1,1280000,,,,,106,9218955
Shikoku,1989,57,1119896,4,3171000,,,,,4,3171000,1,1132000,,,,,62,5422896
Kyushu,1989,139,2330123,10,7751750,3,3300,37,249044,50,8004094,2,2898000,2,67500,,,193,13299717
Okinawa,1989,,,2,715000,2,89000,14,98330,18,902330,,,,,,,18,902330
Hokkaido,1988,62,1086425,7,3100000,2,168000,4,10510,13,3278510,,,1,50000,,,76,4414935
Tohoku,1988,211,2302975,7,7115000,,,4,65370,11,7180370,1,524000,1,50000,,,224,10057345
Tokyo,1988,156,6025460,15,26002600,3,75000,11,35600,29,26113200,3,10196000,,,,,188,42334660
Chubu,1988,175,3580670,10,14908000,,,1,540,11,14908540,1,2480000,,,,,187,20969210
Hokuriku,1988,117,1777640,3,2162000,,,1,240,4,2162240,,,,,,,121,3939880
Kansai,1988,139,6026587,15,15631000,3,360000,,,18,15991000,3,7408000,,,,,160,29425587
Chugoku,1988,94,2274545,7,5637000,,,3,20410,10,5657410,1,1280000,,,,,105,9211955
Shikoku,1988,57,1098096,4,3171000,,,,,4,3171000,1,1132000,,,,,62,5401096
Kyushu,1988,139,2326013,9,7363750,3,3300,37,249014,49,7616064,2,2898000,2,67500,,,192,12907577
Okinawa,1988,,,2,715000,2,89000,13,90830,17,894830,,,,,,,17,894830
Hokkaido,1987,62,1085125,8,3375000,2,168000,4,10510,14,3553510,,,1,50000,,,77,4688635
Tohoku,1987,211,2296645,7,7115000,,,4,55370,11,7170370,1,524000,1,50000,,,224,10041015
Tokyo,1987,155,5671460,15,25332600,3,75000,11,35600,29,25443200,3,10196000,,,,,187,41310660
Chubu,1987,176,3579525,10,14465000,,,1,540,11,14465540,1,2480000,,,,,188,20525065
Hokuriku,1987,117,1776940,3,2162000,,,1,240,4,2162240,,,,,,,121,3939180
Kansai,1987,139,6019187,15,15631000,3,360000,,,18,15991000,3,7408000,,,,,160,29418187
Chugoku,1987,93,2269845,7,6013000,1,134000,3,20410,11,6167410,1,460000,,,,,105,8897255
Shikoku,1987,57,1098096,4,3171000,,,,,4,3171000,1,1132000,,,,,62,5401096
Kyushu,1987,139,2325818,12,7363750,3,3300,37,243014,49,7610064,2,2898000,2,67500,,,192,12901382
Okinawa,1987,,,2,715000,2,84000,13,88680,17,887680,,,,,,,17,887680
Hokkaido,1986,62,1085125,8,3450000,2,168000,4,10510,14,3628510,,,1,50000,,,77,4763635
Tohoku,1986,212,2299355,7,7115000,,,4,55370,11,7170370,1,524000,1,50000,,,225,10043725
Tokyo,1986,155,5669512,14,23993800,3,75000,11,33600,28,24102400,3,9096000,,,,,186,38867912
Chubu,1986,175,3516650,10,13848000,1,73800,1,540,12,13922340,1,1380000,,,,,188,18818990
Hokuriku,1986,117,1773750,3,2162000,,,1,192,4,2162192,,,,,,,121,3935942
Kansai,1986,139,6015587,14,14431000,3,360000,,,17,14791000,3,7408000,,,,,159,28214587
Chugoku,1986,93,1969845,7,6013000,2,268000,4,18410,13,6299410,1,460000,,,,,107,8729255
Shikoku,1986,57,1098096,4,3171000,,,,,4,3171000,1,1132000,,,,,62,5401096
Kyushu,1986,139,2020998,12,7583750,3,3300,37,233014,49,7820064,2,2898000,2,67500,,,192,12806562
Okinawa,1986,,,2,715000,2,84000,13,88730,17,887730,,,,,,,17,887730
Hokkaido,1985,61,1065125,8,3450000,2,168000,4,10510,14,3628510,,,1,50000,,,76,4743635
Tohoku,1985,211,2278355,7,7115000,,,4,55370,11,7170370,1,524000,1,50000,,,224,10022725
Tokyo,1985,155,5067242,14,23320000,3,75000,11,33600,28,23428600,3,9096000,,,,,186,37591842
Chubu,1985,175,3515450,10,13848000,1,73800,1,540,12,13922340,1,1380000,,,,,188,18817790
Hokuriku,1985,116,1727250,3,2162000,,,1,192,4,2162192,,,,,,,120,3889442
Kansai,1985,138,5985087,14,14431000,3,360000,,,17,14791000,3,7408000,,,,,158,28184087
Chugoku,1985,94,1672825,6,5013000,2,268000,4,18410,12,5299410,1,460000,,,,,107,7432235
Shikoku,1985,57,1097296,4,3171000,,,,,4,3171000,1,1132000,,,,,62,5400296
Kyushu,1985,138,1717198,12,7583750,3,3300,37,228514,49,7815564,2,2898000,2,67500,,,191,12498262
Okinawa,1985,,,3,803000,2,84000,13,88730,18,975730,,,,,,,18,975730
Hokkaido,1984,60,1025125,8,2850000,2,168000,5,10610,15,3028610,,,1,50000,,,76,4103735
Tohoku,1984,210,2270995,7,6570000,,,4,55370,11,6625370,1,524000,1,50000,,,223,9470365
Tokyo,1984,157,5059992,13,22990000,3,75000,11,33600,27,23098600,2,6896000,,,,,186,35054592
Chubu,1984,173,3484780,10,13848000,2,103800,1,540,13,13952340,1,1380000,,,,,187,18817120
Hokuriku,1984,116,1727110,3,2162000,,,1,192,4,2162192,,,,,,,120,3889302
Kansai,1984,136,5858587,14,14431000,3,360000,,,17,14791000,3,6538000,,,,,156,27187587
Chugoku,1984,92,1651325,7,5145000,2,268000,4,18410,13,5431410,1,460000,,,,,106,7542735
Shikoku,1984,60,1095736,4,3137000,1,34000,,,5,3171000,1,1132000,,,,,66,5398736
Kyushu,1984,137,1639392,12,7083750,3,3300,37,226414,49,7313464,2,2008000,2,67500,,,190,11028356
Okinawa,1984,,,3,803000,2,84000,13,88550,18,975550,,,,,,,18,975550
Hokkaido,1983,61,1026025,8,2850000,2,168000,5,10610,15,3028610,,,1,50000,,,77,4104635
Tohoku,1983,210,2242695,7,6150000,,,4,55120,11,6205120,,,1,50000,,,222,8497815
Tokyo,1983,157,5058427,14,23567000,3,75000,11,33600,28,23675600,2,6896000,,,,,187,35630027
Chubu,1983,173,3483360,10,13848000,2,103800,1,540,13,13952340,1,1380000,,,,,187,18815700
Hokuriku,1983,114,1693010,3,1912000,,,1,192,4,1912192,,,,,,,118,3605202
Kansai,1983,137,5859227,13,12631000,3,360000,,,16,12991000,3,5668000,,,,,156,24518227
Chugoku,1983,91,1649625,8,5275000,2,268000,4,18410,14,5561410,1,460000,,,,,106,7671035
Shikoku,1983,59,773736,4,3137000,1,34000,,,5,3171000,1,1132000,,,,,65,5076736
Kyushu,1983,136,1625592,12,7083750,3,3300,37,221984,49,7309034,1,1118000,2,67500,,,188,10120126
Okinawa,1983,,,3,803000,2,84000,13,88550,18,975550,,,,,,,18,975550
Hokkaido,1982,60,925975,7,2500000,4,248000,5,10610,16,2758610,,,1,50000,,,77,3734585
Tohoku,1982,208,2236695,7,5675000,,,4,55120,11,5730120,,,1,50000,,,220,8016815
Tokyo,1982,157,5053137,14,23567000,3,180000,11,33600,28,23780600,2,5796000,,,,,187,34629737
Chubu,1982,172,3461960,9,12448000,2,103800,1,540,12,12552340,1,1380000,,,,,185,17394300
Hokuriku,1982,114,1693010,3,1912000,,,1,192,4,1912192,,,,,,,118,3605202
Kansai,1982,136,5827227,13,12631000,3,360000,,,16,12991000,3,5668000,,,,,155,24486227
Chugoku,1982,92,1652495,9,5376900,2,268000,4,18410,15,5663310,1,460000,,,,,108,7775805
Shikoku,1982,59,773336,4,3137000,1,34000,1,940,6,3171940,1,1132000,,,,,66,5077276
Kyushu,1982,136,1616992,12,6936550,3,3300,36,217334,48,7157184,1,1118000,2,67500,,,187,9959676
Okinawa,1982,,,4,836000,2,84000,13,90350,21,1013650,,,,,,,21,1013650
Hokkaido,1981,60,925975,7,2445000,4,248000,5,10610,16,2703610,,,,,,,76,3629585
Tohoku,1981,209,2008055,7,5825000,,,4,55120,11,5880120,,,1,50000,,,221,7938175
Tokyo,1981,162,4459922,14,23567000,3,180000,11,32480,28,23779480,1,4696000,,,,,191,32935402
Chubu,1981,171,3441360,10,12733000,2,103800,1,540,13,12837340,1,1380000,,,,,185,17658700
Hokuriku,1981,114,1693010,3,1912000,,,1,192,4,1912192,,,,,,,118,3605202
Kansai,1981,136,5826577,12,11506000,3,360000,,,15,11866000,3,5668000,,,,,154,23360577
Chugoku,1981,92,1652495,9,5376900,2,268000,4,18410,15,5663310,1,460000,,,,,108,7775805
Shikoku,1981,58,466336,4,3137000,1,34000,1,752,6,3171752,1,1132000,,,,,65,4770088
Kyushu,1981,136,1616542,11,6935150,3,3300,35,186024,47,7124474,1,1118000,2,67500,,,186,9926516
Okinawa,1981,,,4,836000,2,84000,13,87850,21,1011150,,,,,,,21,1011150
Hokkaido,1980,61,926175,7,2445000,4,248000,5,10610,16,2703610,,,,,,,77,3629785
Tohoku,1980,212,1781740,7,5825000,,,4,47620,11,5872620,,,1,50000,,,224,7704360
Tokyo,1980,166,3362562,14,23567000,3,180000,11,29640,28,23776640,1,4696000,,,,,195,31835202
Chubu,1980,171,3440560,10,11333000,2,103800,1,540,13,11437340,1,1380000,,,,,185,16257900
Hokuriku,1980,111,1292010,3,1412000,,,1,192,4,1412192,,,,,,,115,2704202
Kansai,1980,136,5826577,12,11506000,3,360000,,,15,11866000,3,5668000,,,,,154,23360577
Chugoku,1980,91,1642495,9,4876900,2,268000,4,16410,15,5161310,1,460000,,,,,107,7263805
Shikoku,1980,57,447336,4,3137000,1,34000,1,564,6,3171564,1,566000,,,,,64,4184900
Kyushu,1980,135,1578742,11,6935000,3,3300,34,172194,46,7110494,1,1118000,2,67500,,,184,9874736
Okinawa,1980,,,4,711000,2,84000,13,77450,20,875450,,,,,,,20,875450
Hokkaido,1979,60,901175,6,2095000,4,248000,5,9860,15,2352860,,,,,,,75,3254035
Tohoku,1979,211,1759475,6,4525000,,,4,47420,10,4572420,,,1,50000,,,222,6381895
Tokyo,1979,165,3319462,13,22367000,3,180000,11,29840,27,22576840,1,4696000,,,,,193,30592302
Chubu,1979,168,2335160,10,11333000,2,103800,1,380,13,11437180,1,1380000,,,,,182,15152340
Hokuriku,1979,111,1292010,3,1412000,,,1,192,4,1412192,,,,,,,115,2704202
Kansai,1979,135,5580577,12,11506000,3,360000,,,15,11866000,3,5668000,,,,,153,23114577
Chugoku,1979,93,1644035,9,4876900,2,268000,4,16910,15,5161810,1,460000,,,,,109,7265845
Shikoku,1979,57,447336,4,3137000,1,34000,1,564,6,3171564,1,566000,,,,,64,4184900
Kyushu,1979,135,1576842,9,6434000,3,3300,32,148224,44,6585524,1,559000,2,62500,,,182,8783866
Okinawa,1979,,,4,711000,2,84000,13,71740,20,869740,,,,,,,20,869740
Hokkaido,1978,59,872675,6,1745000,4,248000,5,9860,15,2002860,,,,,,,74,2875535
Tohoku,1978,209,1758775,6,4525000,,,4,47420,10,4572420,,,1,50000,,,220,6381195
Tokyo,1978,169,3150442,13,20767000,3,180000,11,27560,27,20974560,1,3596000,,,,,197,27721002
Chubu,1978,168,2334760,10,11333000,2,103800,1,380,13,11437180,1,1380000,,,,,182,15151940
Hokuriku,1978,110,1212510,3,1412000,,,1,192,4,1412192,,,,,,,114,2624702
Kansai,1978,134,5159677,12,11506000,3,360000,,,15,11866000,3,4493000,,,,,152,21518677
Chugoku,1978,92,1630235,9,4176900,2,268000,4,16410,15,4461310,1,460000,,,,,108,6551545
Shikoku,1978,60,466156,4,3137000,1,34000,1,564,6,3171564,1,566000,,,,,67,4203720
Kyushu,1978,135,1576837,9,5834000,3,3300,29,140884,41,5978184,1,559000,2,46000,,,179,8160021
Okinawa,1978,,,4,711000,2,84000,13,63040,20,859040,,,,,,,20,859040
Hokkaido,1977,58,832675,5,1395000,3,100000,5,9860,13,1504860,,,,,,,71,2337535
Tohoku,1977,210,1761955,6,4525000,,,4,39770,10,4564770,,,,,,,220,6326725
Tokyo,1977,171,3178402,13,20767000,3,180000,11,26520,27,20973520,1,2028000,,,,,199,26179922
Chubu,1977,167,2321460,10,10633000,2,103800,1,380,13,10737180,1,540000,,,,,181,13598640
Hokuriku,1977,110,1195240,3,1412000,,,1,96,4,1412096,,,,,,,114,2607336
Kansai,1977,132,4525377,12,11506000,3,360000,,,15,11866000,2,3318000,,,,,149,19709377
Chugoku,1977,92,1630195,9,4176900,2,268000,4,16410,15,4461310,1,460000,,,,,108,6551505
Shikoku,1977,59,454356,4,3137000,1,34000,1,376,6,3171376,1,566000,,,,,66,4191732
Kyushu,1977,133,1566764,9,5234000,3,3300,22,136904,34,5374204,1,559000,2,34000,,,170,7533968
Okinawa,1977,,,4,586000,2,84000,13,53460,20,724460,,,,,,,20,724460
Hokkaido,1976,58,832675,5,1270000,4,102000,5,7860,14,1379860,,,,,,,72,2212535
Tohoku,1976,210,1750315,5,3925000,,,4,39770,9,3964770,,,,,,,219,5715085
Tokyo,1976,171,3176228,13,20167000,3,180000,11,24832,27,20371832,1,2028000,,,,,199,25576060
Chubu,1976,168,2321392,10,9933000,2,103800,1,380,13,10037180,1,540000,,,,,182,12898572
Hokuriku,1976,110,1195040,3,1412000,,,1,96,4,1412096,,,,,,,114,2607136
Kansai,1976,132,4485227,11,10306000,3,360000,,,14,10666000,2,3318000,,,,,148,18469227
Chugoku,1976,93,1631195,9,3776900,2,268000,4,16410,15,4061310,1,460000,,,,,109,6152505
Shikoku,1976,59,454156,4,3137000,1,34000,1,376,6,3171376,,,,,,,65,3625532
Kyushu,1976,133,1566414,9,4989000,2,2200,22,130154,33,5121354,1,559000,1,11000,,,168,7257768
Okinawa,1976,,,4,632000,1,29000,14,47995,20,709995,,,,,,,20,709995
Hokkaido,1975,58,832675,5,1270000,4,102000,5,7980,14,1379980,,,,,,,72,2212655
Tohoku,1975,211,1722345,5,3925000,,,4,39770,9,3964770,,,,,,,220,5687115
Tokyo,1975,185,3194602,13,19167000,3,180000,10,24152,26,19371152,1,2028000,,,,,212,24593754
Chubu,1975,166,1966992,10,9933000,2,103800,1,380,13,10037180,1,540000,,,,,180,12544172
Hokuriku,1975,109,1145140,3,1412000,,,1,96,4,1412096,,,,,,,113,2557236
Kansai,1975,133,4483877,11,10306000,3,360000,,,14,10666000,2,2492000,,,,,149,17641877
Chugoku,1975,92,1011195,9,3776900,2,134000,3,8895,14,3919795,1,460000,,,,,107,5390990
Shikoku,1975,61,456774,4,2687000,1,34000,1,376,6,2721376,,,,,,,67,3178150
Kyushu,1975,133,1566418,9,4489000,,,21,125554,30,4614554,1,559000,1,11000,,,165,6750972
Okinawa,1975,,,,,,,,,21,704585,,,,,,,21,704585
Hokkaido,1974,58,812915,5,1270000,4,102000,5,6820,14,1378820,,,,,,,72,2191735
Tohoku,1974,214,1666395,5,3925000,,,4,32270,9,3957270,,,,,,,223,5623665
Tokyo,1974,185,3194602,13,17167000,3,180000,10,19184,26,17366184,1,1244000,,,,,212,21804786
Chubu,1974,168,1941242,10,9433000,2,103800,1,380,13,9537180,,,,,,,181,11478422
Hokuriku,1974,110,1146440,3,1412000,,,1,96,4,1412096,,,,,,,114,2558536
Kansai,1974,133,3861577,12,10672000,3,360000,,,15,11032000,2,1666000,,,,,150,16559577
Chugoku,1974,92,973235,9,3777700,,,3,8895,12,3786595,1,460000,,,,,105,5219830
Shikoku,1974,61,449814,4,2237000,1,34000,1,376,6,2271376,,,,,,,67,2721190
Kyushu,1974,133,1066009,9,4489000,,,21,114754,30,4603754,,,1,11000,,,164,5680763
Okinawa,1974,,,,,,,,,24,697305,,,,,,,24,697305
Hokkaido,1973,57,612915,5,1270000,4,102000,5,6320,14,1378320,,,,,,,71,1991235
Tohoku,1973,214,1666395,5,3575000,,,4,24470,9,3599470,,,,,,,223,5265865
Tokyo,1973,191,3199462,12,15567000,3,180000,9,14264,24,15761264,1,460000,,,,,216,19420726
Chubu,1973,168,1941242,10,8933000,2,103800,1,380,13,9037180,,,,,,,181,10978422
Hokuriku,1973,110,1146440,2,912000,,,1,96,3,912096,,,,,,,113,2058536
Kansai,1973,131,3152477,13,10390000,2,240000,,,15,10630000,1,840000,,,,,147,14622477
Chugoku,1973,92,973235,9,3277700,,,3,8895,12,3286595,1,460000,,,,,105,4719830
Shikoku,1973,61,449814,5,1949000,1,34000,1,276,7,1983276,,,,,,,68,2433090
Kyushu,1973,132,1066004,8,3989000,,,22,106004,30,4095004,,,1,11000,,,163,5172008
Okinawa,1973,,,,,,,,,27,480600,,,,,,,27,480600
Hokkaido,1972,56,612715,4,1020000,3,82000,5,6320,12,1108320,,,,,,,68,1721035
Tohoku,1972,218,1613085,5,2975000,,,4,24470,9,2999470,,,,,,,227,4612555
Tokyo,1972,197,3207872,12,14767000,3,180000,9,13864,24,14960864,1,460000,,,,,222,18628736
Chubu,1972,168,1941242,9,8077000,2,103800,1,240,12,8181040,,,,,,,180,10122282
Hokuriku,1972,113,1147940,2,912000,,,1,96,3,912096,,,,,,,116,2060036
Kansai,1972,127,2806977,13,8590000,1,120000,,,14,8710000,1,840000,,,,,142,12356977
Chugoku,1972,92,973235,9,2902700,,,3,8895,12,2911595,,,,,,,104,3884830
Shikoku,1972,67,450387,5,1499000,1,34000,1,276,7,1533276,,,,,,,74,1983663
Kyushu,1972,131,1004064,8,3174000,,,22,102904,30,3276904,,,1,11000,,,162,4291968
Okinawa,1972,,,,,,,,,31,434135,,,,,,,31,434135
Hokkaido,1971,51,552300,4,1020000,4,102000,3,2390,11,1124390,,,,,,,62,1676690
Tohoku,1971,220,1617715,5,2725000,,,4,19470,9,2744470,,,,,,,229,4362185
Tokyo,1971,209,3144578,13,13622000,3,180000,9,11244,25,13813244,1,460000,,,,,235,17417822
Chubu,1971,168,1941475,9,6202000,2,103800,1,240,12,6306040,,,,,,,180,8247515
Hokuriku,1971,115,1148340,1,562000,,,1,96,2,562096,,,,,,,117,1710436
Kansai,1971,127,2806977,13,8590000,,,,,13,8590000,1,340000,,,,,141,11736977
Chugoku,1971,95,978705,10,1912700,,,3,5875,13,1918575,,,,,,,108,2897280
Shikoku,1971,68,450967,5,1149000,1,34000,1,276,7,1183276,,,,,,,75,1634243
Kyushu,1971,131,1004184,8,2687000,,,11,72810,19,2759810,,,1,11000,,,151,3774994
Okinawa,1971,,,,,,,,,,,,,,,,,,
Hokkaido,1970,52,528230,4,1119000,4,102000,3,1924,11,1222924,,,,,,,63,1751154
Tohoku,1970,221,1618240,4,2025000,,,4,19470,8,2044470,,,,,,,229,3662710
Tokyo,1970,222,3128334,12,11122000,2,60000,9,10224,23,11192224,1,460000,,,,,246,14780558
Chubu,1970,169,1943755,8,5202000,1,30000,1,240,10,5232240,,,,,,,179,7175995
Hokuriku,1970,118,1148952,1,562000,,,1,96,2,562096,,,,,,,120,1711048
Kansai,1970,126,2743977,12,7690000,,,1,960,12,7690000,1,340000,,,,,139,10773977
Chugoku,1970,98,978776,10,1912700,,,3,6375,13,1919075,,,,,,,111,2897851
Shikoku,1970,68,450967,4,954000,1,34000,1,244,6,988244,,,,,,,74,1439211
Kyushu,1970,132,953624,8,2312000,,,11,63110,19,2375110,,,1,11000,,,152,3339734
Okinawa,1970,,,,,,,,,,,,,,,,,,
Hokkaido,1969,53,533330,4,1119000,3,62000,3,1924,10,1182924,,,,,,,63,1716254
Tohoku,1969,222,1598800,3,1675000,,,2,14150,5,1689150,,,,,,,227,3287950
Tokyo,1969,222,2799354,10,9822000,2,60000,9,9924,21,9891924,,,,,,,243,12691278
Chubu,1969,167,1852555,7,4762000,1,30000,1,240,9,4792240,,,,,,,176,6644795
Hokuriku,1969,118,1148952,1,562000,,,,,1,562000,,,,,,,119,1710952
Kansai,1969,126,2510497,11,6290000,,,1,960,11,6290000,,,,,,,137,8800497
Chugoku,1969,99,978791,9,1562700,,,3,5875,12,1568575,,,,,,,111,2547366
Shikoku,1969,68,450567,4,704000,1,34000,1,244,6,738244,,,,,,,74,1188811
Kyushu,1969,132,950874,8,2062000,,,10,58610,18,2120610,,,1,11000,,,151,3082484
Okinawa,1969,,,,,,,,,,,,,,,,,,
Hokkaido,1968,53,513454,4,944000,1,2000,,,5,946000,,,,,,,58,1459454
Tohoku,1968,222,1598600,3,1425000,,,3,14550,6,1439550,,,,,,,228,3038150
Tokyo,1968,220,2259649,10,8522000,,,8,9492,18,8531492,,,,,,,238,10791141
Chubu,1968,167,1514455,7,4762000,1,30000,1,240,,,,,,,,,176,6306695
Hokuriku,1968,120,1160862,1,312000,,,,,1,312000,,,,,,,121,1472862
Kansai,1968,126,2268627,10,5978000,,,1,960,10,5978000,,,,,,,136,8246627
Chugoku,1968,98,804691,9,1562700,,,3,5875,12,1568575,,,,,,,110,2373266
Shikoku,1968,68,450567,4,704000,,,1,244,,,,,,,,,73,1154811
Kyushu,1968,131,934974,7,1812000,,,10,47610,17,1859610,,,1,11000,,,149,2805584
Okinawa,1968,,,,,,,,,,,,,,,,,,
Hokkaido,1967,54,516154,3,769000,1,2000,,,4,771000,,,,,,,58,1287154
Tohoku,1967,224,1595100,3,1175000,,,3,11550,6,1186550,,,,,,,230,2781650
Tokyo,1967,221,2265979,10,7997000,,,7,7912,17,8004912,,,,,,,238,10270891
Chubu,1967,171,1497570,7,4762000,1,30000,1,240,,,,,,,,,180,6289810
Hokuriku,1967,119,1112862,1,312000,,,,,1,312000,,,,,,,120,1424862
Kansai,1967,127,2258275,10,5978000,,,1,960,10,5978000,,,,,,,137,8236275
Chugoku,1967,97,642371,9,1543700,,,3,4215,12,1547915,,,,,,,109,2190286
Shikoku,1967,67,404067,4,484000,,,1,244,5,484244,,,,,,,72,888311
Kyushu,1967,133,934994,7,1816500,,,14,41680,21,1858180,,,1,11000,,,155,2804174
Okinawa,1967,,,,,,,,,,,,,,,,,,
Hokkaido,1966,53,491154,3,769000,1,2000,,,4,771000,,,,,,,57,1262154
Tohoku,1966,225,1585660,3,1175000,,,3,11550,6,1186550,,,,,,,231,2772210
Tokyo,1966,221,2165839,9,6697000,,,7,6312,16,6703312,,,,,,,237,8869151
Chubu,1966,173,1498264,7,4262000,,,1,80,,,,,,,,,181,5760344
Hokuriku,1966,122,1113157,1,312000,,,,,1,312000,,,,,,,123,1425157
Kansai,1966,128,2143362,11,5041000,,,,,11,5041000,,,,,,,139,7184362
Chugoku,1966,97,644071,9,1543700,,,3,4215,12,1547915,,,,,,,109,2191986
Shikoku,1966,68,403275,4,484000,,,1,152,5,484152,,,,,,,73,887427
Kyushu,1966,137,948360,6,1660500,,,14,32900,20,1693400,,,,,,,157,2641760
Okinawa,1966,,,,,,,,,,,,,,,,,,
Hokkaido,1965,53,468254,3,769000,1,2000,,,4,771000,,,,,,,57,1239254
Tohoku,1965,228,1587730,3,1175000,,,2,8550,5,1183550,,,,,,,233,2771280
Tokyo,1965,222,2099779,9,5997000,,,7,6152,16,6003152,,,,,,,238,8102931
Chubu,1965,176,1501034,6,3667000,,,1,80,,,,,,,,,183,5168114
Hokuriku,1965,122,1112957,1,312000,,,,,1,312000,,,,,,,123,1424957
Kansai,1965,132,2022291,12,4460000,,,1,80,13,4460080,,,,,,,145,6482371
Chugoku,1965,98,645171,7,1167700,,,3,4215,10,1171915,,,,,,,108,1817086
Shikoku,1965,68,401460,5,496000,,,1,60,6,496060,,,,,,,74,897520
Kyushu,1965,138,945310,6,1504500,,,14,25350,20,1529850,,,,,,,158,2475160
Okinawa,1965,,,,,,,,,,,,,,,,,,
Hokkaido,1964,53,468254,3,644000,,,1,2000,4,646000,,,,,,,57,1114254
Tohoku,1964,230,1587855,3,925000,,,2,7550,5,932550,,,,,,,235,2520405
Tokyo,1964,222,1999825,10,5449500,,,7,5656,17,5455156,,,,,,,239,7454981
Chubu,1964,175,1470034,5,3292000,,,1,60,,,,,,,,,181,4762094
Hokuriku,1964,127,1116079,1,156000,,,,,1,156000,,,,,,,128,1272079
Kansai,1964,133,1990291,11,4029000,,,1,80,12,4029080,,,,,,,145,6019371
Chugoku,1964,99,645202,7,1167700,,,3,3715,10,1171415,,,,,,,109,1816617
Shikoku,1964,68,401460,5,352000,,,2,210,7,352210,,,,,,,75,753670
Kyushu,1964,137,940810,7,1504500,,,16,20090,23,1524590,,,,,,,160,2465400
Okinawa,1964,,,,,,,,,,,,,,,,,,
Hokkaido,1963,55,463074,3,644000,,,1,2000,4,646000,,,,,,,59,1109074
Tohoku,1963,232,1586024,3,925000,,,2,6550,5,931550,,,,,,,237,2517574
Tokyo,1963,225,1978789,10,4484500,,,7,4576,17,4489076,,,,,,,242,6467865
Chubu,1963,174,1399234,5,2462000,,,,,,,,,,,,,179,3861234
Hokuriku,1963,127,1107979,,,,,,,,,,,,,,,127,1107979
Kansai,1963,133,1925981,14,3304000,,,2,2080,16,3306080,,,,,,,149,5232061
Chugoku,1963,99,645202,6,1011700,,,3,2615,9,1014315,,,,,,,108,1659517
Shikoku,1963,67,387890,5,352000,,,1,150,1,352210,,,,,,,73,740040
Kyushu,1963,142,977110,8,1402500,,,16,18690,24,1421190,,,,,,,166,2398300
Okinawa,1963,,,,,,,,,,,,,,,,,,
Hokkaido,1962,53,393074,3,544000,,,1,2000,4,546000,,,,,,,57,939074
Tohoku,1962,233,1519531,2,675000,,,2,6550,4,681550,,,,,,,237,2201081
Tokyo,1962,223,1839989,10,3597000,,,7,4576,17,3601576,,,,,,,240,5441565
Chubu,1962,178,1403772,5,1612000,,,,,,,,,,,,,183,3015772
Hokuriku,1962,123,1036379,,,,,,,,,,,,,,,123,1036379
Kansai,1962,133,1867781,13,2384000,,,2,3080,15,2387080,,,,,,,148,4254861
Chugoku,1962,99,630252,6,855700,,,3,2615,9,858315,,,,,,,108,1488567
Shikoku,1962,65,336490,5,248250,,,1,150,6,248400,,,,,,,71,584890
Kyushu,1962,142,799310,10,1559500,,,16,16790,26,1576290,,,,,,,168,2375600
Okinawa,1962,,,,,,,,,,,,,,,,,,
