Company,year,Number of sites_- 50000 kVA,Number of sites_50000 - 350000 kVA,Number of sites_350000 - 100000 kVA,Number of sites_1000000 kVA -,Number of sites_Total,Capacity (by capacity range)_- 50000 kVA,Capacity (by capacity range)_50000 - 350000 kVA,Capacity (by capacity range)_350000 - 100000 kVA,Capacity (by capacity range)_1000000 kVA -,Capacity (by capacity range)_Total,Number of sites_- 22 kV (low voltage side),Number of sites_- 22 kV,Number of sites_22 - 55 kV (low voltage side),Number of sites_22 - 55 kV,Number of sites_66 - 77 kV (low voltage side),Number of sites_66 - 77 kV,Number of sites_110 - 154 kV (low voltage side),Number of sites_110 - 154 kV,Number of sites_187 kV (low voltage side),Number of sites_187 kV,Number of sites_220 kV (low voltage side),Number of sites_220 kV,Number of sites_275 kV (low voltage side),Number of sites_275 kV,Number of sites_500 kV (low voltage side),Number of sites_500 kV,Number of sites_Total (low voltage side),Number of sites_Total,Capacity (by voltage range)_- 22 kV,Capacity (by voltage range)_22 - 55 kV,Capacity (by voltage range)_66 - 77 kV,Capacity (by voltage range)_110 - 154 kV,Capacity (by voltage range)_187 kV,Capacity (by voltage range)_220 kV,Capacity (by voltage range)_275 kV,Capacity (by voltage range)_500 kV -,Capacity (by voltage range)_Total
会社名,年期,出力別_箇所数_50000未満,出力別_箇所数_50000以上350000未満,出力別_箇所数_350000以上1000000未満,出力別_箇所数_1000000以上,出力別_箇所数_合計,出力別_変電所出力_50000未満,出力別_変電所出力_50000以上350000未満,出力別_変電所出力_350000以上1000000未満,出力別_変電所出力_1000000以上,出力別_変電所出力_合計,電圧別_箇所数_22未満_低位電圧,電圧別_箇所数_22未満,電圧別_箇所数_22以上55以下_低位電圧,電圧別_箇所数_22以上55以下,電圧別_箇所数_66以上77以下_低位電圧,電圧別_箇所数_66以上77以下,電圧別_箇所数_110以上154以下_低位電圧,電圧別_箇所数_110以上154以下,電圧別_箇所数_187_低位電圧,電圧別_箇所数_187,箇所数_220_低位電圧,電圧別_箇所数_220,電圧別_箇所数_275_低位電圧,電圧別_箇所数_275,電圧別_箇所数_500以上_低位電圧,電圧別_箇所数_500以上,電圧別_箇所数_合計_低位電圧,電圧別_箇所数_合計,電圧別_変電所出力_22未満,電圧別_変電所出力_22以上55以下,電圧別_変電所出力_66以上77以下,電圧別_変電所出力_110以上154以下,電圧別_変電所出力_187,電圧別_変電所出力_220,電圧別_変電所出力_275,電圧別_変電所出力_500以上,電圧別_変電所出力_合計
Hokkaido,2020,336,52,9,4,401,6308350,6388200,5186000,6400000,24282550,12,,5,60,16,293,1,17,2,26,,,,5,,,36,401,22250,393100,7883800,701400,8682000,,6600000,,24282550
Tohoku,2020,343,241,36,14,634,10302800,23999500,19275000,26185000,79762300,4,0,4,38,48,487,12,79,0,0,,0,5,23,0,7,73,634,1500,529000,22015800,24266000,0,0,21250000,11700000,79762300
Tokyo,2020,604,870,92,49,1615,18721010,56956000,63901000,137930000,277508010,4,0,6,85,44,1270,5,182,0,0,0,0,10,54,0,24,69,1615,16600,850350,69384060,49657000,0,0,68300000,89300000,277508010
Chubu,2020,454,472,63,21,1010,10389700,30566800,39004000,48550000,128510500,23,3,18,72,26,801,2,84,0,0,0,0,2,40,0,10,70,1010,164000,2526400,35240500,24179600,0,0,41800000,24600000,128510500
Hokuriku,2020,150,86,20,5,261,3221438,6845000,10620000,11650000,32336438,20,5,1,33,21,182,,32,,,,,3,5,,4,45,261,88478,198000,8623960,9826000,,,7000000,6600000,32336438
Kansai,2020,1123,440,55,28,1646,16513039,36711549,37262400,66895000,157381988,,1,45,750,35,790,1,55,,1,,,7,35,,14,88,1646,700,3239250,47302438,27310900,613700,,31215000,47700000,157381988
Chugoku,2020,331,191,10,14,546,6526650,18037500,6970000,28403000,59937150,6,,2,114,28,144,8,261,,,4,17,,,,10,48,546,35000,862350,4231000,18858800,,14450000,,21500000,59937150
Shikoku,2020,147,75,15,3,240,3717500,5805500,9035000,4500000,23058000,5,3,,8,7,198,,6,,21,,,,,,4,12,240,40000,43500,7794000,221500,9709000,,,5250000,23058000
Kyushu,2020,337,253,48,12,650,7129500,20363900,28541000,23040000,79074400,11,4,,124,36,423,2,33,,,1,54,,,,12,50,650,68000,932000,23051500,3612900,,29410000,,22000000,79074400
Okinawa,2020,99,28,7,,134,1868050,2297000,3021000,,7186050,,22,,26,1,77,7,9,,,,,,,,,8,134,38050,351500,3491500,3305000,,,,,7186050
Hokkaido,2019,313,47,9,4,373,5905100,5821000,5186000,6400000,23312100,1,,2,60,13,274,1,12,2,22,,,,5,,,19,373,300,388700,7548100,500000,8275000,,6600000,,23312100
Tohoku,2019,342,240,35,14,631,10284800,24159500,18775000,26185000,79404300,4,0,4,38,48,484,12,79,0,0,0,0,5,23,0,7,73,631,1500,527000,21959800,24066000,0,0,21150000,11700000,79404300
Tokyo,2019,616,857,92,49,1614,19077510,56004000,63801000,135430000,274312510,4,0,6,87,44,1268,4,181,0,0,0,0,10,54,0,24,68,1614,16600,840850,68980060,49375000,0,0,68300000,86800000,274312510
Chubu,2019,388,460,62,21,931,9402400,29262500,38652000,48250000,125566900,1,3,12,62,23,754,2,62,,0,,0,1,40,,10,39,931,28500,2576800,34417600,22444000,0,0,41500000,24600000,125566900
Hokuriku,2019,91,88,19,5,203,2442150,6870000,10520000,11650000,31482150,,4,1,26,12,142,,23,,,,,3,4,,4,16,203,70150,177000,8145000,9490000,,,7000000,6600000,31482150
Kansai,2019,1075,438,54,28,1595,15886229,36432733,36827400,66995000,156141362,,,6,720,35,782,1,44,,1,,,7,34,,14,49,1595,,3023950,47213012,26435700,613700,,31155000,47700000,156141362
Chugoku,2019,282,182,8,14,486,5905350,16544500,5720000,28403000,56572850,,,2,104,28,121,8,238,,,4,13,,,,10,42,486,,839350,3950000,17683500,,12600000,,21500000,56572850
Shikoku,2019,123,70,13,3,209,3515200,4996000,8135000,4500000,21146200,1,2,,7,5,176,,4,,16,,,,,,4,6,209,21700,39000,7500500,205000,8130000,,,5250000,21146200
Kyushu,2019,306,243,43,12,604,6766500,19383000,26105000,23040000,75294500,1,3,,119,33,393,2,28,,,1,50,,,,11,37,604,20000,885000,22327500,3252000,,27310000,,21500000,75294500
Okinawa,2019,106,27,7,,140,1846200,2213000,3021000,,7080200,1,27,,28,7,76,,9,,,,,,,,,8,140,39700,342500,3393000,3305000,,,,,7080200
Hokkaido,2018,316,43,9,4,372,6020100,5588000,5186000,6200000,22994100,1,0,2,60,13,273,1,12,2,22,0,0,0,5,0,0,19,372,300,388700,7455100,500000,8050000,0,6600000,0,22994100
Tohoku,2018,342,240,34,14,630,10264800,24054500,17875000,26185000,78379300,4,0,4,38,47,484,12,79,,,,,5,22,0,7,72,630,1500,527000,21874800,24026000,,,20250000,11700000,78379300
Tokyo,2018,625,849,92,49,1615,19373510,55516000,63456000,135560000,273905510,4,0,6,88,43,1268,4,181,0,0,0,0,10,54,0,24,67,1615,16600,860850,68716060,49362000,0,0,68150000,86800000,273905510
Chubu,2018,392,463,61,20,936,9419400,29708500,38050000,48250000,125427900,1,5,12,63,23,756,2,62,,,,,1,40,,10,39,936,44500,2582800,34536600,22164000,,,41500000,24600000,125427900
Hokuriku,2018,91,88,19,5,203,2412150,6795000,10310000,11650000,31167150,,4,1,26,12,142,,23,,,,,3,4,,4,16,203,70150,177000,8030000,9290000,,,7000000,6600000,31167150
Kansai,2018,1072,444,54,28,1598,15642629,36816213,36853700,67095000,156407542,0,0,6,723,35,782,1,44,0,1,0,0,7,34,0,14,49,1598,0,3045350,47331492,26452000,623700,0,31255000,47700000,156407542
Chugoku,2018,284,177,8,14,483,6009850,16112300,5570000,27403000,55095150,,,2,102,27,120,6,238,,,4,13,,,,10,39,483,,828850,3941000,17345300,,12480000,,20500000,55095150
Shikoku,2018,123,70,13,3,209,3515200,4996000,8135000,4500000,21146200,1,2,,7,5,176,,4,,16,,,,,,4,6,209,21700,39000,7500500,205000,8130000,,,5250000,21146200
Kyushu,2018,300,242,43,12,597,6678500,19283000,26090000,23040000,75091500,1,3,,113,33,392,2,28,,,1,50,,,,11,37,597,20000,837000,22172500,3252000,,27310000,,21500000,75091500
Okinawa,2018,108,25,7,,140,1918200,2084000,3021000,,7023200,1,27,,28,,76,7,9,,,,,,,,,8,140,39700,336500,3342000,3305000,,,,,7023200
Hokkaido,2017,316,43,9,4,372,5986000,5543000,5186000,6200000,22915000,1,0,2,62,13,271,1,12,2,22,,,0,5,,,19,372,300,397700,7407000,500000,8010000,,6600000,,22915000
Tohoku,2017,344,239,33,14,630,10236800,24034500,17455000,25085000,76811300,4,,4,38,47,484,12,79,,,,,5,22,,7,72,630,1500,513000,21730800,23646000,,,20220000,10700000,76811300
Tokyo,2017,629,842,92,49,1612,19485510,54989000,63306000,135560000,273340510,5,,7,86,43,1266,4,182,,,,,10,54,,24,69,1612,22600,839850,68451060,49227000,,,68000000,86800000,273340510
Chubu,2017,391,465,61,20,937,9343400,29815500,38230000,47800000,125188900,1,5,13,64,23,756,2,62,,,,,1,40,,10,40,937,44500,2611800,34568600,22514000,,,40850000,24600000,125188900
Hokuriku,2017,91,88,19,5,203,2403650,6785000,10460000,11650000,31298650,,5,1,25,12,142,,23,,,,,3,4,,4,16,203,74150,177000,8017500,9430000,,,7000000,6600000,31298650
Kansai,2017,1068,445,53,29,1595,15538166,37006873,36395000,67995000,156935039,,,6,719,35,783,1,44,,1,,,7,34,,14,49,1595,,3008500,47454539,26697000,620000,,31555000,47600000,156935039
Chugoku,2017,281,175,8,14,478,5983850,15901300,5540000,27403000,54828150,,,2,97,27,120,6,238,,,4,13,,,,10,39,478,,806850,3862000,17209300,,12450000,,20500000,54828150
Shikoku,2017,123,70,13,3,209,3505200,4996000,8135000,4500000,21136200,1,2,,7,5,176,,4,,16,,,,,,4,6,209,21700,39000,7490500,20500,8130000,,,5250000,21136200
Kyushu,2017,303,240,41,12,596,6741500,19453000,25195000,23040000,74429500,1,3,,111,33,394,2,28,,,1,49,,,,11,37,596,20000,797000,22050500,3252000,,26810000,,21500000,74429500
Okinawa,2017,110,25,7,,142,1897500,2084000,3021000,,7002500,2,29,,28,7,76,,9,,,,,,,,,9,142,48000,330500,3319000,3305000,,,,,7002500
Hokkaido,2016,316,44,9,4,373,5933000,5570000,5046000,6280000,22829000,1,,2,63,13,271,1,12,2,22,,,,5,,,19,373,300,403700,7480000,360000,7985000,,6600000,,22829000
Tohoku,2016,346,237,31,14,628,10223800,23924500,16475000,25085000,75708300,4,,4,38,46,484,12,78,,,,,5,21,,7,71,628,1500,513000,21527800,23346000,,,19620000,10700000,75708300
Tokyo,2016,632,841,92,49,1614,19376260,54859000,63296000,137060000,274591260,5,,7,87,43,1267,4,182,,,,,10,54,,24,69,1614,22600,846600,68215060,49207000,,,68000000,88300000,274591260
Chubu,2016,391,466,60,21,938,9405400,29655500,37380000,48702000,125142900,1,5,14,64,23,757,3,62,,,,,1,40,,10,42,938,47500,2606800,34634600,22654000,,,40600000,24600000,125142900
Hokuriku,2016,90,88,19,5,202,2357650,6720000,10590000,11450000,31117650,,4,1,25,12,142,,23,,,,,3,4,,4,16,202,74150,171000,7892500,9380000,,,7000000,6600000,31117650
Kansai,2016,1066,444,53,28,1591,15533766,36921260,36410000,66995000,155860026,,,6,717,35,782,1,44,,1,,,7,34,,13,49,1591,,2999500,47373526,26712000,620000,,31555000,46600000,155860026
Chugoku,2016,283,171,8,14,476,6051850,15616300,5240000,27403000,54311150,,,2,95,26,120,6,238,,,4,13,,,,10,38,476,,794850,3812000,17054300,,12150000,,20500000,54311150
Shikoku,2016,123,69,13,3,208,3484200,4986000,8135000,4500000,21105200,1,2,,6,5,176,,4,,16,,,,,,4,6,208,21700,33000,7465500,205000,8130000,,,5250000,21105200
Kyushu,2016,305,237,41,12,595,6830500,19238000,25190000,23040000,74298500,1,3,,110,33,394,2,28,,,1,49,,,,11,37,595,20000,791000,21925500,3252000,,26810000,,21500000,74298500
Okinawa,2016,109,25,7,,141,1890000,2209000,3021000,,7120000,2,29,,27,8,75,,10,,,,,,,,,10,141,48000,323000,3319000,3430000,,,,,7120000
Hokkaido,2015,317,43,9,4,373,5949500,5470000,5046000,6280000,22745500,1,0,2,63,13,270,1,13,2,22,,,0,5,,,19,373,300,403700,7381500,375000,7985000,,6600000,,22745500
Tohoku,2015,347,234,32,14,627,10242800,23099500,16784000,25085000,75211300,4,0,4,39,44,483,12,77,,,,,5,21,0,7,69,627,1500,521000,21393800,22885000,,,19710000,10700000,75211300
Tokyo,2015,603,832,91,48,1574,18758100,53741000,61911000,135160000,269570100,0,0,6,85,41,1246,3,169,0,0,0,0,10,51,0,23,60,1574,0,845100,67575000,47700000,0,0,65350000,88100000,269570100
Chubu,2015,393,465,60,21,939,9436400,29851500,36780000,48702000,124769900,1,5,14,64,23,758,2,63,0,0,0,0,1,39,0,10,41,939,47500,2606800,34681600,22984000,0,0,39850000,24600000,124769900
Hokuriku,2015,90,88,19,5,202,2362950,6685000,10535000,11450000,31032950,,4,1,25,12,142,,23,,0,,0,3,4,,4,16,202,74450,171000,7857500,9330000,0,0,7000000,6600000,31032950
Kansai,2015,1061,445,53,28,1587,15435500,36938000,36480000,65995000,154848500,,,6,712,35,783,1,44,,1,,,7,34,,13,49,1587,,2976500,47315000,26782000,620000,,31555000,45600000,154848500
Chugoku,2015,283,171,8,14,476,6013850,15581300,5240000,27403000,54238150,,,2,95,27,119,6,239,,,4,13,,,,10,39,476,,780850,3738000,17069300,,12150000,,20500000,54238150
Shikoku,2015,123,69,13,3,208,3531700,4926000,8105000,4500000,21062700,1,2,,6,5,176,,4,,16,,,,,,4,6,208,21700,33000,7453000,205000,8100000,,,5250000,21062700
Kyushu,2015,305,238,41,12,596,6805500,19063000,25190000,21540000,72598500,1,3,,110,33,394,2,30,,,1,48,,,,11,37,596,20000,791000,21845500,3432000,,26510000,,20000000,72598500
Okinawa,2015,104,25,7,,136,1811500,2202000,3021000,,7034500,2,28,,24,8,74,,10,,,,,,,,,10,136,47500,290000,3267000,3430000,,,,,7034500
Hokkaido,2014,318,42,9,4,373,5931000,5415000,5046000,6280000,22672000,1,0,2,63,13,270,1,13,2,22,,,0,5,,,19,373,300,399200,7312500,375000,7985000,,6600000,,22672000
Tohoku,2014,349,229,32,14,624,10286800,22394500,16734000,24890000,74305300,4,0,4,40,43,480,12,76,,,,,5,21,0,7,68,624,1500,527000,21115800,22251000,,,19710000,10700000,74305300
Tokyo,2014,606,832,91,48,1577,18732100,53712000,61861000,135010000,269315100,0,0,6,85,41,1249,3,169,0,0,0,0,10,51,0,23,60,1577,0,851100,67514000,47650000,0,0,65200000,88100000,269315100
Chubu,2014,395,463,60,21,939,9522400,29756500,36868000,48702000,124848900,1,5,14,64,23,758,2,63,0,0,0,0,1,39,0,10,41,939,47500,2594800,34672600,23084000,0,0,39850000,24600000,124848900
Hokuriku,2014,91,87,19,5,202,2389450,6600000,9965000,11250000,30204450,,4,1,25,12,142,,23,,,,,3,4,,4,16,202,74450,178500,7791500,8960000,,,6600000,6600000,30204450
Kansai,2014,1053,445,53,28,1579,15421500,36840000,36387000,66395000,155043500,,,7,704,35,783,1,44,,1,,,7,34,,13,50,1579,,2936500,47243000,26782000,620000,,31862000,45600000,155043500
Chugoku,2014,284,168,8,14,474,6090350,15416300,5190000,27403000,54099650,,,2,93,27,119,6,239,,,4,13,,,,10,39,474,,771350,3718000,17010300,,12100000,,20500000,54099650
Shikoku,2014,123,70,12,3,208,3521700,4926000,8125000,4500000,21072700,1,2,,6,5,176,,4,,16,,,,,,4,6,208,21700,33000,7443000,205000,8120000,,,5250000,21072700
Kyushu,2014,304,236,40,12,592,6776500,18898000,24290000,21540000,71504500,1,3,0,109,33,392,2,30,0,0,1,47,0,0,0,11,37,592,20000,781000,21661500,3432000,0,25610000,0,20000000,71504500
Okinawa,2014,105,25,7,,137,1831350,2198000,3021000,,7050350,2,29,,23,8,75,,10,,,,,,,,,10,137,47350,278000,3295000,3430000,,,,,7050350
Hokkaido,2013,317,40,10,4,371,5891000,4855000,5401000,6280000,22427000,1,,3,63,13,269,1,13,2,21,,,,5,,,20,371,300,402200,7264500,375000,7785000,,6600000,,22427000
Tohoku,2013,350,227,32,14,623,10227800,22169500,16729000,24840000,73966300,4,,4,40,43,480,12,75,,,,,5,21,,7,68,623,1500,527000,20966800,22161000,,,19610000,10700000,73966300
Tokyo,2013,614,826,92,47,1579,18849100,53357000,62821000,134000000,269027100,0,0,6,88,41,1248,3,169,0,0,0,0,10,51,0,23,60,1579,0,882100,67255000,47590000,0,0,65200000,88100000,269027100
Chubu,2013,398,462,60,21,941,9597400,29646500,36648000,48702000,124593900,1,6,13,65,22,759,2,62,0,0,0,0,1,39,0,10,39,941,53500,2594800,34721600,22774000,0,0,39850000,24600000,124593900
Hokuriku,2013,91,85,19,5,200,2388450,6695000,9445000,11250000,29778450,,4,1,24,12,141,,23,,,,,3,4,,4,16,200,74450,172500,7701500,8830000,,,6400000,6600000,29778450
Kansai,2013,1053,445,54,27,1579,15352500,36595000,37087000,64995000,154029500,,,7,704,35,782,1,45,,1,,,7,34,,13,50,1579,,2936500,46929000,26382000,620000,,31562000,45600000,154029500
Chugoku,2013,281,168,8,14,471,6080350,15362300,5190000,27403000,54035650,,,2,90,28,119,6,239,,,4,13,,,,10,40,471,,761350,3718000,16956300,,12100000,,20500000,54035650
Shikoku,2013,123,70,12,3,208,3510700,5241000,7575000,4500000,20826700,1,2,,6,5,176,,4,,16,,,,,,4,6,208,21700,33000,7427000,205000,7890000,,,5250000,20826700
Kyushu,2013,304,236,40,11,591,6765500,18888000,24265000,20540000,70458500,1,3,,109,33,392,2,30,,,1,47,,,,10,37,591,20000,781000,21615500,3432000,,25610000,,19000000,70458500
Okinawa,2013,108,23,7,,138,1822450,2028000,3021000,,6871450,3,32,,23,8,73,,10,,,,,,,,,11,138,58950,266500,3116000,3430000,,,,,6871450
Hokkaido,2012,320,38,9,4,371,5913500,4990000,4991000,6280000,22174500,1,0,3,63,13,269,1,13,2,21,0,0,0,5,0,0,20,371,300,397200,7127000,355000,7695000,0,6600000,0,22174500
Tohoku,2012,350,225,31,14,620,10197800,22104500,16374000,24840000,73516300,4,,4,40,43,477,12,75,,,,,5,21,,7,68,620,1500,517000,20726800,21961000,,,19610000,10700000,73516300
Tokyo,2012,622,821,94,45,1582,18986600,52727000,64511000,131770000,267994600,0,0,6,92,41,1247,3,169,0,0,0,0,10,51,0,23,60,1582,0,962100,66682500,47380000,0,0,64870000,88100000,267994600
Chubu,2012,401,459,59,21,940,9655400,29532800,35988000,48642000,123818200,1,6,13,66,22,757,2,62,0,0,0,0,1,39,0,10,39,940,53500,2603800,34656900,22754000,0,0,39150000,24600000,123818200
Hokuriku,2012,91,85,19,5,200,2371450,6635000,9125000,11250000,29381450,,4,1,24,12,141,,23,,,,,3,4,,4,16,200,74450,169500,7627500,8510000,,,6400000,6600000,29381450
Kansai,2012,1060,442,53,28,1583,15451500,36301000,36130000,65995000,153877500,,,9,708,35,782,1,45,,1,,,7,34,,13,52,1583,,2972500,46638000,26292000,620000,,31755000,45600000,153877500
Chugoku,2012,279,168,9,13,469,6009350,15354800,5790000,25203000,52357150,,,2,88,28,119,6,239,,,4,13,,,,10,40,469,,745350,3683000,16928800,,11500000,,19500000,52357150
Shikoku,2012,123,70,12,3,208,3510700,5241000,7575000,4500000,20826700,1,2,,6,5,176,,4,,16,,,,,,4,6,208,21700,33000,7427000,205000,7890000,,,5250000,20826700
Kyushu,2012,303,235,40,11,589,6776500,18853000,24335000,20540000,70504500,1,1,0,109,33,392,3,30,0,0,1,47,0,0,0,10,38,589,14000,777000,21521500,3582000,0,25610000,0,19000000,70504500
Okinawa,2012,108,21,7,,136,1802050,1888000,2946000,,6636050,3,33,,21,7,72,,10,,,,,,,,,10,136,53550,220500,3007000,3355000,,,,,6636050
Hokkaido,2011,321,39,7,4,371,5916400,5439000,4121000,6200000,21676400,1,,3,65,13,267,1,13,2,21,,,,5,,,20,371,300,405200,6975900,350000,7345000,,6600000,,21676400
Tohoku,2011,348,226,29,14,617,10097800,22519500,15294000,24840000,72751300,4,,4,41,42,473,12,75,,,,,5,21,,7,67,617,1500,527000,20501800,21711000,,,19610000,10400000,72751300
Tokyo,2011,637,811,95,45,1588,19207550,51887000,64856000,130130000,266080550,,,6,98,40,1246,3,170,,,,,10,51,,23,59,1588,,980050,66360500,47410000,,,64870000,86460000,266080550
Chubu,2011,401,459,59,21,940,9667400,29513500,36198000,47192000,122570900,1,6,14,67,23,756,2,62,0,0,0,0,1,39,0,10,41,940,53500,2626800,34686600,22904000,0,0,38700000,23600000,122570900
Hokuriku,2011,93,82,19,5,199,2374450,6360000,9065000,11250000,29049450,,4,1,24,11,141,,22,,,,,3,4,,4,15,199,74450,168000,7487000,8320000,,,6400000,6600000,29049450
Kansai,2011,1061,440,55,26,1582,15477000,36086000,37770000,63895000,153228000,,,9,707,35,782,1,45,,1,,,7,34,,13,52,1582,,2982000,46439000,26182000,620000,,31405000,45600000,153228000
Chugoku,2011,284,164,10,12,470,6115350,15144800,6693000,22840000,50793150,,,2,90,28,118,6,239,,,4,13,,,,10,40,470,,761350,3638000,16843800,,11050000,,18500000,50793150
Shikoku,2011,125,68,12,3,208,3585700,5127500,7575000,4500000,20788200,1,2,,6,5,176,,4,,16,,,,,,4,6,208,19200,33000,7391000,205000,7890000,,,5250000,20788200
Kyushu,2011,305,230,40,11,586,6908500,18538000,24320000,20540000,70306500,1,0,0,107,33,392,3,30,0,0,1,47,0,0,0,10,38,586,10000,757000,21287500,3642000,0,25610000,0,19000000,70306500
Okinawa,2011,108,22,6,,136,1798050,2174000,2565000,,6537050,3,33,,21,7,72,,10,,,,,,,,,10,136,53550,220500,2983000,3280000,,,,,6537050
Hokkaido,2010,320,41,6,4,371,5807900,5729000,3731000,6200000,21467900,,,3,66,12,266,1,13,2,21,,,,5,,,18,371,,411200,6921700,340000,7195000,,6600000,,21467900
Tohoku,2010,346,227,29,13,615,10032800,22664500,15844000,22880000,71421300,4,,4,42,42,470,12,75,,,,,4,22,,6,66,615,1500,512000,20356800,21541000,,,19610000,9400000,71421300
Tokyo,2010,644,809,94,45,1592,19246300,52162000,64441000,131400000,267249300,,,7,103,40,1244,3,171,,,,,10,51,,23,60,1592,,1016800,66007500,47625000,,,64640000,87960000,267249300
Chubu,2010,401,457,60,21,939,9647400,29073500,36530000,47192000,122442900,1,6,14,67,23,755,2,62,,,,,1,39,0,10,41,939,53500,2626800,34538600,22924000,,,38700000,23600000,122442900
Hokuriku,2010,94,80,19,5,198,2385950,6005000,9010000,11250000,28650950,,4,1,24,11,141,,21,,0,,0,3,4,,4,15,198,78450,168000,7424500,7980000,0,0,6400000,6600000,28650950
Kansai,2010,1060,437,55,26,1578,15488950,35760000,37471000,63795000,152514950,,,9,703,35,782,1,45,,1,,,7,34,,13,52,1578,,2950950,46156000,26177000,620000,,31011000,45600000,152514950
Chugoku,2010,281,163,11,11,466,6093350,15044800,7608000,21825000,50571150,,,2,87,28,119,6,237,,,4,13,,,,10,40,466,,734350,3688000,16698800,,10950000,,18500000,50571150
Shikoku,2010,125,68,13,2,208,3572700,5117500,8325000,3000000,20015200,1,2,,6,5,176,,4,,16,,,,,,4,6,208,19200,33000,7368000,205000,7890000,,,4500000,20015200
Kyushu,2010,305,228,40,11,584,6914500,18363000,24320000,20540000,70137500,1,0,0,107,33,390,3,30,0,0,1,47,0,0,0,10,38,584,10000,757000,21118500,3642000,0,25610000,0,19000000,70137500
Okinawa,2010,108,21,6,,135,1799000,2089000,2565000,,6453000,3,34,,21,7,70,,10,,,,,,,,,10,135,54500,220500,2898000,3280000,,,,,6453000
Hokkaido,2009,322,38,7,4,371,5835400,5287000,4149000,6200000,21471400,,,3,66,12,266,1,13,2,21,,,,5,,,18,371,,401200,6837200,340000,7293000,,6600000,,21471400
Tohoku,2009,347,225,28,12,612,9876800,22762500,15404000,20380000,68423300,4,0,4,42,42,468,11,75,,,,,3,23,0,4,64,612,1500,504000,20033800,21374000,,,19610000,6900000,68423300
Tokyo,2009,651,801,94,45,1591,19383300,51567000,64211000,130600000,265761300,,,8,103,40,1243,3,171,,,,,10,51,,23,61,1591,,1056800,65524500,47380000,,,64340000,87460000,265761300
Chubu,2009,402,455,60,21,938,9718400,28833500,36264000,47442000,122257900,1,6,14,67,23,754,2,62,,,,,1,39,0,10,41,938,53500,2616800,34463600,22774000,,,38750000,23600000,122257900
Hokuriku,2009,93,81,19,5,198,2340950,6050000,9008750,11250000,28649700,,4,1,24,11,141,,21,,,,,3,4,,4,15,198,78450,168000,7423250,7980000,,,6400000,6600000,28649700
Kansai,2009,1063,434,57,24,1578,15440700,35637000,39046000,61451000,151574700,,,9,703,35,782,1,45,,1,,,7,34,,13,52,1578,,2990700,48944000,24110000,580000,,34050000,40900000,151574700
Chugoku,2009,281,161,12,10,464,6149350,14911800,8033000,19400000,48494150,,,2,85,26,119,6,237,,,3,14,,,,9,37,464,,725350,3688000,16630800,,10950000,,16500000,48494150
Shikoku,2009,127,66,13,2,208,3666700,5022500,8325000,3000000,20014200,1,2,,6,5,176,,4,,16,,,,,,4,6,208,20700,33000,7365500,205000,7890000,,,4500000,20014200
Kyushu,2009,307,226,39,11,583,6972500,18484000,23720000,20540000,69716500,1,0,0,107,33,389,3,30,0,0,1,47,0,0,0,10,38,583,10000,753000,21001500,3642000,0,25310000,0,19000000,69716500
Okinawa,2009,109,18,6,,133,1799950,1914000,2565000,,6278950,3,34,,20,7,69,,10,,,,,,,,,10,133,46450,199500,2753000,3280000,,,,,6278950
Hokkaido,2008,322,38,7,4,371,5781400,5266000,3949000,6200000,21196400,,,4,66,11,266,1,13,2,21,,,,5,,,18,371,,399700,6763700,340000,7093000,,6600000,,21196400
Tohoku,2008,348,224,27,12,611,9809800,22942500,14604000,17730000,65086300,4,0,4,42,43,467,11,75,,,,,2,24,0,3,64,611,1500,494000,19856800,21124000,,,19310000,4300000,65086300
Tokyo,2008,657,793,93,45,1588,19549300,51027000,63611000,130600000,264787300,,,8,102,40,1242,3,170,,,,,10,51,,23,61,1588,,1047800,65159500,46780000,,,64340000,87460000,264787300
Chubu,2008,406,450,60,21,937,9849400,28540500,36054000,47442000,121885900,1,6,14,68,23,752,2,62,,,,,1,39,,10,41,937,53500,2610800,34323600,22748000,,,38550000,23600000,121885900
Hokuriku,2008,93,80,19,5,197,2334950,5985000,9008750,11250000,28578700,,4,1,23,11,141,,21,,,,,3,4,,4,15,197,78450,157500,7362750,7980000,,,6400000,6600000,28578700
Kansai,2008,1061,427,56,24,1568,15851150,35169000,38246000,61401000,150667150,,,11,693,34,783,1,44,,1,,,7,34,,13,53,1568,,2988150,48805000,23394000,580000,,34000000,40900000,150667150
Chugoku,2008,278,160,12,10,460,6121350,14798050,8013000,19400000,48332400,,,2,81,26,119,6,237,,,3,14,,,,9,37,460,,709350,3683000,16490050,,10950000,,16500000,48332400
Shikoku,2008,126,66,13,2,207,3649200,4999500,8325000,3000000,19973700,1,2,,6,5,175,,4,,16,,,,,,4,6,207,20700,33000,7348000,182000,7890000,,,4500000,19973700
Kyushu,2008,307,223,39,11,580,7004500,18240000,23720000,19540000,68504500,1,0,0,105,33,388,3,30,0,0,1,47,0,0,0,10,38,580,10000,737000,20805500,3642000,0,25310000,0,18000000,68504500
Okinawa,2008,110,18,6,,134,1844200,1789000,2555000,,6188200,3,34,,20,7,70,,10,,,,,,,,,10,134,46400,194500,2792300,3155000,,,,,6188200
Hokkaido,2007,322,37,6,4,369,5729400,5211000,3049000,5600000,19589400,0,0,4,66,11,265,1,13,2,21,0,0,0,4,0,0,18,369,0,397000,6659400,340000,7093000,0,5100000,0,19589400
Tohoku,2007,347,224,26,12,609,9728800,23067500,13984000,17730000,64510300,4,0,4,43,43,464,11,75,,,,,2,24,0,3,64,609,1500,500000,19674800,20724000,,,19310000,4300000,64510300
Tokyo,2007,662,787,93,45,1587,19757300,51008000,63771000,130600000,265136300,,,8,103,41,1239,3,171,,,,,10,51,,23,62,1587,,1073800,65022500,47240000,,,64340000,87460000,265136300
Chubu,2007,407,450,61,20,938,9774400,28492500,36750000,46390000,121406900,3,5,12,68,23,754,2,62,,,,,1,39,,10,41,938,54000,2596300,34253600,22703000,,,38200000,23600000,121406900
Hokuriku,2007,93,78,19,5,195,2316450,5585000,9008750,10850000,27760200,,4,1,23,10,140,,20,,,,,3,4,,4,14,195,76950,157500,7245750,7680000,,,6000000,6600000,27760200
Kansai,2007,1056,423,56,24,1559,15835900,34770000,38086000,61411000,150102900,,,12,686,34,781,1,44,,1,,,7,34,,13,54,1559,,2963900,48429000,23230000,580000,,34000000,40900000,150102900
Chugoku,2007,275,158,12,10,455,6075350,14682050,7983000,19400000,48140400,,,2,79,26,119,5,234,,,3,14,,,,9,36,455,,695350,3645000,16350050,,10950000,,16500000,48140400
Shikoku,2007,127,65,13,2,207,3643200,4944500,8325000,3000000,19912700,1,2,,6,6,175,,4,,16,,,,,,4,7,207,20700,33000,7322000,147000,7890000,,,4500000,19912700
Kyushu,2007,306,220,39,11,576,7080500,18025000,23890000,19540000,68535500,1,,,102,33,386,3,31,,,1,47,,,,10,38,576,10000,712000,20571500,3752000,,25490000,,18000000,68535500
Okinawa,2007,109,18,6,,133,1834000,1781000,2555000,,6170000,3,34,,20,7,69,,10,,,,,,,,,10,133,46200,194500,2774300,3155000,,,,,6170000
Hokkaido,2006,323,36,6,4,369,5731650,5051000,3049000,5600000,19431650,1,,3,66,11,265,1,13,2,21,,,,4,,,18,369,300,392950,6605400,340000,6993000,,5100000,,19431650
Tohoku,2006,347,220,26,12,605,9683800,22337500,13933000,17730000,63684300,4,,4,43,42,461,10,74,,,,,2,24,,3,62,605,1500,500000,19409800,20163000,,,19310000,4300000,63684300
Tokyo,2006,668,777,93,45,1583,19956300,50454000,63316000,129550000,263276300,,,8,102,42,1235,2,173,,,,,10,50,,23,62,1583,,1051800,64529500,47545000,,,62690000,87460000,263276300
Chubu,2006,407,448,60,20,935,9774400,28388500,36110000,46340000,120612900,3,5,12,68,24,752,2,62,,,,,1,38,,10,42,935,54000,2596300,34209600,22503000,,,37650000,23600000,120612900
Hokuriku,2006,92,78,19,5,194,2263450,5585000,8948750,10850000,27647200,,4,1,23,10,139,,20,,,,,3,4,,4,14,194,76950,154500,7195750,7620000,,,6000000,6600000,27647200
Kansai,2006,1048,415,56,24,1543,16184400,34156000,38046000,61401000,149787400,,,12,670,34,781,1,44,,1,,,7,34,,13,54,1543,,2892400,48195000,23220000,580000,,34000000,40900000,149787400
Chugoku,2006,270,159,12,10,451,5922250,14718050,7983000,19400000,48023300,,,2,77,27,119,5,232,,,3,14,,,,9,37,451,,685250,3632000,16256050,,10950000,,16500000,48023300
Shikoku,2006,127,64,13,2,206,3662700,4877000,8325000,3000000,19864700,1,2,,6,6,174,,4,,16,,,,,,4,7,206,20700,33000,7274000,147000,7890000,,,4500000,19864700
Kyushu,2006,311,217,38,11,577,7223500,18009000,23390000,19540000,68162500,1,,,102,33,386,3,32,,,1,47,,,,10,38,577,10000,703000,20397500,3812000,,25240000,,18000000,68162500
Okinawa,2006,109,17,5,,131,1849900,1717000,2125000,,5691900,3,34,,20,6,68,,9,,,,,,,,,9,131,45600,188500,2702800,2755000,,,,,5691900
Hokkaido,2005,323,36,6,4,369,5700250,5051000,3049000,5500000,19300250,1,,3,66,11,265,1,13,2,21,,,,4,,,18,369,300,388550,6578400,340000,6893000,,5100000,,19300250
Tohoku,2005,350,218,26,11,605,9744800,22077500,13933000,16080000,61835300,4,,4,44,42,461,9,74,,,,,2,23,,3,61,605,1500,506000,19294800,19923000,,,17810000,4300000,61835300
Tokyo,2005,673,768,92,44,1577,20134300,49290000,62606000,127320000,259350300,,,9,102,42,1233,2,171,,,,,9,48,,23,62,1577,,1053800,64126500,46850000,,,60360000,86960000,259350300
Chubu,2005,407,448,60,20,935,9751400,28358500,36110000,45890000,120109900,3,5,12,68,24,752,2,62,,,,,1,38,,10,42,935,54000,2590300,34162600,22503000,,,37200000,23600000,120109900
Hokuriku,2005,93,77,19,5,194,2299450,5535000,8948750,10850000,27633200,,4,1,23,10,139,,20,,,,,3,4,,4,14,194,76950,148500,7187750,7620000,,,6000000,6600000,27633200
Kansai,2005,1039,417,56,24,1536,15902150,34156000,38046000,61401000,149505150,,,15,663,37,781,1,44,,1,,,7,34,,13,60,1536,,2895150,47910000,23220000,580000,,34000000,40900000,149505150
Chugoku,2005,264,158,12,10,444,5872950,14668050,7983000,19400000,47924000,,,3,70,27,119,5,232,,,3,14,,,,9,38,444,,654950,3573000,16246050,,10950000,,16500000,47924000
Shikoku,2005,126,64,13,2,205,3619200,4857000,8325000,3000000,19801200,1,2,,6,6,173,,4,,16,,,,,,4,7,205,20700,33000,7210500,147000,7890000,,,4500000,19801200
Kyushu,2005,310,216,37,12,575,7147500,17689000,22125000,20605000,67566500,1,,,102,33,385,3,32,,,1,46,,,,10,38,575,10000,702000,20302500,3812000,,24740000,,18000000,67566500
Okinawa,2005,107,18,5,,130,1821800,1767000,2125000,,5713800,4,34,,19,6,68,,9,,,,,,,,,10,130,48500,187500,2722800,2755000,,,,,5713800
Hokkaido,2004,325,34,6,4,369,5710750,5011000,2949000,5500000,19170750,1,,3,66,11,265,1,13,2,21,,,,4,,,18,369,300,377050,6550400,350000,6793000,,5100000,,19170750
Tohoku,2004,351,216,27,10,604,9705800,21876500,14533000,14830000,60945300,4,,4,44,42,460,9,74,,,,,2,23,,3,61,604,1500,506000,19174800,19803000,,,17160000,4300000,60945300
Tokyo,2004,671,766,92,44,1573,20128500,49140000,62606000,125090000,256964500,,5,9,94,42,1232,2,171,,,,,9,48,,23,62,1573,25000,1063000,63936500,46850000,,,60130000,84960000,256964500
Chubu,2004,408,447,60,20,935,9751400,28368500,36110000,45440000,119669900,3,5,12,68,24,752,2,62,,,,,1,38,,10,42,935,54000,2590300,34172600,22503000,,,36750000,23600000,119669900
Hokuriku,2004,93,77,19,5,194,2303450,5535000,8948750,10850000,27637200,,4,1,23,10,139,,20,,,,,3,4,,4,14,194,76950,152500,7187750,7620000,,,6000000,6600000,27637200
Kansai,2004,1041,415,56,24,1536,15984150,33972000,38046000,61395000,149397150,,,15,662,34,782,1,44,,1,,,7,34,,13,57,1536,,2892150,47805000,23220000,580000,,34000000,40900000,149397150
Chugoku,2004,261,158,12,10,441,5825950,14668050,7683000,19400000,47577000,,,3,68,27,119,5,231,,,3,14,,,,9,38,441,,636950,3569000,16221050,,10650000,,16500000,47577000
Shikoku,2004,127,62,13,2,204,3679200,4742000,8325000,3000000,19746200,1,2,,6,6,173,,3,,16,,,,,,4,7,204,20700,33000,7170500,132000,7890000,,,4500000,19746200
Kyushu,2004,309,212,37,12,570,7101500,17264000,22125000,20605000,67095500,,,,103,33,380,3,32,,,1,45,,,,10,37,570,,706000,19987500,3812000,,24590000,,18000000,67095500
Okinawa,2004,105,18,5,,128,1770300,1757000,2125000,,5652300,4,32,,19,6,68,,9,,,,,,,,,10,128,47000,187500,2662800,2755000,,,,,5652300
Hokkaido,2003,322,34,6,4,366,5672950,5011000,2949000,4900000,18532950,,,3,66,11,262,1,13,1,21,,,,4,,,16,366,,374050,6515900,350000,6793000,,4500000,,18532950
Tohoku,2003,350,217,25,8,600,9612800,22674500,13574000,12800000,58661300,4,,4,44,42,458,9,73,,,,,2,22,,3,61,600,1500,506000,19011800,19382000,,,15460000,4300000,58661300
Tokyo,2003,671,765,92,44,1572,20067000,49055000,62506000,124940000,256568000,,5,,95,,1230,,171,,,,,,48,,23,,1572,25000,1062500,63790500,46750000,,,59980000,84960000,256568000
Chubu,2003,408,447,60,20,935,9751400,28454500,36110000,45890000,120205900,3,5,12,68,24,752,2,62,,,,,1,38,,10,42,935,54000,2590300,34198600,22563000,,,37200000,23600000,120205900
Hokuriku,2003,92,77,19,5,193,2073000,5335000,8828750,10450000,26686750,,4,1,23,9,138,,20,,,,,3,4,,4,13,193,28000,133000,7025750,7500000,,,5400000,6600000,26686750
Kansai,2003,1041,412,56,24,1533,16082650,33770000,38006000,61395000,149253650,,,12,660,34,781,1,44,,1,,,7,34,,13,54,1533,,2890650,47663000,23220000,580000,,34000000,40900000,149253650
Chugoku,2003,257,158,11,10,436,5810950,14671050,7083000,19400000,46965000,,,3,64,29,119,5,231,,,3,13,,,,9,40,436,,616950,3569000,16229050,,10050000,,16500000,46965000
Shikoku,2003,125,62,14,1,202,3611700,4742000,9075000,1500000,18928700,1,2,,6,6,171,,3,,16,,,,,,4,7,202,20700,33000,7103000,132000,7890000,,,3750000,18928700
Kyushu,2003,309,207,37,12,565,7090500,16554000,22105000,20605000,66354500,,,,103,32,378,3,30,,,1,44,,,,10,36,565,,706000,19796500,3512000,,24340000,,18000000,66354500
Okinawa,2003,106,18,4,,128,1797000,1947000,1705000,,5449000,4,32,,19,6,68,,9,,,,,,,,,10,128,46700,187500,2609800,2605000,,,,,5449000
Hokkaido,2002,320,33,6,4,363,5674450,4741000,2949000,4900000,18264450,,,3,64,11,262,1,13,1,20,,,,4,,,16,363,,364550,6456900,350000,6593000,,4500000,,18264450
Tohoku,2002,355,211,25,8,599,9688300,21914500,13264000,12800000,57666800,4,,4,43,40,462,9,70,,,,,2,21,,3,59,599,1500,500000,18864300,18941000,,,15060000,4300000,57666800
Tokyo,2002,668,761,92,44,1565,20097350,48785000,62486000,125990000,257358350,,5,,92,,1227,,170,,,,,,48,,23,,1565,25000,1082850,63580500,46680000,,,59530000,86460000,257358350
Chubu,2002,408,445,60,20,933,9773400,28350500,36188000,45890000,120201900,3,5,12,70,25,750,2,61,,,,,1,38,,9,43,933,54000,2580300,34214600,22553000,,,37200000,23600000,120201900
Hokuriku,2002,91,77,19,5,192,2080500,5320000,8828750,10050000,26279250,,4,,22,,138,,20,,,,,,4,,4,,192,28000,128500,7022750,7500000,,,5000000,6600000,26279250
Kansai,2002,1030,412,55,24,1521,16025400,33779000,37656000,61395000,148855400,,,12,648,33,782,1,43,,1,,,7,34,,13,53,1521,,2841400,47564000,22970000,580000,,34000000,40900000,148855400
Chugoku,2002,252,158,11,10,431,5757950,14666050,7083000,19400000,46907000,,,3,60,28,119,5,230,,,3,13,,,,9,39,431,,618950,3554000,16184050,,10050000,,16500000,46907000
Shikoku,2002,124,62,14,1,201,3586700,4747000,9075000,1500000,18908700,1,2,,6,6,170,,3,,16,,,,,,4,7,201,20700,33000,7083000,132000,7890000,,,3750000,18908700
Kyushu,2002,307,208,36,12,563,7046500,16734000,21445000,20605000,65830500,,,,103,32,376,3,31,,,1,43,,,,10,36,563,,712000,19666500,3662000,,23790000,,18000000,65830500
Okinawa,2002,103,16,4,,123,1807200,1817000,1705000,,5329200,4,32,,14,6,68,,9,,,,,,,,,10,123,47400,160000,2516800,2605000,,,,,5329200
Hokkaido,2001,317,33,6,4,360,5576450,4741000,2949000,4900000,18166450,,,3,64,11,259,1,13,1,20,,,,4,,,16,360,,360550,6362900,350000,6593000,,4500000,,18166450
Tohoku,2001,358,204,25,8,595,9764700,21364000,13214000,12350000,56692700,4,,5,45,39,457,9,69,,,,,2,21,,3,59,595,1500,513000,18567200,18701000,,,14610000,4300000,56692700
Tokyo,2001,663,760,91,44,1558,19959350,48661000,62086000,125990000,256696350,,,10,95,42,1225,2,167,,,,,9,48,,23,63,1558,,1079850,63396500,46230000,,,59530000,86460000,256696350
Chubu,2001,408,444,60,20,932,9762400,28311000,36338000,45890000,120301400,3,5,12,70,25,749,3,61,,,,,1,38,,9,44,932,54000,2580300,34164100,22703000,,,37200000,23600000,120301400
Hokuriku,2001,94,74,18,5,191,2150500,5130000,8428750,10050000,25759250,,4,1,22,9,138,,19,,,,,2,4,,4,12,191,28000,128500,6902750,7100000,,,5000000,6600000,25759250
Kansai,2001,1023,408,55,24,1510,16110900,33283000,37406000,60145000,146944900,,,12,638,33,782,1,43,,1,,,7,33,,13,53,1510,,2820900,47474000,22720000,580000,,33450000,39900000,146944900
Chugoku,2001,244,158,11,10,423,5603000,14656050,7083000,19400000,46742050,,,3,57,28,118,5,226,,,3,13,,,,9,39,423,,594000,3539000,16059050,,10050000,,16500000,46742050
Shikoku,2001,122,61,14,1,198,3535200,4682000,8775000,1500000,18492200,1,2,,5,6,168,,3,,16,,,,,,4,7,198,20700,27000,6972500,132000,7590000,,,3750000,18492200
Kyushu,2001,305,206,36,10,557,6917500,16254000,21445000,18605000,63221500,,,,103,31,374,3,30,,,1,42,,,,8,35,557,,705000,19504500,3472000,,23540000,,16000000,63221500
Okinawa,2001,107,16,4,,127,1782650,1817000,1675000,,5274650,4,36,,14,6,68,,9,,,,,,,,,10,127,48850,160000,2460800,2605000,,,,,5274650
Hokkaido,2000,311,35,5,3,354,5473450,5270000,2414000,3500000,16657450,,,3,64,11,253,1,13,1,21,,,,3,,,16,354,,360550,6268900,335000,6393000,,3300000,,16657450
Tohoku,2000,360,197,24,9,590,9865700,20964000,12304000,13392000,56525700,4,,5,45,39,452,9,69,,,,,2,21,,3,59,590,1500,513000,18268200,18701000,,,14742000,4300000,56525700
Tokyo,2000,658,750,92,42,1542,19915300,48281000,62786000,119970000,250952300,,,10,93,43,1212,2,167,,,,,8,48,,22,63,1542,,1076800,62875500,46330000,,,57880000,82790000,250952300
Chubu,2000,412,440,58,20,930,9854400,28106500,35188000,45890000,119038900,3,5,11,72,25,747,3,61,,,,,1,36,,9,43,930,54000,2638800,33993100,22653000,,,36100000,23600000,119038900
Hokuriku,2000,96,71,18,5,190,2250500,4895000,8428750,10050000,25624250,,4,1,21,9,138,,19,,,,,2,4,,4,12,190,28000,122500,6773750,7100000,,,5000000,6600000,25624250
Kansai,2000,1014,406,55,24,1499,16067500,33112000,37406000,61745000,148330500,,,12,631,33,778,1,43,,1,,,7,33,,13,53,1499,,2820500,47260000,22720000,580000,,34050000,40900000,148330500
Chugoku,2000,243,153,11,9,416,5662000,14211050,7083000,18400000,45356050,,,3,54,26,119,5,222,,,3,13,,,,8,37,416,,578000,3449000,15779050,,10050000,,15500000,45356050
Shikoku,2000,120,60,14,1,195,3480200,4592000,8760000,1500000,18332200,1,2,,5,5,165,,3,,16,,,,,,4,6,195,20700,27000,6822500,122000,7590000,,,3750000,18332200
Kyushu,2000,302,205,37,9,553,6770500,16084000,22210000,17540000,62604500,,,,103,31,370,3,30,,,1,42,,,,8,35,553,,708000,19184500,3472000,,23240000,,16000000,62604500
Okinawa,2000,106,16,3,,125,1763150,1818000,1255000,,4836150,4,35,,14,7,67,,9,,,,,,,,,11,125,47850,147500,2414800,2226000,,,,,4836150
Hokkaido,1999,308,36,5,3,352,5421500,5410000,2414000,3500000,16745500,,,3,63,14,250,1,15,1,21,,,,3,,,19,352,,358600,6232900,461000,6393000,,3300000,,16745500
Tohoku,1999,355,194,24,9,582,9673200,20693000,12284000,13382000,56032200,3,,5,48,37,441,8,69,,,,,2,21,,3,55,582,1500,542000,17765700,18681000,,,14742000,4300000,56032200
Tokyo,1999,660,735,89,41,1525,20011260,47256000,60846000,116970000,245083260,,,10,92,42,1201,2,165,,,,,8,46,,21,62,1525,,1083300,62129960,45700000,,,56380000,79790000,245083260
Chubu,1999,420,429,60,18,927,9950400,27456500,36543000,43150000,117099900,3,6,11,74,25,741,3,61,,,,,1,36,,9,43,927,66000,2650800,33445100,22388000,,,34950000,23600000,117099900
Hokuriku,1999,91,70,17,5,183,2145500,4835000,7628750,10050000,24659250,,3,1,20,9,135,,18,,,,,2,3,,4,12,183,23000,116500,6629750,7090000,,,4200000,6600000,24659250
Kansai,1999,1565,398,55,23,1475,15967750,32424000,37406000,58745000,144542750,,,11,1182,33,772,1,41,,1,,,7,33,,12,52,2041,,2792750,46812000,22410000,580000,,34048000,37900000,144542750
Chugoku,1999,237,151,11,9,408,5574000,13979250,7023000,18400000,44976250,,,5,51,22,119,5,217,,,3,13,,,,8,35,408,,514000,3213000,15526250,,8523000,,17200000,44976250
Shikoku,1999,121,59,14,1,195,3483700,4497000,8760000,1500000,18240700,1,2,,5,5,165,,3,,16,,,,,,4,6,195,20700,27000,6731000,122000,7590000,,,3750000,18240700
Kyushu,1999,296,202,37,9,544,6641500,15610000,21960000,17540000,61751500,1,,,100,32,364,3,31,,,1,41,,,,8,37,544,2000,690000,18826500,3493000,,22740000,,16000000,61751500
Okinawa,1999,105,16,3,,124,1708150,1818000,1255000,,4781150,4,36,,12,7,67,,9,,,,,,,,,11,124,48850,131500,2374800,2226000,,,,,4781150
Hokkaido,1998,309,34,4,3,350,5460500,5384000,1988000,3500000,16332500,,,3,63,14,248,,16,1,20,,,,3,,,18,350,,358600,6119900,461000,6093000,,3300000,,16332500
Tohoku,1998,356,184,24,7,571,9672200,19674000,12354000,11032000,52732200,1,,2,50,26,432,6,68,,,,,2,18,,3,37,571,1500,539500,17218200,17881000,,,12792000,4300000,52732200
Tokyo,1998,656,717,86,39,1498,19985960,45906000,58736000,112970000,237597960,,,11,89,41,1182,1,164,,,,,8,44,,19,61,1498,,1094000,60693960,45140000,,,54880000,75790000,237597960
Chubu,1998,420,420,56,17,913,9824400,26942500,34133000,41300000,112199900,3,6,11,76,24,733,3,58,,,,,1,31,,9,42,913,66000,2700800,32855100,21378000,,,31600000,23600000,112199900
Hokuriku,1998,92,67,17,5,181,2161500,4645000,7628750,9050000,23485250,,3,1,20,9,133,,18,,,,,2,3,,4,12,181,23000,116500,6455750,7090000,,,4200000,5600000,23485250
Kansai,1998,982,396,54,23,1450,15806550,32387000,36962000,58745000,143892850,,,1,603,32,766,1,40,,1,,,7,33,,12,41,1455,,2794550,46569000,21910000,580000,,34147000,37900000,143900550
Chugoku,1998,229,150,11,9,399,5370000,13674250,7023000,18400000,44467250,,,3,48,25,116,5,215,,,3,12,,,,8,36,399,,551000,3339000,15327250,,9750000,,15500000,44467250
Shikoku,1998,126,53,13,1,193,3592500,3997000,7990000,1500000,17079500,,2,,5,4,165,,3,,15,,,,,,3,4,193,19500,27000,6521000,122000,7390000,,,3000000,17079500
Kyushu,1998,298,198,35,9,540,6691500,15735000,20775000,17540000,60741500,1,,,99,32,361,3,31,,,1,41,,,,8,37,540,2000,684000,18372500,3493000,,22190000,,16000000,60741500
Okinawa,1998,105,15,3,,123,1728150,1759000,1255000,,4742150,5,36,,12,7,66,,9,,,,,,,,,12,123,51850,128500,2335800,2226000,,,,,4742150
Hokkaido,1997,305,33,4,3,345,5323750,5069000,1968000,3500000,15873500,,,3,63,13,244,1,16,1,19,,,,3,,,18,345,,351850,5894900,521000,5793000,,3300000,,15860750
Tohoku,1997,358,172,24,7,561,9680700,18102500,12334000,11032000,51149200,1,,2,52,22,425,6,64,,,,,2,18,,2,33,561,1500,551500,16723200,17181000,,,12692000,4000000,51149200
Tokyo,1997,659,695,88,38,1480,19922960,44194000,59418000,110020000,233554960,,,11,90,40,1166,2,161,,,,,8,44,,19,61,1480,,1114000,59570960,44450000,,,53230000,75190000,233554960
Chubu,1997,417,416,56,17,906,9640350,26676500,33682000,40600000,110598850,2,6,12,79,24,723,3,58,,,,,1,31,,9,42,906,65500,2759250,32346100,21178000,,,30650000,23600000,110598850
Hokuriku,1997,90,64,16,5,175,2110500,4310000,7278750,8950000,22649250,,3,1,19,9,129,,18,,,,,2,3,,3,12,175,23000,110500,6225750,6940000,,,4100000,5250000,22649250
Kansai,1997,956,388,53,22,1419,15789550,31808000,36377000,57615000,141589550,,,8,577,30,758,1,39,,1,,,7,32,,12,46,1419,,2706550,45846000,21010000,580000,,33547000,37900000,141589550
Chugoku,1997,221,148,10,9,388,5211000,13504250,6423000,18400000,43538250,,,3,46,25,115,5,208,,,3,11,,,,8,36,388,,531000,3275000,15082250,,9150000,,15500000,43538250
Shikoku,1997,126,52,13,1,192,3515000,3897000,7990000,1500000,16902000,,2,,5,4,164,,3,,15,,,,,,3,4,192,19500,27000,6343500,122000,7390000,,,3000000,16902000
Kyushu,1997,300,191,34,9,534,6805500,15430000,19995000,16040000,58270500,1,,,97,33,355,4,33,,,1,41,,,,8,39,534,2000,668000,17827500,3633000,,21640000,,14500000,58270500
Okinawa,1997,103,15,3,,121,1690350,1719000,1255000,,4664350,5,36,,12,7,64,,9,,,,,,,,,12,121,76550,116000,2245800,2226000,,,,,4664350
Hokkaido,1996,296,35,5,1,337,5117250,5191500,2548000,1200000,14059750,,,3,62,12,237,1,16,1,20,,,,2,,,17,337,,348850,5731900,515000,5661000,,1800000,,14056750
Tohoku,1996,360,159,23,7,549,9713700,17008500,11620000,11032000,49374200,1,3,2,49,21,417,6,61,,,,,2,17,,2,32,549,1500,551500,16082200,16647000,,,12092000,4000000,49374200
Tokyo,1996,664,667,86,38,1455,20138960,42462000,57767000,107670000,228037960,,,11,91,40,1144,2,157,,,,,7,44,,19,60,1455,,1144000,57887960,43626000,,,52090000,73290000,228037960
Chubu,1996,414,412,54,17,897,9523850,26416500,31522000,40600000,108062350,2,5,11,78,23,716,3,58,,,,,1,31,,9,40,897,55500,2747750,31981100,20978000,,,29500000,22800000,108062350
Hokuriku,1996,87,62,16,4,169,2055500,4190000,7268750,7200000,20714250,,3,1,19,9,124,,18,,,,,2,3,,2,12,169,23000,110500,6040750,6940000,,,4100000,3500000,20714250
Kansai,1996,910,383,53,22,1368,15495200,30999000,36157000,55615000,138266200,,,7,537,30,748,1,39,,1,,,7,31,,12,45,1368,,2595200,45134000,21010000,380000,,33247000,35900000,138266200
Chugoku,1996,210,146,10,8,374,4959000,13249250,6423000,15900000,40531250,,,3,45,25,111,5,200,,,2,11,,,,7,35,374,,525000,3139000,14717250,,8650000,,13500000,40531250
Shikoku,1996,130,47,13,1,191,3632500,3627000,7990000,1500000,16749500,,2,,5,4,163,,3,,15,,,,,,3,4,191,19500,27000,6191000,122000,7390000,,,3000000,16749500
Kyushu,1996,285,184,34,9,512,6685500,14640000,19695000,15790000,56810500,1,,,84,34,347,4,34,,,1,39,,,,8,40,512,2000,586000,17419500,3813000,,20490000,,14500000,56810500
Okinawa,1996,103,16,2,,121,1675600,1944000,830000,,4449600,5,36,,12,7,64,,9,,,,,,,,,12,121,73800,104000,2245800,2026000,,,,,4449600
Hokkaido,1995,293,33,5,1,332,5072750,5015500,2548000,1200000,13825750,,,3,67,12,227,1,17,,19,,,,2,,,16,332,,377350,5574900,523000,5561000,,1800000,,13836250
Tohoku,1995,359,147,23,7,536,9640200,15979000,11610000,11032000,48261200,1,,2,51,21,407,6,59,,,,,2,17,,2,32,536,1500,538500,15382200,16247000,,,12092000,4000000,48261200
Tokyo,1995,676,639,80,38,1433,20588960,41704000,54326000,107360000,223978960,,,9,93,38,1125,2,153,,,,,6,43,,19,55,1433,,1179000,56482960,42147000,,,50880000,73290000,223978960
Chubu,1995,408,405,54,17,884,9404850,26093500,31072000,39600000,106170350,2,5,12,78,23,705,3,58,,,,,1,30,,8,41,884,55500,2743750,31553100,20968000,,,29050000,21800000,106170350
Hokuriku,1995,85,59,16,2,162,2007000,3921000,7948750,2200000,16076750,,3,1,18,8,121,,16,,,,,,4,,,9,162,23000,104500,5859250,6390000,,,3700000,,16076750
Kansai,1995,892,378,53,22,1345,15333200,30343000,35887000,55615000,137178200,,,12,522,31,740,1,39,,1,,,7,31,,12,51,1345,,2536200,44355000,20760000,380000,,33247000,35900000,137178200
Chugoku,1995,203,139,10,8,360,4846000,12704250,6423000,15900000,39873250,,,4,42,25,109,5,191,,,2,11,,,,7,36,360,,532000,3064000,14127250,,8650000,,13500000,39873250
Shikoku,1995,129,46,13,1,189,3553000,3237000,7690000,1500000,15980000,,2,,5,4,161,,3,,15,,,,,,3,4,189,19500,27000,5951500,122000,6860000,,,3000000,15980000
Kyushu,1995,233,182,32,7,454,6340000,14940000,18375000,12290000,51945000,1,,,32,34,343,4,34,,,1,39,,,,6,40,454,2000,220500,17119500,3813000,,19790000,,11000000,51945000
Okinawa,1995,101,16,2,,119,1481650,1924000,830000,,4235650,,,5,50,7,60,,9,,,,,,,,,12,119,,196850,2012800,2026000,,,,,4235650
Hokkaido,1994,291,31,5,1,328,4982750,4665500,2548000,1200000,13390250,,,3,68,11,222,1,18,,18,,,,2,,,15,328,,383350,5427900,524000,5261000,,1800000,,13396250
Tohoku,1994,347,140,21,7,515,9198700,14920000,10120000,11032000,45270700,1,,3,52,22,389,6,58,,,,,2,14,,2,34,515,1500,551500,14628700,15797000,,,10292000,4000000,45270700
Tokyo,1994,682,611,79,38,1410,20769960,39719000,53451000,105860000,219799960,,,8,93,38,1104,2,153,,,,,6,41,,19,54,1410,,1173000,55019960,41837000,,,49980000,71790000,219799960
Chubu,1994,407,396,52,16,871,9365310,25591500,30192000,37600000,102748810,2,5,12,78,23,695,3,56,,,,,1,30,,7,41,871,55500,2701210,31054100,20088000,,,29050000,19800000,102748810
Hokuriku,1994,82,57,16,2,157,1964000,3776000,7948750,2200000,15888750,,3,1,17,8,117,,16,,,,,,4,,,9,157,23000,98500,5677250,6390000,,,3700000,,15888750
Kansai,1994,872,357,53,20,1302,15751000,28556000,35291000,51500000,131098000,,,12,494,31,727,,40,,1,,,7,28,,12,50,1302,,2472000,42989000,20560000,380000,,30797000,33900000,131098000
Chugoku,1994,191,133,11,7,342,4606000,12415500,6723000,13300000,37044500,,,3,41,25,103,5,180,,,1,12,,,,6,34,342,,517000,2944000,13733500,,8350000,,11500000,37044500
Shikoku,1994,132,42,13,1,188,3555500,3002000,7690000,1500000,15747500,,2,,5,4,160,,3,,15,,,,,,3,4,188,19500,27000,5719000,122000,6860000,,,3000000,15747500
Kyushu,1994,234,179,32,7,452,6323500,14342000,18100000,12290000,51055500,1,,,32,33,342,4,34,,,1,38,,,,6,39,452,2000,220500,16890000,3753000,,19190000,,11000000,51055500
Okinawa,1994,99,15,2,,116,1381850,1695000,830000,,3976850,,,5,48,6,60,,8,,,,,,,,,11,116,,162050,1988800,1826000,,,,,3976850
Hokkaido,1993,287,30,5,1,323,4856550,4505500,2428000,1200000,12972050,,,3,71,,215,1,17,,18,,,,2,,,4,323,,400150,5240900,488000,5061000,,1800000,,12990050
Tohoku,1993,352,127,22,5,506,9175200,14229000,11020000,5832000,40256200,1,,2,57,20,377,6,56,,,,,,16,,,29,506,1500,574500,13841200,15547000,,,10292000,,40256200
Tokyo,1993,672,594,78,38,1382,20470960,38699000,52506000,105110000,216785960,,,7,92,38,1082,2,148,,,,,6,41,,19,53,1382,,1215000,53708960,41142000,,,49680000,71040000,216785960
Chubu,1993,404,380,51,16,851,9347310,24719500,29492000,37600000,101158810,1,6,13,79,23,675,3,55,,,,,1,29,,7,41,851,55500,2748210,30142100,19663000,,,28750000,19800000,101158810
Hokuriku,1993,80,56,15,2,153,1864500,3716000,7348750,2200000,15129250,1,3,,17,8,114,,15,,,,,,4,,,9,153,16000,98500,5524750,5790000,,,3700000,,15129250
Kansai,1993,856,344,51,20,1271,15758700,27220000,33676000,50750000,127404700,,,12,469,29,723,,40,,1,,,7,26,,12,48,1271,,2443700,41554000,20580000,380000,,29297000,33150000,127404700
Chugoku,1993,186,127,10,7,330,4491800,11586500,6223000,13300000,35601300,1,,3,39,26,101,5,173,,,1,11,,,,6,36,330,3000,501000,2866000,12981300,,7750000,,11500000,35601300
Shikoku,1993,132,41,13,,186,3489250,2922000,7690000,,14101250,,3,,5,4,158,,3,,15,,,,,,2,4,186,23250,27000,5569000,122000,6860000,,,1500000,14101250
Kyushu,1993,230,176,31,7,444,6150500,14307000,17755000,12290000,50502500,1,,,32,33,334,4,35,,,1,37,,,,6,39,444,2000,220500,16397000,3943000,,18940000,,11000000,50502500
Okinawa,1993,100,16,1,,117,1383200,1935000,390000,,3708200,,,5,50,6,59,,8,,,,,,,,,11,117,,161400,1920800,1626000,,,,,3708200
Hokkaido,1992,279,29,5,1,314,4513050,4200500,2328000,1200000,12278550,,,1,72,2,206,1,16,,18,,,,2,,,4,314,,397650,4769900,463000,4811000,,1800000,,12241550
Tohoku,1992,353,116,20,4,493,9113700,13147500,10479000,4682000,37422200,1,,2,55,19,369,6,54,,,,,,15,,,28,493,1500,552500,13054200,14222000,,,9592000,,37422200
Tokyo,1992,682,567,78,36,1363,20734960,36919000,52566000,100210000,210429960,,,8,89,39,1069,2,146,,,,,5,42,,17,54,1363,,1191000,52426960,40392000,,,49380000,67040000,210429960
Chubu,1992,405,348,49,15,817,9393710,22887500,27834000,35550000,95665210,1,6,12,78,23,647,3,53,,,,,1,26,,7,40,817,55500,2658210,28470500,19381000,,,26300000,18800000,95665210
Hokuriku,1992,81,53,14,1,149,1883830,3910000,7298750,1100000,14192580,,3,1,17,7,110,,15,,,,,,4,,,8,149,12000,98500,5192080,5590000,,,3300000,,14192580
Kansai,1992,839,312,52,19,1222,16115950,24378000,34176000,47950000,122619950,1,,12,431,29,713,,40,,1,,,7,26,,11,49,1222,3000,2339950,39390000,20560000,380000,,28097000,31850000,122619950
Chugoku,1992,177,120,9,7,313,4310800,10865500,5073000,12150000,32399300,1,,4,35,16,100,5,162,,,1,10,,,,6,27,313,3000,453000,2730000,12263300,,6450000,,10500000,32399300
Shikoku,1992,137,36,11,,184,3626750,2617000,6190000,,12433750,,3,,5,4,158,,3,,15,,,,,,,4,184,23250,27000,5401500,122000,6860000,,,,12433750
Kyushu,1992,234,166,31,7,438,6136500,13737000,17205000,11290000,48368500,1,,,32,33,328,4,35,,,1,37,,,,6,39,438,2000,220500,15763000,3993000,,18390000,,10000000,48368500
Okinawa,1992,100,16,1,,117,1335050,1951000,390000,,3676050,,,5,54,6,55,,8,,,,,,,,,11,117,,166250,1883800,1626000,,,,,3676050
Hokkaido,1991,275,29,4,1,309,4298550,4448500,1838000,1200000,11789550,,,1,75,2,198,1,16,,18,,,,2,,,4,309,,395150,4496900,472000,4621000,,1800000,,11785050
Tohoku,1991,359,100,16,4,479,8990300,12184500,8530000,4682000,34386800,1,,2,55,18,361,6,48,,,,,,15,,,27,479,1500,551500,12097800,12444000,,,9292000,,34386800
Tokyo,1991,702,526,78,34,1340,21356960,34381000,51866000,95440000,203043960,,,6,87,39,1049,2,147,,,,,5,41,,16,52,1340,,1202000,50511960,40010000,,,48030000,63290000,203043960
Chubu,1991,414,316,49,14,793,9239710,20975500,27067000,32450000,89732210,1,7,12,83,24,619,4,51,,,,,1,26,,7,42,793,61500,2703210,26428500,18089000,,,24650000,17800000,89732210
Hokuriku,1991,82,49,14,1,146,1929830,3595000,7088750,1100000,13713580,,3,1,17,7,107,,15,,,,,,4,,,8,146,12000,98500,4913080,5390000,,,3300000,,13713580
Kansai,1991,808,298,52,19,1177,15982950,22910000,33592000,46100000,118584950,1,,13,394,29,705,,40,,1,,,7,26,,11,50,1177,3000,2215950,38039000,19850000,380000,,27997000,30100000,118584950
Chugoku,1991,177,108,9,7,301,4195300,9855000,5048000,12150000,31248300,1,,4,34,14,97,4,154,,,1,10,,,,6,24,301,3000,438000,2444500,11412800,,6450000,,10500000,31248300
Shikoku,1991,142,31,10,,183,3668750,2577500,5575000,,11821250,1,3,,5,3,157,,3,,15,,,,,,,4,183,26250,27000,5086000,122000,6560000,,,,11821250
Kyushu,1991,240,155,31,6,432,6230500,13194000,17380000,10250000,47054500,1,,,35,33,318,5,36,,,1,37,,,,6,40,432,2000,263500,14820000,4159000,,17810000,,10000000,47054500
Okinawa,1991,101,14,1,,116,1321000,1841000,390000,,3552000,,,5,55,6,53,,8,,,,,,,,,11,116,,157200,1768800,1626000,,,,,3552000
Hokkaido,1990,272,27,4,1,304,4167900,4328500,1838000,1200000,10531800,,,1,77,2,192,1,15,,18,,,,2,,,4,304,,395500,4254900,463000,4621000,,1800000,,11534400
Tohoku,1990,365,89,14,4,472,8919700,11814500,7765000,4682000,33181200,1,,2,54,16,356,6,47,,,,,,15,,,25,472,1500,520900,11340800,12026000,,,9292000,,33181200
Tokyo,1990,744,460,79,29,1312,22489960,31027000,51082000,86290000,190888960,,,9,90,43,1021,2,145,,,,,5,40,,16,59,1312,,1265000,47707960,37766000,,,43860000,60290000,190888960
Chubu,1990,421,286,46,14,767,9197710,19136000,24994000,30200000,83527710,,8,13,86,24,593,4,50,,,,,1,23,,7,42,767,61500,2730210,24480000,17806000,,,22650000,15800000,83527710
Hokuriku,1990,82,47,14,,143,1924830,3760000,6953750,,12638580,,3,1,15,7,106,,15,,,,,,4,,,8,143,12000,86500,4750080,5190000,,,2600000,,12638580
Kansai,1990,791,281,51,19,1142,16136050,21346000,32692000,44600000,114774050,1,,16,368,29,697,,39,,1,,,7,26,,11,53,1142,3000,2140050,36554000,19100000,380000,,27997000,28600000,114774050
Chugoku,1990,170,103,9,7,289,3975000,9400000,5048000,12150000,30573000,1,,4,31,14,92,4,150,,,1,10,,,,6,24,289,3000,420000,2296000,10904000,,6450000,,10500000,30573000
Shikoku,1990,147,26,10,,183,3746250,2277500,5555000,,11578750,1,3,,5,3,157,,3,,15,,,,,,,4,183,26250,27000,4843500,122000,6560000,,,,11578750
Kyushu,1990,245,146,29,6,426,6232846,12945500,16300000,9250000,44728346,1,,,38,32,310,5,36,,,1,36,,,,6,39,426,2000,285846,14081500,4319000,,17040000,,9000000,44728346
Okinawa,1990,100,13,1,,114,1283225,1581000,390000,,3254225,,,5,55,4,52,,7,,,,,,,,,9,114,,173325,1654900,1426000,,,,,3254225
Hokkaido,1989,270,25,3,1,299,4053400,3998500,1238000,1200000,10501900,,,1,76,2,190,1,15,,17,,,,1,,,4,299,,378000,4107900,433000,4371000,,1200000,,10489900
Tohoku,1989,377,75,14,4,470,9088320,10521500,7790000,4682000,32081820,1,,2,54,15,355,7,46,,,,,,15,,,25,470,1500,500520,10806800,11581000,,,9192000,,32081820
Tokyo,1989,781,405,78,27,1291,23513960,27288000,49797000,83020000,183618960,,,10,93,35,1002,2,142,,,,,5,38,,16,52,1291,,1395000,45042960,36421000,,,41220000,59540000,183618960
Chubu,1989,413,267,46,13,739,9008710,18004000,24697060,28800000,80509770,,19,13,77,25,565,4,49,,,,,1,22,,7,43,739,124500,2615210,23324060,17546000,,,21100000,15800000,80509770
Hokuriku,1989,83,44,14,,141,1917562,3550000,6953750,,12421312,,3,1,14,7,106,,14,,,,,,4,,,8,141,12000,74732,4554580,5180000,,,2600000,,12421312
Kansai,1989,776,271,51,18,1116,15836050,20624000,32671000,43600000,112731050,1,,17,352,29,689,,37,,1,,,7,26,,11,54,1116,3000,2131050,35641000,18480000,380000,,27496000,28600000,112731050
Chugoku,1989,176,94,9,7,286,4137000,8837000,5048000,12150000,30172000,1,,3,31,13,89,4,150,,,1,10,,,,6,22,286,3000,411000,2215000,10593000,,6450000,,10500000,30172000
Shikoku,1989,150,22,10,,182,3751000,2010000,5355000,,11116000,1,4,,5,3,156,,3,,14,,,,,,,4,182,28500,27000,4678500,122000,6260000,,,,11116000
Kyushu,1989,253,134,29,6,422,6250846,12020500,16020000,9250000,43541346,1,,,39,31,306,5,36,,,1,35,,,,6,38,422,2000,290846,13429500,4279000,,16540000,,9000000,43541346
Okinawa,1989,101,12,,,113,1273920,1746000,,,3019920,,,4,54,4,52,,7,,,,,,,,,8,113,,163965,1554955,1301000,,,,,3019920
Hokkaido,1988,267,25,4,,296,3958700,3998500,1838000,,9789200,,,1,76,2,187,1,15,,17,,,,1,,,4,296,,366300,4024900,433000,4371000,,600000,,9795200
Tohoku,1988,377,68,15,3,463,8832520,9910500,8522000,3650000,30915020,1,,4,53,14,349,7,46,,,,,,15,,,26,463,1500,488520,10186000,11347000,,,8892000,,30915020
Tokyo,1988,796,357,78,27,1258,23950960,24237000,47809000,78520000,174516960,,,9,100,33,967,2,138,,,,,4,38,,15,48,1258,,1483000,42666960,35487000,,,39840000,55040000,174516960
Chubu,1988,402,253,45,13,713,8712710,16698000,24225060,27890000,77525770,,8,13,86,25,545,4,46,,,,,1,21,,7,43,713,43500,2560210,22378060,17054000,,,19690000,15800000,77525770
Hokuriku,1988,81,43,13,,137,1855562,3775000,6473750,,12104312,,3,,13,,103,,14,,,,,,4,,,,137,12000,68732,4393580,5030000,,,2600000,,12104312
Kansai,1988,761,263,51,18,1093,15842600,20039000,32641000,43600000,112122600,1,,19,333,28,685,,37,,1,,,7,26,,11,55,1093,3000,2088600,35075000,18480000,380000,,27496000,28600000,112122600
Chugoku,1988,173,93,7,8,281,4107000,8775000,3908000,13170000,29960000,1,,3,30,13,88,3,148,,,1,9,,,,6,21,281,3000,434000,2205000,10468000,,6350000,,10500000,29960000
Shikoku,1988,154,16,10,,180,3884500,1690500,5355000,,10930000,1,4,,5,3,154,,3,,14,,,,,,,4,180,28500,27000,4507500,107000,6260000,,,,10930000
Kyushu,1988,261,129,28,6,424,6339846,11902500,15520000,9250000,43012346,1,1,,44,31,302,5,36,,,1,35,,,,6,38,424,5000,348846,13029500,4259000,,16370000,,9000000,43012346
Okinawa,1988,,,,,109,,,,,2914620,,,,,,,,,,,,,,,,,,,,167815,1445805,1301000,,,,,2914620
Hokkaido,1987,263,24,3,,290,3894700,3970500,1398000,,9269200,,,1,76,2,183,1,15,,15,,,,1,,,4,290,,364800,3962400,433000,3903000,,600000,,9263200
Tohoku,1987,382,59,15,2,458,8803520,9301500,8972000,2550000,29627020,1,,4,56,14,345,7,42,,,,,,15,,,26,458,1500,509520,9781000,10743000,,,8592000,,29627020
Tokyo,1987,827,309,75,26,1237,24445960,22046800,46232000,74770000,167494760,,,10,101,31,951,2,133,,,,,4,37,,15,47,1237,,1512000,40192760,34720000,,,38280000,52790000,167494760
Chubu,1987,402,230,44,13,689,8788710,15072000,22983060,27890000,74733770,,8,13,86,26,523,3,47,,,,,1,18,,7,43,689,43500,2523210,21378060,16599000,,,18390000,15800000,74733770
Hokuriku,1987,81,41,12,,134,1902062,3730000,6123750,,11755812,,3,,11,7,102,,14,,,,,,4,,,7,134,12000,56732,4257080,4830000,,,2600000,,11755812
Kansai,1987,751,255,47,18,1071,15703150,19952500,30787000,43300000,109742650,1,,21,322,25,675,,36,,1,,,7,26,,11,54,1071,3000,2113150,34170500,17980000,380000,,26796000,28300000,109742650
Chugoku,1987,169,91,8,7,275,4006000,8706875,4658000,11670000,29040875,1,,2,30,13,87,3,143,,,1,9,,,,6,20,275,3000,404000,2189000,10344875,,6350000,,9750000,29040875
Shikoku,1987,154,18,8,,180,3762000,2180500,4155000,,10097500,1,4,,5,3,154,,3,,14,,,,,,,4,180,28500,27000,4375000,107000,5560000,,,,10097500
Kyushu,1987,268,119,27,6,420,6508346,11272500,14870000,9250000,41900846,1,1,1,43,31,299,5,37,,,1,34,,,,6,39,420,5000,342346,12454500,4379000,,15720000,,9000000,41900846
Okinawa,1987,,,,,106,,,,,2444220,,,,,,,,,,,,,,,,,,,,173890,1374330,896000,,,,,2444220
Hokkaido,1986,261,24,2,,287,3841200,3955500,798000,,8593200,,,1,77,2,180,1,15,,15,,,,,,,4,287,,366300,3862400,463000,3903000,,,,8594700
Tohoku,1986,383,56,13,2,454,8631920,9274000,8112000,2550000,28567920,1,,4,55,13,344,7,40,,,,,,15,,,25,454,1500,490520,9397900,10086000,,,8592000,,28567920
Tokyo,1986,838,276,71,26,1211,24780960,20195800,44155000,70040000,159171760,,,11,99,33,933,2,128,,,,,4,36,,15,50,1211,,1530000,38798760,33403000,,,37150000,48290000,159171760
Chubu,1986,408,208,42,13,671,8794710,13770000,21422060,25440000,69426770,,8,14,86,24,507,3,46,,,,,1,17,,7,42,671,43500,2493210,20069060,15781000,,,17240000,13800000,69426770
Hokuriku,1986,83,38,12,,133,1931062,3540000,6123750,,11594812,,2,,11,7,102,,14,,,,,,4,,,7,133,6000,56732,4102080,4830000,,,2600000,,11594812
Kansai,1986,722,252,46,18,1038,15339200,19666500,30053000,43200000,108258700,1,,26,301,24,664,,35,,1,,,7,26,,11,58,1038,3000,2061200,33488500,17480000,380000,,26546000,28300000,108258700
Chugoku,1986,166,89,8,6,269,3931000,8672375,4858000,9070000,26531375,1,,2,30,12,86,3,139,,,,9,,,,5,18,269,3000,428000,2164500,10235875,,5950000,,7750000,26531375
Shikoku,1986,154,17,7,,178,3659900,2255500,3755000,,9670400,1,4,,5,3,152,,3,,14,,,,,,,4,178,24900,27000,4151500,107000,5360000,,,,9670400
Kyushu,1986,280,100,26,6,412,6774346,9912500,14475000,9000000,40161846,1,,1,40,31,295,4,38,,,,33,,,,6,37,412,2000,290346,11445500,4204000,,15220000,,9000000,40161846
Okinawa,1986,,,,,104,,,,,2399195,,,,,,,,,,,,,,,,,,,,171865,1331330,896000,,,,,2399195
Hokkaido,1985,261,23,2,,286,3819350,3895500,798000,,8512850,,,1,79,2,177,1,15,,15,,,,,,,4,286,,368950,3777900,463000,3903000,,,,8512850
Tohoku,1985,382,56,11,2,451,8331080,9456000,6860000,2450000,27097080,1,,7,54,12,342,7,40,,,,,,15,,,27,451,1500,478980,8968600,9656000,,,7992000,,27097080
Tokyo,1985,830,252,72,24,1178,24560960,18701800,44420000,66900000,154582760,,,11,98,29,906,2,126,,,,,4,33,,15,46,1178,,1541000,37191760,32580000,,,35650000,47620000,154582760
Chubu,1985,419,189,40,12,660,8967210,12869000,20973560,23840000,66649770,,8,13,89,24,497,3,43,,,,,1,16,,7,41,660,43500,2411710,18965560,15539000,,,15890000,13800000,66649770
Hokuriku,1985,83,37,11,,131,1936062,3726750,5387500,,11050312,,2,,10,7,101,,14,,,,,,4,,,7,131,6000,50732,3983580,4410000,,,2600000,,11050312
Kansai,1985,710,241,44,18,1013,15151700,18853500,28219000,43200000,105424200,1,,25,284,25,659,1,33,,1,,,3,25,,11,55,1013,3000,2012700,32436500,16346000,380000,,25946000,28300000,105424200
Chugoku,1985,169,83,7,6,265,3923000,8109375,4043000,8070000,24145375,1,,2,29,13,86,2,137,,,,8,,,,5,18,265,3000,421000,2130500,9690875,,5150000,,6750000,24145375
Shikoku,1985,155,15,7,,177,3601450,2001000,3755000,,9357450,1,4,1,4,3,151,,4,,14,,,,,,,5,177,23950,23000,3945500,105000,5260000,,,,9357450
Kyushu,1985,286,93,23,6,408,6880346,10287500,12625000,9000000,38792846,1,,1,41,32,290,4,38,,,,33,,,,6,38,408,2000,324346,10792500,4354000,,14320000,,9000000,38792846
Okinawa,1985,,,,,102,,,,,2253362,,,,,,,,,,,,,,,,,,,,179765,1302597,771000,,,,,2253362
Hokkaido,1984,261,23,2,,286,3750500,3895500,798000,,8444000,,,1,82,2,174,1,15,,15,,,,,,,4,286,,375100,3702900,463000,3903000,,,,8444000
Tohoku,1984,384,56,9,2,451,8054830,9911000,5351000,2282000,25598830,1,,8,55,12,341,7,40,,,,,,15,,,28,451,1500,476980,8620350,9476000,,,7024000,,25598830
Tokyo,1984,842,225,71,24,1162,24751960,17195600,43515000,66890000,152352560,,,12,101,29,889,2,125,,,,,4,32,,15,47,1162,,1649000,36002560,32041000,,,35040000,47620000,152352560
Chubu,1984,442,161,37,11,651,9465210,11753000,19287560,19590000,60095770,,8,13,88,24,491,3,43,,,,,,17,,4,40,651,40500,2349710,17841560,15474000,,,15390000,9000000,60095770
Hokuriku,1984,84,34,12,,130,1991662,3236750,5745000,,10973412,,2,,9,7,101,,14,,,,,,4,,,7,130,6000,44732,3852680,4470000,,,2600000,,10973412
Kansai,1984,693,232,44,17,986,15033300,18134500,28012000,42200000,103379800,1,,26,267,24,650,,32,,1,,,4,25,,11,55,986,3000,2005300,31499500,15746000,180000,,25646000,28300000,103379800
Chugoku,1984,167,79,8,5,259,3911500,7789375,4793000,7020000,23513875,1,,2,28,15,85,2,133,,,,8,,,,5,20,259,3000,421000,2119000,9370875,,4850000,,6750000,23513875
Shikoku,1984,154,14,7,,175,3575569,1701000,3655000,,8931569,1,4,1,4,3,150,,4,,13,,,,,,,5,175,23569,20000,3923000,105000,4860000,,,,8931569
Kyushu,1984,288,87,22,4,401,6868846,10278500,12065000,7000000,36212346,1,,2,38,32,289,3,37,,,,33,,,,4,38,401,2000,305346,10365000,4470000,,14070000,,7000000,36212346
Okinawa,1984,,,,,104,,,,,2278687,,,,,,,,,,,,,,,,,,,,180090,1327597,771000,,,,,2278687
Hokkaido,1983,255,23,2,,280,3599423,3795500,798000,,8192923,,,1,86,2,164,1,15,,15,,,,,,,4,280,,385023,3555900,449000,3803000,,,,8192923
Tohoku,1983,380,57,9,1,447,7924930,10121000,5726000,1182000,24953930,1,,8,54,11,338,7,40,,,,,,15,,,27,447,1500,468580,8483850,9376000,,,6624000,,24953930
Tokyo,1983,847,208,69,24,1148,24691960,16049600,41940000,63896000,146577560,,,12,100,29,880,2,122,,,,,3,32,,14,46,1148,,1640000,35019560,30858000,,,34440000,44620000,146577560
Chubu,1983,446,153,36,11,646,9574210,11282000,18277560,19440000,58573770,,8,14,88,24,488,3,42,,,,,,16,,4,41,646,40500,2321710,17522560,15349000,,,14340000,9000000,58573770
Hokuriku,1983,86,32,12,,130,2050090,3121750,5745000,,10916840,,2,,10,7,100,,14,,,,,,4,,,7,130,6000,50732,3790108,4470000,,,2600000,,10916840
Kansai,1983,663,230,42,17,952,14599300,18082500,26586000,41600000,100867800,1,,29,252,23,633,,30,,1,,,7,25,,11,60,952,3000,2015300,30747500,14876000,180000,,24746000,28300000,100867800
Chugoku,1983,168,77,8,5,258,3894500,7749375,4793000,7020000,23456875,1,,2,28,15,85,2,132,,,,8,,,,5,20,258,3000,418000,2110000,9325875,,4850000,,6750000,23456875
Shikoku,1983,154,14,7,,175,3533569,1701000,3655000,,8889569,1,4,1,4,3,150,,4,,13,,,,,,,5,175,23569,20000,3881000,105000,4860000,,,,8889569
Kyushu,1983,292,80,21,4,397,6885846,9819500,11365000,7000000,35070346,1,,2,36,32,287,3,38,,,,32,,,,4,38,397,2000,290346,9923000,4465000,,13390000,,7000000,35070346
Okinawa,1983,,,,,101,,,,,2247587,,,,,,,,,,,,,,,,,,,,187990,1288597,771000,,,,,2247587
Hokkaido,1982,251,23,2,,276,3495423,3826500,798000,,8119923,,,1,85,2,161,1,15,,15,,,,,,,4,276,,370023,3461900,485000,3803000,,,,8119923
Tohoku,1982,376,57,9,1,443,7728180,9956000,5726000,1182000,24592180,1,,8,54,11,334,7,40,,,,,,15,,,27,443,1500,455580,8295100,9216000,,,6624000,,24592180
Tokyo,1982,852,201,65,21,1139,24352960,16077600,39900000,57896000,138226560,,,12,102,29,871,2,121,,,,,3,32,,13,46,1139,,1660000,34174560,29932000,,,33840000,38620000,138226560
Chubu,1982,443,153,33,10,639,9530210,11678000,16788560,16440000,54436770,,8,14,88,24,483,3,42,,,,,,15,,3,41,639,40500,2321710,17385560,15349000,,,13340000,6000000,54436770
Hokuriku,1982,85,32,12,,129,2018390,3121750,5745000,,10885140,,2,1,10,7,99,,14,,,,,,4,,,8,129,6000,72032,3737108,4470000,,,2600000,,10885140
Kansai,1982,640,222,42,16,920,14325600,17022500,27159000,40600000,99107100,1,,28,236,20,619,,29,,1,,,7,25,,10,56,920,3000,2017100,29685000,14476000,180000,,24746000,28000000,99107100
Chugoku,1982,168,76,8,4,256,3924750,7676375,4793000,6020000,22414125,2,,2,28,15,85,2,131,,,,8,,,,4,21,256,5250,418000,2138000,9252875,,4850000,,5750000,22414125
Shikoku,1982,153,13,7,,173,3504369,1501000,3655000,,8660369,1,4,1,6,3,147,,4,,12,,,,,,,5,173,23569,32800,3839000,105000,4660000,,,,8660369
Kyushu,1982,292,76,20,3,391,6921346,9330500,10955000,5000000,32206846,1,,2,33,31,287,2,38,,,,30,,,,3,36,391,2000,268346,9741500,4385000,,12810000,,5000000,32206846
Okinawa,1982,,,,,102,,,,,2233987,,,,,,,,,,,,,,,,,,,,189390,1273597,771000,,,,,2233987
Hokkaido,1981,249,22,2,,273,3351173,3626500,798000,,7775673,,1,1,84,2,159,1,15,,14,,,,,,,4,273,1500,349523,3336650,485000,3603000,,,,7775673
Tohoku,1981,373,51,9,1,434,7528680,8946000,5594000,1182000,23250680,1,,8,54,9,329,7,37,,,,,,14,,,25,434,1500,450080,7926100,8681000,,,6192000,,23250680
Tokyo,1981,826,199,65,21,1111,23566960,16208400,38587000,54446000,132808360,,,14,98,29,852,2,116,,,,,3,32,,13,48,1111,,1675800,33408560,28864000,,,32490000,36370000,132808360
Chubu,1981,431,149,33,10,623,9251210,11246000,16796560,16440000,53733770,,8,14,88,24,469,3,41,,,,,,14,,3,41,623,40500,2277710,16982560,15343000,,,13090000,6000000,53733770
Hokuriku,1981,83,31,12,,126,1940890,3066750,5785000,,10792640,,2,,8,,98,,14,,,,,,4,,,,126,6000,60032,3616608,4510000,,,2600000,,10792640
Kansai,1981,603,212,39,16,870,13817700,16527500,25399000,40350000,96094200,,,,210,,597,,28,,1,,,,24,,10,,870,3000,1985200,28404000,13776000,180000,,23746000,28000000,96094200
Chugoku,1981,171,73,7,4,255,3975120,7377375,4193000,5020000,20565495,2,,2,29,14,85,2,130,,,,7,,,,4,20,255,5250,424370,2112000,9023875,,4250000,,4750000,20565495
Shikoku,1981,153,15,6,,174,3421969,1882000,3055000,,8358969,1,4,1,7,5,146,,5,,12,,,,,,,7,174,23569,33400,3787000,155000,4360000,,,,8358969
Kyushu,1981,289,75,18,3,385,6783846,9420500,9905000,5000000,31109346,,,,31,,284,,38,,,,29,,,,3,,385,2000,256346,9506000,4385000,,11960000,,5000000,31109346
Okinawa,1981,,,,,98,,,,,2217987,,,,,,,,,,,,,,,,,,,,170990,1275997,771000,,,,,2217987
Hokkaido,1980,244,20,2,,266,3237873,3266000,798000,,7301873,,1,1,84,2,153,1,15,,13,,,,,,,4,266,1500,346223,3166150,485000,3303000,,,,7301873
Tohoku,1980,369,47,8,1,425,7226180,8200000,5135000,1014000,21575180,1,,8,56,8,323,7,35,,,,,,11,,,24,425,1500,436580,7585100,8228000,,,5324000,,21575180
Tokyo,1980,804,189,62,20,1075,22941960,14927400,36587000,50612000,125068360,,,14,97,30,830,2,108,,,,,3,30,,10,49,1075,,1678800,32504560,27945000,,,30990000,31950000,125068360
Chubu,1980,409,145,34,9,597,9012210,10348000,17236560,15290000,51886770,,8,14,89,23,444,3,41,,,,,,12,,3,40,597,40500,2257710,16355560,15343000,,,11890000,6000000,51886770
Hokuriku,1980,81,32,10,,123,1883890,3216750,5035000,,10135640,,2,,7,,97,,14,,,,,,3,,,,123,6000,54032,3565608,4310000,,,2200000,,10135640
Kansai,1980,581,195,41,12,829,13454350,15283000,33249000,28010000,89996350,,,,196,,572,,27,,1,,,,24,,9,,829,3000,1930850,26790500,12586000,180000,,23256000,25250000,89996350
Chugoku,1980,166,71,6,4,247,3651620,7222375,3443000,5020000,19336995,1,,2,32,12,87,2,118,,,,7,,,,3,17,247,2250,457370,2103500,8523875,,4250000,,4000000,19336995
Shikoku,1980,151,16,4,,171,3203469,2032000,2105000,,7340469,1,4,1,9,5,142,,5,,11,,,,,,,7,171,16069,40900,3568500,155000,3560000,,,,7340469
Kyushu,1980,290,68,16,3,377,6722846,9014500,8665000,5000000,29402346,,,,30,,280,,37,,,,27,,,,3,,377,2000,245846,8989500,4255000,,10910000,,5000000,29402346
Okinawa,1980,,,,,96,,,,,2169562,,,,,,,,,,,,,,,,,,,,197565,1200997,771000,,,,,2169562
Hokkaido,1979,238,20,1,,259,3028023,3406000,398000,,6832023,,,,83,,148,,15,,13,,,,,,,,259,,,,,3103000,,,,6832023
Tohoku,1979,362,44,9,,415,6773180,7490000,5649000,,19912180,,,,54,,318,,32,,,,,,11,,,,415,,,,,,,4924000,,19912180
Tokyo,1979,798,174,76,,1048,22445960,14569400,79774000,,116789360,1,,15,96,29,811,2,103,,,,,2,29,,9,49,1048,,,,,,,28270000,28950000,116789360
Chubu,1979,407,126,39,,572,8784580,9868000,28789500,,47442080,,8,13,92,23,419,2,42,,,,,,9,,2,38,572,,,,,,,10690000,4000000,47442080
Hokuriku,1979,83,29,9,,121,1969390,3111750,4590000,,9671140,,2,,7,,95,,14,,,,,,3,,,,121,,,,,,,2200000,,9671140
Kansai,1979,545,184,49,,778,12580000,14271900,56362000,,83213900,1,,17,177,18,544,,23,,1,1,,5,24,,9,42,778,,,,,180000,240000,21454000,23750000,83213900
Chugoku,1979,170,65,8,,243,3623620,6545375,6863000,,17031995,1,,3,33,12,90,2,112,,,,6,,,,2,18,243,,,,,,3650000,,3000000,17031995
Shikoku,1979,149,15,4,,168,3008094,1949500,2095000,,7052594,2,4,1,8,5,138,,7,,11,,,,,,,8,168,,,,,3560000,,,,7052594
Kyushu,1979,278,62,16,,356,6317546,7856820,8225000,,22399366,,,,28,,269,,35,,,,24,,,,,,356,,,,,,9560000,,,22399366
Okinawa,1979,,,,,97,,,,,2174857,,,,,,,,,,,,,,,,,,,,,,,,,,,2174857
Hokkaido,1978,239,16,1,,256,3006523,2856000,398000,,6260523,,,2,82,1,146,1,17,,11,,,,,,,4,256,,,,,2703000,,,,6260523
Tohoku,1978,358,43,8,,409,6327680,6731500,5249000,,18308180,,,,57,,309,,33,,,,,,10,,,,409,,,,,,,4424000,,18308180
Tokyo,1978,775,160,70,,1005,21743360,14084400,70977000,,106804760,1,,17,93,28,783,2,96,,,,,2,25,,8,50,1005,,,,,,,24590000,24950000,106804760
Chubu,1978,396,121,36,,553,8377980,9742500,24640500,,42760980,,9,10,97,26,397,2,40,,,,,,10,,,38,553,,,,,,,11440000,,42760980
Hokuriku,1978,84,27,9,,120,1963490,2952750,4570000,,9486240,,2,,9,,92,,14,,,,,,3,,,,120,,,,,,,2200000,,9486240
Kansai,1978,523,169,47,,739,12260000,13575200,50062500,,75897700,,,,168,,516,,23,,1,,,,23,,8,,739,,,,,180000,,20694000,19250000,75897700
Chugoku,1978,174,60,5,,239,3569920,6277875,3023000,,12870795,1,,4,35,13,93,3,104,,,,7,,,,,21,239,,,,,,3050000,,,12870795
Shikoku,1978,150,12,4,,166,2927819,1538500,1795000,,6261319,2,4,1,11,5,135,,6,,10,,,,,,,8,166,,,,,2960000,,,,6261319
Kyushu,1978,276,54,16,,346,6066546,6835820,7975000,,20877366,1,,3,28,30,264,1,32,,,,22,,,,,35,346,,,,,,8610000,,,20877366
Okinawa,1978,,,,,94,,,,,2137905,,,,,,,,,,,,,,,,,,,,,,,,,,,2137905
Hokkaido,1977,239,15,1,,255,2829523,2506000,398000,,5733523,,,2,84,1,144,,17,,10,,,,,,,4,255,,,,,2383000,,,,5733523
Tohoku,1977,354,38,8,,400,5937680,6164000,4399000,,16500680,,,,58,,301,,31,,,,,,10,,,,400,,,,,,,3574000,,16500680
Tokyo,1977,765,125,67,,957,21405560,12015600,65692000,,99113160,,,18,88,28,749,2,89,,,,,2,23,,8,50,957,,,,,,,22240000,22970000,99113160
Chubu,1977,393,106,33,,532,8055570,9280000,21698500,,39034070,,9,,98,,375,,40,,,,,,10,,,,532,,,,,,,10290000,,39034070
Hokuriku,1977,84,26,8,,118,1956732,2937750,4264800,,9159282,,2,1,10,4,90,,13,,,,,,3,,,6,118,,,,,,,2200000,,9159282
Kansai,1977,500,154,43,,697,11672200,12817000,44727500,,69216700,1,,24,152,16,492,,23,,1,,,3,22,,7,44,697,,,,,180000,,19494000,16000000,69216700
Chugoku,1977,178,51,5,,234,3583420,5601875,2723000,,11908295,1,,7,40,14,92,2,96,,,,6,,,,,24,234,,,,,,2750000,,,11908295
Shikoku,1977,151,10,4,,165,2720469,1438500,1795000,,5953969,2,4,1,10,5,135,,6,,10,,,,,,,8,165,,,,,2960000,,,,5953969
Kyushu,1977,272,49,15,,336,5750296,6450820,7391000,,19592116,1,,3,30,30,256,1,29,,,,21,,,,,35,336,,,,,,8310000,,,19592116
Okinawa,1977,,,,,89,,,,,2105310,,,,,,,,,,,,,,,,,,,,,,,,,,,2105310
Hokkaido,1976,236,16,1,,253,2566323,2403000,398000,,5367323,,,2,89,1,141,1,14,,9,,,,,,,4,253,,,,,2183000,,,,5367323
Tohoku,1976,352,35,8,,395,5627830,5742000,4199000,,15568830,1,,11,59,7,296,6,30,,,,,,10,,,25,395,,,,,,,3574000,,15568830
Tokyo,1976,762,86,62,,910,20770560,9769600,59089000,,89629160,,,21,84,27,718,2,81,,,,,2,20,,7,52,910,,,,,,,19740000,19970000,89629160
Chubu,1976,378,100,32,,510,7666070,9157500,20204500,,37028070,,9,13,95,25,356,2,40,,,,,,10,,,40,510,,,,,,,9840000,,37028070
Hokuriku,1976,85,26,7,,118,1955732,3083750,3464800,,8504282,,2,,10,,90,,13,,,,,,3,,,,118,,,,,,,1800000,,8504282
Kansai,1976,489,139,42,,670,11442400,11272500,43659000,,66373900,1,,19,148,14,473,,21,,1,,,3,20,,7,37,670,,,,,180000,,17994000,16000000,66373900
Chugoku,1976,173,47,5,,225,3370250,5149375,2723000,,11242625,,,,41,,94,,84,,,,6,,,,,,225,,,,,,2750000,,,11242625
Shikoku,1976,147,10,2,,159,2515469,1378500,855000,,4748969,2,4,2,10,5,131,1,6,,8,,,,,,,10,159,,,,,1960000,,,,4748969
Kyushu,1976,269,45,14,,328,5446396,6012320,7016000,,18474716,1,,3,33,28,247,,29,,,,19,,,,,32,328,,,,,,7910000,,,18474716
Okinawa,1976,,,,,93,,,,,2079435,,,,,,,,,,,,,,,,,,,,,,,,,,,2079435
Hokkaido,1975,232,14,1,,247,2407543,2052000,398000,,4857543,,,3,93,1,134,1,12,,8,,,,,,,5,247,,,,,1883000,,,,4857543
Tohoku,1975,349,34,7,,390,5317230,5586000,3699000,,14602230,1,,12,60,6,291,5,30,,,,,,9,,,24,390,,,,,,,3274000,,14602230
Tokyo,1975,746,71,60,,877,19129560,8777600,51861000,,79768160,,,18,84,25,689,2,78,,,,,2,20,,6,47,877,,,,,,,17790000,15750000,79768160
Chubu,1975,371,83,31,,485,7477170,7874000,18747000,,34098170,,9,13,93,23,336,2,38,,,,,,9,,,38,485,,,,,,,8440000,,34098170
Hokuriku,1975,87,24,6,,117,1980732,3113750,3114800,,8209282,,2,1,13,5,86,,13,,,,,,3,,,6,117,,,,,,,1800000,,8209282
Kansai,1975,482,131,41,,654,11054640,10815000,39298500,,61168140,1,,21,147,14,460,,21,,1,,,,20,,5,36,654,,,,,180000,,16834000,13000000,61168140
Chugoku,1975,177,41,5,,223,3492700,4773875,2723000,,10989575,,,7,41,14,95,2,81,,,,6,,,,,23,223,,,,,,2750000,,,10989575
Shikoku,1975,145,9,2,,156,2359969,1313500,855000,,4528469,2,4,2,10,4,129,,5,,8,,,,,,,8,156,,,,,1960000,,,,4528469
Kyushu,1975,263,42,12,,317,5199296,5451320,5876000,,16526616,,1,2,35,25,241,1,25,,,,15,,,,,28,317,,,,,,6310000,,,16526616
Okinawa,1975,,,,,91,,,,,1917306,,,,,,,,,,,,,,,,,,,,,,,,,,,
Hokkaido,1974,225,12,1,,238,2282318,1807000,398000,,4487318,,,3,89,2,130,1,12,,7,,,,,,,6,238,,,,,1683000,,,,4487318
Tohoku,1974,348,30,6,,384,5054780,5036000,3299000,,13389780,1,,12,61,6,288,4,27,,,,,,8,,,23,384,,,,,,,2974000,,13389780
Tokyo,1974,738,67,57,,862,18653560,8230600,42276000,,69160160,,,17,82,23,682,2,76,,,,,1,19,,3,43,862,,,,,,,17010000,7000000,69160160
Chubu,1974,362,81,30,,473,7300570,7732500,18377000,,33410070,,9,13,95,23,324,2,36,,,,,,9,,,38,473,,,,,,,8440000,,33410070
Hokuriku,1974,82,22,5,,109,1838172,2753750,2704800,,7296722,,,,16,5,80,,11,,,,,,2,,,5,109,,,,,,,1400000,,7296722
Kansai,1974,456,129,40,,625,10354140,10668000,36268500,,57290640,1,,19,148,14,431,,21,,1,,,2,20,,4,36,625,,,,,180000,,16834000,10250000,57290640
Chugoku,1974,177,39,5,,221,3325617,4508875,2663000,,10497492,,,8,43,1,98,2,74,,,,6,,,,,11,221,,,,,,2750000,,,10497492
Shikoku,1974,143,8,2,,153,2231169,1113560,855000,,4199669,2,4,2,10,3,127,,5,,7,,,,,,,7,153,,,,,1760000,,,,4199669
Kyushu,1974,260,36,10,,306,4968196,4763320,4291000,,14022516,,2,2,36,23,230,1,25,,,,13,,,,,26,306,,,,,,4860000,,,14022516
Okinawa,1974,,,,,81,,,,,1644556,,,,,,,,,,,,,,,,,,,,,,,,,,,
Hokkaido,1973,223,10,1,,234,2195491,1622000,398000,,4215491,,,,,,,,,,7,,,,,,,3,234,,,,,1633000,,,,4215491
Tohoku,1973,343,31,4,,378,4528930,5239000,2299000,,12066930,,,,,,,,,,,,,,7,,,21,378,,,,,,,2524000,,12066930
Tokyo,1973,719,63,51,,833,17680860,9003100,37180000,,63863960,,,,,,,,,,,,,1,22,,,46,833,,,,,,,21860000,,63863960
Chubu,1973,359,66,27,,452,7073170,6917500,16522000,,30512670,,,,,,,,,,,,,,9,,,33,452,,,,,,,7740000,,30512670
Hokuriku,1973,84,20,4,,108,1775672,2833750,1967800,,6577222,,,,,,,,,,,,,,2,,,5,108,,,,,,,1100000,,6577222
Kansai,1973,439,124,34,,597,9767720,9982500,24746000,,44496220,,,,,,,,,,1,,,1,20,,,31,597,,,,,180000,,16744000,,44496220
Chugoku,1973,179,34,4,,217,3191667,4230875,2120000,,9542542,,,,,,,,,,,,6,,,,,24,217,,,,,,2450000,,,9542542
Shikoku,1973,139,6,2,,147,2124219,853500,855000,,3832719,,,,,,,,,,6,,,,,,,6,147,,,,,1560000,,,,3832719
Kyushu,1973,262,31,8,,301,4618386,4136000,3411000,,12165386,,,,,,,,,,,,13,,,,,22,301,,,,,,4360000,,,12165386
Okinawa,1973,,,,,76,,,,,1602231,,,,,,,,,,,,,,,,,,,,,,,,,,,
Hokkaido,1972,223,10,1,,234,2001008,1432000,398000,,3831008,,,,,,,,,,7,,,,,,,3,234,,,,,1473000,,,,3831008
Tohoku,1972,337,28,3,,368,4083130,4695000,1581000,,10359130,,,,,,,,,,,,,,6,,,20,368,,,,,,,1906000,,10359130
Tokyo,1972,695,59,44,,798,16038610,9317600,26256000,,51612210,,,,,,,,,,,,,,18,,,38,798,,,,,,,14076000,,51612210
Chubu,1972,354,57,26,,437,6630340,6179500,15683000,,28492840,,,,,,,,,,,,,,9,,,33,437,,,,,,,7440000,,28492840
Hokuriku,1972,85,15,4,,104,1687618,2303750,1667800,,5659168,,,,,,,,,,,,,,2,,,5,104,,,,,,,800000,,5659168
Kansai,1972,421,106,30,,557,8923723,8709000,19540000,,37172723,,,,,,,,,,1,,,,18,,,29,557,,,,,120000,,12794000,,37172723
Chugoku,1972,171,34,4,,209,2808997,4170875,2120000,,9099872,,,,,,,,,,,,6,,,,,26,209,,,,,,2450000,,,9099872
Shikoku,1972,130,5,2,,137,1792917,502950,840000,,3135867,,,,,,,,,,5,,,,,,,,137,,,,,1210000,,,,3135867
Kyushu,1972,260,31,5,,296,4285296,4257000,2020000,,10562296,,,,,,,,,,,,11,,,,,18,296,,,,,,3110000,,,10562296
Okinawa,1972,,,,,57,,,,,1344596,,,,,,,,,,,,,,,,,,,,,,,,,,,
Hokkaido,1971,220,11,1,,232,1856738,1483000,398000,,3737738,,,,,,,,,,6,,,,,,,,232,,,,,1413000,,,,3737738
Tohoku,1971,331,26,2,,359,3637950,4430000,981000,,9048950,,,,,,,,,,,,,,4,,,20,359,,,,,,,1256000,,9048950
Tokyo,1971,659,65,34,,758,14267450,10248600,20619000,,45135050,,,,,,,,,,,,,,15,,,40,758,,,,,,,10940000,,45135050
Chubu,1971,334,49,24,,407,6242510,5379500,13541500,,25163510,,,,,,,,,,,,,,7,,,34,407,,,,,,,5690000,,25163510
Hokuriku,1971,86,13,4,,103,1567482,2106750,1667800,,5342032,,,,,,,,,,,,,,2,,,5,103,,,,,,,800000,,5342032
Kansai,1971,405,90,26,,524,8013083,7795540,16040000,,31864623,,,,,,,,,,,,,,16,,,32,521,,,,,,,9994000,,31848623
Chugoku,1971,167,31,2,,200,2623497,3943875,950000,,7517372,,,,,,,,,,,,5,,,,,22,200,,,,,,1550000,,,7517372
Shikoku,1971,121,4,2,,127,1632967,292950,840000,,2765917,,,,,,,,,,4,,,,,,,6,127,,,,,1000000,,,,2765917
Kyushu,1971,254,29,5,,288,3807246,3947000,1845000,,9599246,,,,,,,,,,,,10,,,,,17,288,,,,,,2630000,,,9599246
Okinawa,1971,,,,,,,,,,,,,,,,,,,,,,,,,,,,,,,,,,,,,
Hokkaido,1970,216,13,,,229,1633288,1914000,,,3557288,,,,,,,,,,6,,,,,,,,229,,,,,1413000,,,,3557288
Tohoku,1970,328,25,2,,355,3241090,3761000,981000,,7983090,,,,,,,,,,,,,,3,,,18,355,,,,,,,1006000,,7983090
Tokyo,1970,625,63,30,,718,12854610,9808600,17696000,,40359210,,,,,,,,,,,,,,11,,,,718,,,,,,,9140000,,40359210
Chubu,1970,302,43,23,,368,5473730,4686400,12783000,,22943130,,,,,,,,,,,,,,6,,,37,368,,,,,,,4890000,,22943130
Hokuriku,1970,88,9,4,,101,1456000,1482750,1667800,,4606550,,,,,,,,,,,,,,2,,,5,101,,,,,,,800000,,4606550
Kansai,1970,391,79,26,,496,7093783,6309800,15308000,,28711583,,,,,,,,,,,,,,14,,,35,496,,,,,,,8894000,,28711583
Chugoku,1970,166,31,2,,199,2433867,3649875,950000,,7033742,,,,,,,,,,,,5,,,,,20,199,,,,,,1550000,,,7033742
Shikoku,1970,119,4,1,,124,1544985,486000,390000,,2420985,,,,,,,,,,4,,,,,,,4,124,,,,,800000,,,,2420985
Kyushu,1970,246,27,3,,276,3392112,3917000,1100000,,8409112,,,,,,,,,,,,9,,,,,,276,,,,,,2070000,,,8409112
Okinawa,1970,,,,,,,,,,,,,,,,,,,,,,,,,,,,,,,,,,,,,
Hokkaido,1969,213,12,,,225,1511528,1801000,,,3312528,,,,,,,,,,6,,,,,,,,225,,,,,1369000,,,,3312528
Tohoku,1969,323,25,1,,349,2928455,3676000,596000,,7200455,,,,,,,,,,,,,,3,,,18,349,,,,,,,886000,,7200455
Tokyo,1969,599,60,28,,687,11509740,9055600,16054000,,36619340,,,,,,,,,,,,,,10,,,25,687,,,,,,,7740000,,36619340
Chubu,1969,286,42,16,,344,4877480,5583000,8376000,,18836480,,,,,,,,,,,,,,5,,,34,344,,,,,,,3590000,,18836480
Hokuriku,1969,89,8,4,,101,1339400,1222000,1660800,,4222200,,,,,,,,,,,,,,2,,,4,101,,,,,,,800000,,4222200
Kansai,1969,369,77,20,,466,6471443,7022000,11713000,,25206443,,,,,,,,,,,,,,14,,,33,466,,,,,,,7794000,,25206443
Chugoku,1969,164,29,1,,194,2106167,3419875,500000,,6026042,,,,,,,,,,,,5,,,,,19,194,,,,,,1250000,,,6026042
Shikoku,1969,112,5,,,117,1387319,726000,,,2113319,,,,,,,,,,4,,,,,,,,117,,,,,660000,,,,2113319
Kyushu,1969,240,27,1,,268,3125112,3987500,360000,,7472612,,,,,,,,,,,,7,,,,,22,268,,,,,,1530000,,,7472612
Okinawa,1969,,,,,,,,,,,,,,,,,,,,,,,,,,,,,,,,,,,,,
Hokkaido,1968,209,11,,,220,1441578,1550000,,,2991578,,,,,,,,,,,,,,,,,,,,,,,,,,,
Tohoku,1968,315,22,1,,338,2627905,3086000,596000,,6309905,,,,,,,,,,,,,,,,,,,,,,,,,,,
Tokyo,1968,564,63,23,,650,10380600,9948600,13110000,,33439200,,,,,,,,,,,,,,,,,,,,,,,,,,,
Chubu,1968,273,42,13,,328,4419920,5660000,6931000,,17010920,,,,,,,,,,,,,,,,,,,,,,,,,,,
Hokuriku,1968,87,8,3,,98,1218700,1232500,1300300,,3751500,,,,,,,,,,,,,,,,,,,,,,,,,,,
Kansai,1968,348,68,18,,434,6080900,6222000,10068000,,22370900,,,,,,,,,,,,,,,,,,,,,,,,,,,
Chugoku,1968,161,26,1,,188,2009707,3125875,500000,,5635582,,,,,,,,,,,,,,,,,,,,,,,,,,,
Shikoku,1968,105,4,,,109,1227319,626000,,,1853319,,,,,,,,,,,,,,,,,,,,,,,,,,,
Kyushu,1968,237,27,1,,265,2891572,3735800,360000,,6987372,,,,,,,,,,,,,,,,,,,,,,,,,,,
Okinawa,1968,,,,,,,,,,,,,,,,,,,,,,,,,,,,,,,,,,,,,
Hokkaido,1967,206,11,,,217,1318338,1550000,,,2868338,,,,,,,,,,,,,,,,,,,,,,,,,,,
Tohoku,1967,309,22,1,,332,2401287,2849000,496000,,5746287,,,,,,,,,,,,,,,,,,,,,,,,,,,
Tokyo,1967,530,59,24,,613,9406600,8560600,12891000,,30858200,,,,,,,,,,,,,,,,,,,,,,,,,,,
Chubu,1967,263,40,11,,314,4147220,5501000,5827000,,15475220,,,,,,,,,,,,,,,,,,,,,,,,,,,
Hokuriku,1967,87,8,2,,97,1130240,1232500,900300,,3263040,,,,,,,,,,,,,,,,,,,,,,,,,,,
Kansai,1967,336,60,16,,412,5815270,5567000,8946000,,20328270,,,,,,,,,,,,,,,,,,,,,,,,,,,
Chugoku,1967,161,24,1,,186,1942407,2926375,500000,,5368782,,,,,,,,,,,,,,,,,,,,,,,,,,,
Shikoku,1967,104,4,,,108,1077850,626000,,,1703850,,,,,,,,,,,,,,,,,,,,,,,,,,,
Kyushu,1967,224,27,1,,252,2546627,3322300,360000,,6228927,,,,,,,,,,,,,,,,,,,,,,,,,,,
Okinawa,1967,,,,,,,,,,,,,,,,,,,,,,,,,,,,,,,,,,,,,
Hokkaido,1966,206,10,,,216,1272854,1345000,,,2617854,,,,,,,,,,,,,,,,,,,,,,,,,,,
Tohoku,1966,304,22,1,,327,2234687,2684000,496000,,5414687,,,,,,,,,,,,,,,,,,,,,,,,,,,
Tokyo,1966,504,55,19,,578,8737300,8522600,10428000,,27687900,,,,,,,,,,,,,,,,,,,,,,,,,,,
Chubu,1966,257,38,10,,305,3960350,5214000,4892000,,14066350,,,,,,,,,,,,,,,,,,,,,,,,,,,
Hokuriku,1966,87,7,2,,96,1075965,1069500,900300,,3045765,,,,,,,,,,,,,,,,,,,,,,,,,,,
Kansai,1966,331,60,14,,405,5308500,5964000,7584000,,18856500,,,,,,,,,,,,,,,,,,,,,,,,,,,
Chugoku,1966,157,24,,,181,1759792,2908000,,,4667792,,,,,,,,,,,,,,,,,,,,,,,,,,,
Shikoku,1966,110,4,,,105,1009000,656500,,,1665500,,,,,,,,,,,,,,,,,,,,,,,,,,,
Kyushu,1966,221,25,1,,247,2441701,2887600,360000,,5689301,,,,,,,,,,,,,,,,,,,,,,,,,,,
Okinawa,1966,,,,,,,,,,,,,,,,,,,,,,,,,,,,,,,,,,,,,
Hokkaido,1965,206,9,,,215,1210640,1210000,,,2420640,,,,,,,,,,,,,,,,,,,,,,,,,,,
Tohoku,1965,301,20,1,,322,2096087,2564000,496000,,5156087,,,,,,,,,,,,,,,,,,,,,,,,,,,
Tokyo,1965,469,54,16,,539,7892780,8458100,8757000,,25107880,,,,,,,,,,,,,,,,,,,,,,,,,,,
Chubu,1965,250,39,5,,294,3738050,5755000,2623000,,12116050,,,,,,,,,,,,,,,,,,,,,,,,,,,
Hokuriku,1965,85,7,2,,94,1006975,960500,800300,,2767775,,,,,,,,,,,,,,,,,,,,,,,,,,,
Kansai,1965,315,63,10,,388,4726092,6236000,5989000,,16951092,,,,,,,,,,,,,,,,,,,,,,,,,,,
Chugoku,1965,156,22,,,178,1725272,2651750,,,4377022,,,,,,,,,,,,,,,,,,,,,,,,,,,
Shikoku,1965,97,4,,,101,918860,656500,,,1558560,,,,,,,,,,,,,,,,,,,,,,,,,,,
Kyushu,1965,214,24,1,,239,2211045,2734600,360000,,5305645,,,,,,,,,,,,,,,,,,,,,,,,,,,
Okinawa,1965,,,,,,,,,,,,,,,,,,,,,,,,,,,,,,,,,,,,,
Hokkaido,1964,205,8,,,213,1129650,1050000,,,2179650,,,,,,,,,,,,,,,,,,,,,,,,,,,
Tohoku,1964,298,20,,,318,1990137,2894500,,,4884637,,,,,,,,,,,,,,,,,,,,,,,,,,,
Tokyo,1964,443,51,15,,509,6842380,7693100,7426000,,21981480,,,,,,,,,,,,,,,,,,,,,,,,,,,
Chubu,1964,235,35,5,,275,3377335,4628500,2313000,,10318835,,,,,,,,,,,,,,,,,,,,,,,,,,,
Hokuriku,1964,82,7,2,,91,890945,780500,800300,,2471745,,,,,,,,,,,,,,,,,,,,,,,,,,,
Kansai,1964,305,60,6,,371,4367012,6611750,3519000,,14507762,,,,,,,,,,,,,,,,,,,,,,,,,,,
Chugoku,1964,155,20,,,175,1537802,2380750,,,3918552,,,,,,,,,,,,,,,,,,,,,,,,,,,
Shikoku,1964,94,4,,,98,812280,416500,,,1228780,,,,,,,,,,,,,,,,,,,,,,,,,,,
Kyushu,1964,212,23,1,,236,2064195,2524600,360000,,4948795,,,,,,,,,,,,,,,,,,,,,,,,,,,
Okinawa,1964,,,,,,,,,,,,,,,,,,,,,,,,,,,,,,,,,,,,,
Hokkaido,1963,,,,,211,,,,,2086665,,,,,,,,,,,,,,,,,,,,,,,,,,,
Tohoku,1963,,,,,315,,,,,4660617,,,,,,,,,,,,,,,,,,,,,,,,,,,
Tokyo,1963,,,5,,481,,,3002000,,19073750,,,,,,,,,,,,,,,,,,,,,,,,,,,
Chubu,1963,,,3,,264,,,1390000,,8585405,,,,,,,,,,,,,,,,,,,,,,,,,,,
Hokuriku,1963,,,2,,89,,,800300,,2333353,,,,,,,,,,,,,,,,,,,,,,,,,,,
Kansai,1963,,,5,,358,,,2714000,,12907172,,,,,,,,,,,,,,,,,,,,,,,,,,,
Chugoku,1963,,,,,172,,,,,3725152,,,,,,,,,,,,,,,,,,,,,,,,,,,
Shikoku,1963,,,,,96,,,,,1153460,,,,,,,,,,,,,,,,,,,,,,,,,,,
Kyushu,1963,,,1,,233,,,360000,,4634415,,,,,,,,,,,,,,,,,,,,,,,,,,,
Okinawa,1963,,,,,,,,,,,,,,,,,,,,,,,,,,,,,,,,,,,,,
Hokkaido,1962,,,,,,,,,,,,,,,,,,,,,,,,,,,,,,,,,,,,,
Tohoku,1962,,,,,,,,,,,,,,,,,,,,,,,,,,,,,,,,,,,,,
Tokyo,1962,,,,,,,,,,,,,,,,,,,,,,,,,,,,,,,,,,,,,
Chubu,1962,,,,,,,,,,,,,,,,,,,,,,,,,,,,,,,,,,,,,
Hokuriku,1962,,,,,,,,,,,,,,,,,,,,,,,,,,,,,,,,,,,,,
Kansai,1962,,,,,,,,,,,,,,,,,,,,,,,,,,,,,,,,,,,,,
Chugoku,1962,,,,,,,,,,,,,,,,,,,,,,,,,,,,,,,,,,,,,
Shikoku,1962,,,,,,,,,,,,,,,,,,,,,,,,,,,,,,,,,,,,,
Kyushu,1962,,,,,,,,,,,,,,,,,,,,,,,,,,,,,,,,,,,,,
Okinawa,1962,,,,,,,,,,,,,,,,,,,,,,,,,,,,,,,,,,,,,
