Company,year,Route length of transmission (Overhead)_- 55 kV (km),Route length of transmission (Overhead)_66 - 77 kV (km),Route length of transmission (Overhead)_110 - 154 kV (km),Route length of transmission (Overhead)_187 kV (km),Route length of transmission (Overhead)_220 kV (km),Route length of transmission (Overhead)_275 kV (km),Route length of transmission (Overhead)_500 kV - (km),Route length of transmission (Overhead)_Total (km),Route length of transmission (Undergound)_- 55 kV (km),Route length of transmission (Undergound)_66 - 77 kV (km),Route length of transmission (Undergound)_110 - 154 kV (km),Route length of transmission (Undergound)_187 kV (km),Route length of transmission (Undergound)_220 kV (km),Route length of transmission (Undergound)_275 kV (km),Route length of transmission (Undergound)_500 kV - (km),Route length of transmission (Undergound)_Total (km),Circuit length of transmission (Overhead)_- 55 kV (km),Circuit length of transmission (Overhead)_66 - 77 kV (km),Circuit length of transmission (Overhead)_110 - 154 kV (km),Circuit length of transmission (Overhead)_187 kV (km),Circuit length of transmission (Overhead)_220 kV (km),Circuit length of transmission (Overhead)_275 kV (km),Circuit length of transmission (Overhead)_500 kV - (km),Circuit length of transmission (Overhead)_Total (km),Circuit length of transmission (Underground)_- 55 kV (km),Circuit length of transmission (Underground)_66 - 77 kV (km),Circuit length of transmission (Underground)_110 - 154 kV (km),Circuit length of transmission (Underground)_187 kV (km),Circuit length of transmission (Underground)_220 kV (km),Circuit length of transmission (Underground)_275 kV (km),Circuit length of transmission (Underground)_500 kV - (km),Circuit length of transmission (Underground)_Total (km),Supports_Steel tower,Supports_RC pole,Supports_Steel pole,Supports_Wooden pole,Supports_Total
会社名,年期,電線路亘長_架空_55kV以下,電線路亘長_架空_66kV以上77kV以下,電線路亘長_架空_110kV以上154kV以下,電線路亘長_架空_187kV,電線路亘長_架空_220kV,電線路亘長_架空_275kV,電線路亘長_架空_500kV以上,電線路亘長_架空_計,電線路亘長_地中_55kV以下,電線路亘長_地中_66kV以上77kV以下,電線路亘長_地中_110kV以上154kV以下,電線路亘長_地中_187kV,電線路亘長_地中_220kV,電線路亘長_地中_275kV,電線路亘長_地中_500kV以上,電線路亘長_地中_計,回線延長_架空_55kV以下,回線延長_架空_66kV以上77kV以下,回線延長_架空_110kV以上154kV以下,回線延長_架空_187kV,回線延長_架空_220kV,回線延長_架空_275kV,回線延長_架空_500kV以上,回線延長_架空_計,回線延長_地中_55kV以下,回線延長_地中_66kV以上77kV以下,回線延長_地中_110kV以上154kV以下,回線延長_地中_187kV,回線延長_地中_220kV,回線延長_地中_275kV,回線延長_地中_500kV以上,回線延長_地中_計,鉄塔,鉄筋コンクリート柱,鉄柱,木柱,計
Hokkaido,2020,1096,3891,520,1744,0,718,98,8068,32,329,0,9,0,0,24,395,1102,5803,714,3353,0,1436,98,12506,74,612,0,22,0,0,24,732,19346,3922,22290,0,45558
Tohoku,2020,1342,7008,3800,,,2197,555,14902,55,378,48,,,3,,483,1417,11396,5983,,,4394,1110,24299,71,642,88,,,5,,806,47660,6193,4658,,58511
Tokyo,2020,487,7738,2957,0,0,1175,2542,14899,2054,3659,310,0,0,403,40,6466,528,15019,6008,0,0,2331,4698,28584,3601,6866,777,0,0,1151,79,12474,43614,6177,450,20,50261
Chubu,2020,985,5583,1780,0,0,1412,891,10651,491,698,54,0,0,110,0,1353,1283,10784,3402,0,0,2779,1782,20030,836,1303,119,0,0,204,0,2462,30168,3805,1099,0,35072
Hokuriku,2020,300,1639,786,,,241,234,3199,68,79,13,,,,,160,319,2912,1498,,,482,468,5679,68,144,25,,,,,237,9194,3227,251,,12672
Kansai,2020,4712,4193,1960,10,,1706,1674,14255,2466,1622,361,5,,95,49,4598,5330,8063,3833,20,,3305,3347,23898,4225,2729,542,10,,164,98,7768,32271,74140,956,,107367
Chugoku,2020,1613,1905,2699,,1001,,828,8046,364,67,223,,12,,,665,1765,3044,4978,,1919,,1656,13362,420,99,345,,24,,,889,20971,26544,1301,,48816
Shikoku,2020,215,1745,91,932,,,279,3262,42,77,1,1,,,,122,224,3392,172,1854,,,558,6199,52,149,2,3,,,,206,9176,2284,343,,11803
Kyushu,2020,2656,4166,810,,1616,,943,10191,323,426,1,,49,,,799,2665,7617,1431,,3109,,1885,16707,536,761,2,,110,,,1409,25116,44439,720,,70275
Okinawa,2020,313,435,92,,,,,839,258,103,34,,,,,395,322,507,202,,,,,1031,262,116,74,,,,,452,1213,9227,1,1,10442
Hokkaido,2019,1096,3888,520,1744,0,718,98,8065,32,326,0,9,0,0,24,392,1102,5800,714,3353,0,1436,98,12502,74,599,0,22,0,0,24,719,19332,3923,22356,0,45611
Tohoku,2019,1347,6989,3797,,,2197,555,14886,54,373,47,,,3,,478,1422,11372,5941,,,4394,1110,24238,71,634,88,,,5,,798,47635,6164,4665,,58464
Tokyo,2019,491,7732,2953,,,1175,2453,14804,2061,3632,308,0,0,402,40,6443,533,15009,5998,,,2331,4520,28391,3608,6808,774,0,0,1144,79,12413,43462,6299,454,20,50235
Chubu,2019,991,5581,1811,0,0,1407,890,10680,521,704,54,0,0,110,0,1389,1289,10782,3439,0,0,2775,1781,20066,881,1312,118,0,0,204,0,2515,30248,3816,1138,0,35202
Hokuriku,2019,287,1639,785,,,241,234,3187,60,79,12,,,,,151,305,2912,1498,,,482,468,5665,60,138,24,,,,,223,9197,3228,251,,12676
Kansai,2019,4675,4196,1960,10,,1706,1674,14221,2467,1621,351,5,,90,49,4583,5296,8067,3833,20,,3306,3347,23869,4223,2730,553,10,,159,98,7773,32292,73689,962,0,106943
Chugoku,2019,1572,1924,2687,,1001,,828,8011,362,70,229,,12,,,673,1725,3032,4966,,1919,,1656,13299,418,105,351,,24,,,898,20992,25576,1312,,47880
Shikoku,2019,215,1752,91,932,,,279,3269,42,77,1,1,,,,122,224,3408,172,1854,,,558,6215,52,148,2,3,,,,206,9198,2283,343,,11824
Kyushu,2019,2574,4159,810,0,1616,0,943,10101,311,437,1,0,49,0,0,799,2583,7592,1431,0,3108,0,1885,16600,517,778,2,0,110,0,0,1407,25087,43237,770,1,69095
Okinawa,2019,297,436,102,,,,,835,254,99,34,,,,,385,306,509,202,,,,,1017,257,103,73,,,,,433,1210,8676,1,1,9888
Hokkaido,2018,1096,3887,520,1744,0,718,98,8063,32,323,0,9,0,0,24,388,1102,5792,714,3354,0,1436,98,12495,74,591,0,22,0,0,24,711,19315,3924,22435,0,45674
Tohoku,2018,1347,6975,3785,,,2197,552,14855,58,367,47,,,3,,475,1422,11361,5928,,,4393,1104,24208,74,622,88,,,5,,789,47560,6193,4704,,58457
Tokyo,2018,492,7700,2945,0,0,1169,2453,14759,2058,3611,309,0,0,402,40,6420,534,14955,5985,0,0,2320,4520,28314,3596,6774,762,0,0,1138,79,12349,43436,6210,456,40,50142
Chubu,2018,1025,5579,1811,0,0,1402,890,10707,529,700,53,0,0,110,0,1392,1315,10792,3439,0,0,2764,1781,20091,888,1298,117,0,0,204,0,2507,30306,3995,1303,0,35604
Hokuriku,2018,278,1638,785,,,241,234,3177,57,79,12,,,,,149,295,2912,1498,,,482,468,5655,57,139,24,,,,,220,9198,3215,251,,12664
Kansai,2018,4708,4197,1960,10,0,1706,1674,14255,2466,1607,351,5,0,90,49,4568,5317,8074,3834,20,0,3305,3347,23897,4225,2724,553,10,0,159,98,7769,32376,73633,979,0,106988
Chugoku,2018,1531,1913,2687,,1001,,828,7959,339,70,227,,12,,,648,1682,3021,4955,,1919,,1656,13233,395,105,348,,24,,,872,20932,25021,1302,,47255
Shikoku,2018,213,1752,91,981,,,279,3315,42,77,1,1,,,,122,221,3408,172,1855,,,558,6213,52,148,2,3,,,,206,9288,2283,341,,11912
Kyushu,2018,2487,4152,809,0,1616,0,943,10007,307,438,1,0,49,0,0,796,2503,7578,1430,0,3109,0,1885,16505,510,779,2,0,110,0,0,1401,25066,42004,778,3,67851
Okinawa,2018,294,436,102,,,,,832,240,99,34,,,,,372,303,509,202,,,,,1014,244,103,73,,,,,420,1209,8486,1,1,9697
Hokkaido,2017,1098,3859,520,1744,,718,,7941,32,322,,9,,,,364,1103,5739,714,3354,,1436,,12346,75,594,,22,,,,691,19015,3930,22334,,45279
Tohoku,2017,1346,6935,3784,,,2196,552,14813,58,361,47,,,3,,469,1421,11320,5926,,,4392,1104,24163,74,615,88,,,5,,782,47404,6194,4709,,58307
Tokyo,2017,491,7707,2950,,,1165,2453,14766,2068,3580,306,,,402,40,6396,533,14973,5996,,,2311,4520,28332,3602,6750,756,,,1145,79,12331,43508,6269,459,42,50278
Chubu,2017,1045,5619,1855,,,1402,890,10811,535,691,53,,,110,,1389,1335,10833,3526,,,2764,1781,20239,898,1268,117,,,204,,2487,30532,4066,1336,,35934
Hokuriku,2017,278,1638,783,,,241,234,3174,57,79,10,,,,,146,295,2911,1493,,,482,468,5650,57,139,20,,,,,215,9201,3229,255,0,12685
Kansai,2017,4699,4197,1956,10,,1707,1674,14243,2467,1616,332,5,,91,49,4560,5336,8073,3834,20,,3307,3348,23918,4208,2740,542,10,,160,98,7758,32458,73268,993,0,106719
Chugoku,2017,1487,1913,2687,,1001,,828,7915,330,71,227,,12,,,641,1633,3021,4954,,1919,,1656,13183,386,106,348,,24,,,865,20936,23730,1348,,46014
Shikoku,2017,206,1749,91,981,,,279,3305,42,77,1,1,,,,122,214,3405,172,1855,,,558,6203,52,149,2,3,,,,206,9280,2188,340,,11808
Kyushu,2017,2455,4154,809,0,1616,0,943,9977,306,440,1,0,49,0,0,796,2470,7584,1430,0,3109,0,1885,16478,502,785,2,0,110,0,0,1398,25092,40991,792,7,66882
Okinawa,2017,303,425,102,,,,,830,238,98,34,,,,,370,311,487,202,,,,,1001,242,102,73,,,,,417,1166,8498,1,1,9666
Hokkaido,2016,1148,3834,519,1744,,697,,7942,32,322,,9,,,,363,1152,5713,713,3354,,1395,,12327,75,594,,22,,,,691,18862,4489,22729,,46080
Tohoku,2016,1343,6907,3762,,,2170,552,14734,57,356,40,,,3,,456,1419,11290,5885,,,4341,1104,24038,73,607,74,,,5,,759,47151,6188,4735,,58074
Tokyo,2016,500,7706,2953,,,1169,2453,14781,2064,3573,311,,,404,40,6392,544,14981,6000,,,2320,4520,28365,3599,6734,762,,,1151,79,12325,43535,6300,491,43,50369
Chubu,2016,1064,5633,1853,,,1403,890,10843,546,679,53,,,109,,1386,1354,10869,3564,,,2766,1781,20334,904,1247,125,,,202,,2477,30655,4065,1363,,36083
Hokuriku,2016,270,1642,785,,,241,234,3172,56,78,8,,,,,142,288,2915,1498,,,482,468,5651,56,137,16,,,,,209,9216,3146,267,,12629
Kansai,2016,4662,4210,1956,10,,1748,1633,14219,2447,1599,332,5,,91,49,4523,5302,8097,3834,20,,3390,3265,23908,4201,2734,542,10,,161,98,7746,32532,72647,1006,,106185
Chugoku,2016,1459,1911,2685,,1000,,828,7884,322,74,228,,12,,,636,1606,3020,4952,,1918,,1656,13152,380,110,344,,24,,,858,20953,23081,1327,,45361
Shikoku,2016,196,1749,91,981,,,279,3296,42,77,1,1,,,,121,205,3405,172,1855,,,558,6194,52,149,2,3,,,,205,9279,2075,343,,11697
Kyushu,2016,2403,4158,809,,1684,,942,9996,314,434,1,,49,,,798,2412,7574,1431,,3167,,1885,16468,515,776,2,,109,,,1402,25259,40047,806,16,66128
Okinawa,2016,306,425,102,,,,,833,242,98,24,,,,,364,314,487,203,,,,,1004,246,102,53,,,,,401,1167,8421,1,2,9591
Hokkaido,2015,1147,3885,523,1744,,697,,7997,31,322,,9,,,,362,1152,5761,720,3354,,1395,,12381,68,593,,22,,,,683,18833,4482,23316,,46631
Tohoku,2015,1371,6887,3776,,,2170,552,14757,56,357,40,,,3,,455,1446,11256,5889,,,4341,1104,24036,72,608,74,,,5,,758,47235,6204,4790,,58229
Tokyo,2015,505,7702,2949,,,1179,2453,14788,2072,3578,309,,,421,40,6420,551,14980,5992,,,2339,4520,28382,3594,6736,778,,,1216,79,12403,43592,6308,496,43,50439
Chubu,2015,1073,5647,1853,0,0,1403,890,10866,553,674,59,0,0,108,0,1395,1391,10882,3564,0,0,2766,1781,20384,913,1237,136,0,0,202,0,2487,30751,4099,1395,0,36245
Hokuriku,2015,273,1642,785,,,241,234,3175,55,76,8,,,,,139,290,2915,1498,,,482,468,5654,55,134,16,,,,,205,9215,3144,293,0,12652
Kansai,2015,4650,4211,1957,10,,1748,1633,14209,2437,1611,332,5,,91,49,4525,5312,8100,3835,20,,3390,3265,23922,4166,2749,541,10,,161,98,7725,32589,72013,1001,,105603
Chugoku,2015,1460,1919,2737,,1012,,828,7955,310,74,212,,12,,,608,1606,3019,5026,,1941,,1656,13248,368,110,326,,24,,,827,21299,22673,1320,,45292
Shikoku,2015,189,1749,90,982,,,279,3289,42,75,,1,,,,118,197,3405,171,1856,,,558,6187,51,147,,3,,,,201,9299,2052,344,,11695
Kyushu,2015,2355,4157,843,0,1682,0,942,9980,306,436,1,0,49,0,0,793,2364,7544,1499,0,3164,0,1885,16455,506,777,2,0,109,0,0,1393,25401,39186,833,18,65438
Okinawa,2015,287,428,102,,,,,816,221,98,24,,,,,343,295,489,203,,,,,987,225,103,53,,,,,380,1148,8096,1,2,9247
Hokkaido,2014,1132,3885,523,1744,,697,,7982,31,320,,9,,,,360,1137,5765,720,3354,,1395,,12371,71,590,,22,,,,683,18828,4481,23220,,46529
Tohoku,2014,1389,6875,3740,,,2170,552,14726,57,354,40,,,3,,454,1465,11215,5815,,,4341,1104,23940,70,605,74,,,5,,754,47176,6229,4899,,58304
Tokyo,2014,507,7701,2953,,,1188,2453,14802,2087,3565,309,,,423,40,6424,553,14974,6000,,,2358,4520,28405,3619,6708,755,,,1179,79,12340,43682,6440,501,47,50670
Chubu,2014,1088,5644,1845,0,0,1403,890,10871,552,664,59,0,0,108,0,1383,1419,10890,3547,0,0,2766,1781,20403,911,1223,136,0,0,202,0,2471,30821,4121,1399,0,36341
Hokuriku,2014,284,1642,785,,,241,234,3185,59,76,8,,,,,144,300,2915,1498,,,482,468,5662,59,134,16,,,,,210,9265,3140,304,,12709
Kansai,2014,4612,4215,1957,10,,1748,1633,14175,2412,1590,332,5,,91,49,4479,5254,8107,3836,20,,3390,3265,23872,4071,2727,542,10,,161,98,7609,32683,71138,1008,18,104847
Chugoku,2014,1427,1912,2736,,994,,828,7897,297,72,212,,12,,,593,1575,3013,5029,,1904,,1656,13176,355,107,325,,24,,,812,21248,21752,1316,,44316
Shikoku,2014,186,1748,90,982,,,279,3284,41,75,,1,,,,117,194,3402,171,1856,,,558,6181,51,147,,3,,,,200,9305,2068,351,,11724
Kyushu,2014,2309,4161,862,0,1664,0,942,9939,306,435,1,0,44,0,0,786,2318,7526,1518,0,3128,0,1885,16376,506,773,2,0,99,0,0,1380,25440,38311,844,18,64613
Okinawa,2014,276,428,102,,,,,805,178,95,24,,,,,297,285,489,203,,,,,976,182,99,53,,,,,335,1148,7735,1,2,8886
Hokkaido,2013,1133,3881,523,1737,,697,,7971,31,318,,9,,,,357,1138,5756,720,3339,,1395,,12347,70,585,,22,,,,677,18752,4474,23358,,46584
Tohoku,2013,1389,6877,3665,,,2171,552,14654,57,350,40,,,3,,450,1465,11190,5782,,,4341,1104,23882,71,594,74,,,5,,744,47043,6279,4897,,58219
Tokyo,2013,516,7703,2946,,,1196,2343,14704,2094,3549,310,,,423,40,6416,561,14981,6000,,,2406,4299,28247,3625,6678,754,,,1176,79,12312,43661,6678,513,71,50923
Chubu,2013,1082,5654,1855,0,0,1403,890,10884,547,652,59,0,0,108,0,1366,1425,10893,3567,0,0,2766,1781,20432,905,1196,136,0,0,202,0,2439,30806,4123,1401,0,36330
Hokuriku,2013,282,1650,785,,,241,234,3191,54,71,5,,,,,130,300,2924,1498,,,482,468,5672,54,129,9,,,,,193,9316,3138,306,,12760
Kansai,2013,4604,4220,1957,10,,1748,1633,14172,2412,1585,332,5,,91,49,4474,5272,8117,3836,20,,3390,3265,23900,4070,2706,540,10,,161,98,7585,32696,71474,1003,21,105194
Chugoku,2013,1413,1919,2736,,994,,828,7889,291,72,213,,12,,,589,1558,3020,5039,,1904,,1656,13175,341,108,330,,24,,,802,21320,21323,1329,,43972
Shikoku,2013,186,1745,90,982,,,279,3281,41,74,,1,,,,116,194,3398,171,1856,,,558,6177,51,146,,3,,,,200,9299,2066,353,,11718
Kyushu,2013,2266,4148,895,0,1650,0,942,9902,286,436,1,0,44,0,0,767,2275,7483,1602,0,3114,0,1885,16359,481,770,2,0,99,0,0,1351,25486,37650,863,18,64017
Okinawa,2013,265,427,102,,,,,794,171,95,24,,,,,289,274,488,203,,,,,965,175,99,53,,,,,327,1144,7306,1,2,8453
Hokkaido,2012,1129,3881,523,1737,,695,,7965,30,313,,9,,,,351,1134,5756,720,3339,,1390,,12339,69,571,,22,,,,662,18753,4352,23421,,46526
Tohoku,2012,1389,6866,3664,,,2170,552,14641,57,353,40,,,3,,453,1464,11182,5779,,,4341,1104,23870,71,589,74,,,5,,739,47000,6279,4903,,58182
Tokyo,2012,522,7703,2949,0,0,1235,2343,14752,2080,3537,307,,,423,40,6387,567,14976,6018,0,0,2484,4299,28344,3582,6648,755,,,1146,79,12210,43757,6839,518,86,51200
Chubu,2012,1099,5657,1849,0,0,1403,890,10898,555,638,59,0,0,108,0,1360,1445,10926,3556,0,0,2752,1781,20460,913,1172,135,0,0,199,0,2419,30856,4206,1413,0,36475
Hokuriku,2012,281,1645,783,,,241,234,3184,53,72,5,,,,,130,300,2914,1494,,,482,468,5657,53,130,9,,,,,192,9316,3139,312,,12767
Kansai,2012,4599,4219,1962,10,,1748,1633,14171,2395,1582,332,5,,91,49,4454,5260,8109,3841,20,,3390,3265,23885,4052,2703,540,10,,161,98,7564,32719,71175,1012,21,104927
Chugoku,2012,1351,1920,2727,,1010,,828,7835,267,73,211,,12,,,563,1499,3022,5022,,1920,,1656,13118,324,108,327,,24,,,783,21390,19936,1267,,42593
Shikoku,2012,185,1745,90,982,,,279,3280,41,73,a,1,,,,116,192,3398,171,1856,,,558,6175,50,145,a,3,,,,199,9300,2058,353,,11711
Kyushu,2012,2243,4141,906,0,1650,0,942,9883,281,437,1,0,45,0,0,763,2252,7482,1612,0,3114,0,1885,16345,473,771,2,0,100,0,0,1345,25496,37273,862,18,63649
Okinawa,2012,247,426,102,,,,,775,160,95,24,,,,,278,256,487,203,,,,,946,164,99,53,,,,,316,1143,6624,1,2,7770
Hokkaido,2011,1168,3865,523,1738,,695,,7989,29,308,,9,,,,346,1173,5729,720,3341,,1390,,12353,68,561,,22,,,,651,18707,4354,23931,8,47000
Tohoku,2011,1453,6840,3663,,,2170,552,14678,57,349,40,,,3,,449,1528,11093,5779,,,4341,1104,23845,71,583,73,,,5,,732,46973,6285,5071,,58329
Tokyo,2011,519,7713,2986,,,1263,2343,14824,2074,3499,308,,,371,40,6291,566,14995,6091,,,2541,4299,28492,3567,6573,755,,,1094,79,12067,44013,6791,477,100,51381
Chubu,2011,1124,5657,1851,0,0,1390,890,10912,555,633,59,0,0,106,0,1353,1489,10921,3560,0,0,2739,1781,20490,911,1164,136,0,0,196,0,2407,30862,4313,1445,0,36620
Hokuriku,2011,281,1642,783,,,241,234,3181,53,72,5,,,,,130,300,2911,1494,,,482,468,5655,53,130,9,,,,,192,9316,3151,312,,12779
Kansai,2011,4546,4215,1950,10,,1748,1633,14102,2361,1576,331,5,,91,49,4413,5225,8106,3822,20,,3390,3265,23828,4026,2690,539,10,,161,98,7525,32719,70241,1035,21,104016
Chugoku,2011,1329,1919,2733,,1010,,828,7819,252,71,211,,12,,,547,1477,3021,5034,,1920,,1656,13108,309,105,328,,24,,,766,21449,19432,1269,,42150
Shikoku,2011,183,1743,90,982,,,279,3277,41,72,a,1,,,,114,190,3394,171,1856,,,558,6170,50,143,a,3,,,,196,9294,2060,353,,11707
Kyushu,2011,2201,4135,907,0,1650,0,942,9835,277,433,1,0,45,0,0,755,2210,7465,1614,0,3114,0,1885,16289,474,764,2,0,100,0,0,1340,25456,36581,879,18,62934
Okinawa,2011,244,426,102,,,,,772,159,95,24,,,,,277,253,488,203,,,,,943,163,99,53,,,,,314,1143,6534,1,3,7681
Hokkaido,2010,1176,3838,523,1738,,695,,7970,29,306,,9,,,,343,1181,5704,720,3341,,1390,,12336,68,558,,22,,,,648,18697,4363,23932,12,47004
Tohoku,2010,1484,6794,3732,,,2171,253,14434,57,347,40,,,3,,447,1560,11014,5847,,,4288,507,23216,70,583,74,,,5,,732,46184,6877,5121,,58182
Tokyo,2010,519,7706,3013,,,1273,2356,14867,2081,3430,307,,,371,40,6228,565,14981,6123,,,2561,4326,28556,3560,6439,754,,,1094,79,11925,44133,6756,483,119,51491
Chubu,2010,1154,5659,1851,0,0,1326,890,10880,559,617,59,0,0,105,0,1340,1524,10915,3560,0,0,2612,1781,20392,917,1134,135,0,0,196,0,2382,30757,4343,1450,,36550
Hokuriku,2010,279,1643,778,0,0,241,234,3175,52,71,3,,,,,126,298,2912,1479,0,0,482,468,5639,52,129,4,0,0,0,0,184,9317,3084,314,0,12715
Kansai,2010,4519,4225,1950,10,,1748,1633,14085,2331,1578,331,5,,91,49,4384,5203,8107,3822,20,,3390,3265,23807,3983,2689,539,10,,161,98,7480,32805,69792,1019,22,103638
Chugoku,2010,1322,1917,2733,,1010,,828,7810,247,77,209,,12,,,545,1470,3017,5025,,1920,,1656,13087,305,115,323,,24,,,766,21450,18994,1273,,41717
Shikoku,2010,180,1743,90,982,,,279,3275,40,72,a,1,,,,113,188,3395,171,1856,,,558,6168,49,143,a,3,,,,195,9303,2078,369,,11750
Kyushu,2010,2132,4122,907,,1650,,858,9668,271,432,1,,45,,,749,2141,7434,1614,,3114,,1716,16019,461,762,2,,100,,,1326,25206,35999,901,19,62125
Okinawa,2010,241,426,101,,,,,769,156,90,22,,,,,268,250,488,202,,,,,940,160,94,50,,,,,304,1141,6381,1,3,7526
Hokkaido,2009,1174,3844,523,1738,,695,,7974,29,301,,9,,,,339,1179,5716,720,3341,,1390,,12346,68,546,,22,,,,636,18768,4370,24057,21,47216
Tohoku,2009,1485,6793,3724,,,2175,196,14373,57,336,40,,,3,,436,1560,10987,5884,,,4350,393,23174,70,557,74,,,5,,706,46150,6888,5198,,58236
Tokyo,2009,518,7702,3018,,,1300,2356,14894,2113,3372,300,,,365,40,6189,566,14960,6136,,,2555,4326,28543,3526,6333,747,,,1082,79,11767,44209,6741,504,133,51587
Chubu,2009,1155,5655,1850,,,1326,890,10876,572,608,58,,,106,,1344,1525,10910,3568,,,2613,1781,20396,922,1134,133,,,195,,2384,30749,4332,1510,,36591
Hokuriku,2009,277,1654,778,,,241,234,3184,52,71,3,,,,,126,296,2942,1479,,,482,468,5666,52,129,4,,,,,185,9377,3047,290,,12714
Kansai,2009,4557,4233,1950,10,,1748,1633,14130,2305,1561,331,5,,92,49,4343,5237,8110,3822,20,,3390,3265,23844,3929,2663,539,10,,162,98,7400,32877,69049,1129,83,103138
Chugoku,2009,1281,1920,2733,,1051,,771,7756,244,77,209,,12,,,541,1430,3022,5025,,2002,,1541,13020,300,115,323,,24,,,761,21419,18289,1275,,40983
Shikoku,2009,180,1743,90,982,,,279,3275,39,72,a,1,,,,113,188,3395,171,1856,,,558,6168,49,143,a,3,,,,195,9308,2074,368,,11750
Kyushu,2009,2086,4116,971,,1690,,858,9720,268,430,1,,44,,,743,2095,7428,1742,,3194,,1716,16175,459,758,2,,99,,,1318,25513,34960,922,19,61414
Okinawa,2009,238,426,101,,,,,766,155,90,22,,,,,267,247,488,202,,,,,936,159,94,50,,,,,303,1141,6282,1,3,7427
Hokkaido,2008,1174,3844,523,1738,,695,,7974,28,298,,9,,,,335,1179,5719,720,3341,,1390,,12349,65,537,,22,,,,625,18783,4371,24126,21,47301
Tohoku,2008,1487,6789,3715,,,2225,146,14362,51,338,40,,,3,,432,1562,10976,5871,,,4451,291,23151,64,559,74,,,5,,702,46091,6929,5230,,58250
Tokyo,2008,521,7691,2996,,,1322,2356,14886,2092,3336,300,,,363,40,6131,563,14982,6092,,,2578,4326,28541,3497,6268,747,,,1061,79,11652,44222,6809,493,149,51673
Chubu,2008,1157,5655,1841,,,1326,890,10869,575,605,57,,,106,,1343,1529,10908,3550,,,2613,1780,20379,922,1127,133,,,195,,2378,30744,4334,1517,,36595
Hokuriku,2008,279,1654,784,,,241,234,3192,52,66,5,,,,,123,298,2942,1485,,,482,468,5675,52,124,5,,,,,182,9402,3080,289,,12771
Kansai,2008,1126,4234,1951,10,0,1748,1633,10701,106,1549,324,5,0,91,49,2125,1658,8114,3822,20,0,3390,3265,20269,166,2632,513,10,0,161,98,3580,31933,2908,473,24,35338
Chugoku,2008,1242,1922,2734,,1051,,771,7720,235,76,209,,12,,,532,1394,3025,5024,,2002,,1541,12986,287,113,323,,24,,,747,21436,17485,1242,,40163
Shikoku,2008,180,1743,90,982,,,279,3274,39,67,a,1,,,,108,188,3394,171,1856,,,558,6167,49,136,a,3,,,,188,9304,2067,374,,11745
Kyushu,2008,1675,4141,970,,1672,,858,9316,116,428,1,,44,,,589,1684,7470,1740,,3157,,1716,15767,148,752,2,,99,,,1000,25581,26949,918,18,53466
Okinawa,2008,233,425,101,,,,,759,147,89,22,,,,,258,242,484,202,,,,,929,147,94,50,,,,,291,1139,6113,1,3,7256
Hokkaido,2007,1175,3838,523,1853,,581,,7970,26,295,,9,,,,331,1180,5715,720,3570,,1162,,12347,64,532,,22,,,,619,18777,4386,24130,21,47314
Tohoku,2007,1509,6773,3737,,,2225,146,14390,49,335,40,,,3,,427,1584,10942,5875,,,4451,291,23143,61,556,73,,,5,,695,46048,6986,5425,,58459
Tokyo,2007,526,7701,3001,0,0,1322,2356,14906,2070,3302,290,0,0,363,40,6064,577,14989,6093,0,0,2578,4326,28563,3454,6204,713,0,0,1060,79,11510,44378,6796,526,176,51876
Chubu,2007,1162,5651,1841,,,1326,890,10870,580,599,57,,,106,,1342,1536,10900,3549,,,2613,1780,20378,925,1115,133,,,196,,2369,30778,4316,1522,,36616
Hokuriku,2007,278,1655,785,,,241,234,3193,52,58,1,,,,,111,297,2943,1485,,,482,468,5676,52,105,2,,,,,159,9408,3114,285,,12807
Kansai,2007,1127,4255,1955,10,,1748,1633,10727,109,1526,324,5,,81,49,2094,1659,8151,3830,20,,3390,3265,20314,166,2577,513,10,,140,98,3504,31983,2861,487,28,35359
Chugoku,2007,1173,1922,2734,,1051,,771,7651,230,76,199,,12,,,517,1325,3026,5027,,2002,,1541,12921,281,113,306,,24,,,724,21467,16026,1223,,38716
Shikoku,2007,189,1730,90,982,,,279,3270,38,66,a,1,,,,105,196,3382,171,1856,,,558,6163,48,134,a,3,,,,185,9302,2265,104,,11671
Kyushu,2007,1651,4134,977,,1709,,858,9328,93,420,1,,44,,,558,1660,7457,1756,,3213,,1716,15803,125,731,2,,99,,,957,25725,26322,927,18,52992
Okinawa,2007,237,427,101,,,,,765,131,88,22,,,,,241,246,484,202,,,,,933,147,91,50,,,,,289,1150,6104,1,3,7258
Hokkaido,2006,1174,3838,523,1853,,515,,7902,26,294,,9,,,,329,1179,5715,720,3570,,1030,,12213,64,530,,22,,,,616,18607,4381,24156,21,47165
Tohoku,2006,1490,6722,3740,,,2225,146,14323,48,331,31,,,3,,413,1566,10883,5882,,,4450,291,23072,60,549,55,,,5,,669,45878,6913,5845,,58636
Tokyo,2006,532,7721,2999,,,1322,2356,14930,2015,3253,305,,,365,40,5978,581,15039,6091,,,2578,4326,28615,3350,6117,737,,,1042,79,11325,44519,6840,500,190,52049
Chubu,2006,1173,5614,1839,,,1380,890,10896,580,579,57,,,106,,1322,1554,10848,3545,,,2613,1780,20340,925,1086,133,,,196,,2340,30808,4322,1517,,36647
Hokuriku,2006,265,1655,785,,,241,234,3181,52,58,1,,,,,111,288,2938,1487,,,482,468,5663,52,105,1,,,,,159,9418,2935,344,,12697
Kansai,2006,1122,4246,1965,10,,1748,1633,10724,109,1528,317,5,,81,49,2089,1661,8184,3849,20,,3389,3265,20370,165,2579,499,10,,140,98,3491,32009,2586,488,29,35112
Chugoku,2006,1126,1922,2716,,1051,,771,7586,226,76,199,,12,,,513,1279,3027,4989,,2002,,1541,12838,279,112,307,,24,,,722,21453,15176,1208,,37837
Shikoku,2006,181,1731,90,982,,,279,3263,36,66,a,1,,,,103,187,3382,168,1856,,,558,6151,45,134,a,3,,,,182,9306,1890,376,,11572
Kyushu,2006,1612,4131,987,,1709,,858,9297,87,417,4,,44,,,552,1623,7455,1758,,3215,,1716,15767,120,727,9,,99,,,955,25742,25789,948,18,52497
Okinawa,2006,225,414,101,,,,,740,126,85,17,,,,,228,234,481,202,,,,,917,142,88,40,,,,,270,1149,5653,1,3,6806
Hokkaido,2005,1173,3843,523,1853,,515,,7906,24,291,,9,,,,324,1178,5721,720,3570,,1030,,12218,62,524,,22,,,,609,18597,4364,24272,21,47254
Tohoku,2005,1504,6699,3707,,,2225,146,14280,47,322,31,,,3,,402,1580,10834,5815,,,4450,291,22970,59,530,55,,,5,,649,45716,7208,5941,,58865
Tokyo,2005,548,7741,3000,,,1322,2356,14967,1985,3234,337,,,345,40,5940,603,15045,6091,,,2578,4326,28643,3297,6075,779,,,1007,79,11237,44600,6895,579,221,52295
Chubu,2005,1197,5606,1839,,,1305,890,10837,578,571,57,,,106,,1312,1580,10837,3545,,,2570,1780,20312,918,1072,133,,,196,,2319,30805,4355,1565,,36725
Hokuriku,2005,246,1652,785,,,241,234,3159,51,58,1,,,,,109,278,2942,1486,,,482,468,5656,51,105,1,,,,,157,9416,2742,336,,12494
Kansai,2005,1139,4290,1965,10,,1748,1633,10784,114,1523,316,5,,81,49,2089,1681,8244,3849,20,,3389,3265,20449,177,2572,498,10,,140,98,3495,32251,2593,492,33,35369
Chugoku,2005,1104,1922,2762,,1066,,771,7625,226,76,198,,12,,,512,1258,3027,4988,,2017,,1541,12830,279,112,306,,24,,,721,21505,14593,1190,,37288
Shikoku,2005,177,1730,90,982,,,279,3258,34,65,a,1,,,,100,183,3381,168,1857,,,558,6146,42,133,a,3,,,,178,9303,1865,375,,11543
Kyushu,2005,1587,4117,1012,,1698,,812,9226,87,407,4,,45,,,543,1598,7453,1801,,3191,,1624,15666,119,710,9,,100,,,937,25700,25253,962,18,51933
Okinawa,2005,211,414,101,,,,,726,113,84,17,,,,,213,220,481,202,,,,,903,128,87,34,,,,,250,1149,5187,1,3,6340
Hokkaido,2004,1173,3838,519,1853,,441,,7823,24,291,,9,,,,325,1178,5703,720,3570,,882,,12053,62,523,,22,,,,608,18423,4381,24229,21,47054
Tohoku,2004,1505,6730,3706,,,2225,146,14312,47,318,31,,,3,,399,1580,10830,5815,,,4450,291,22967,59,524,55,,,5,,643,45735,7224,5987,,58946
Tokyo,2004,548,7801,2971,,,1322,2356,14998,1987,3223,337,,,345,40,5932,604,15124,6029,,,2578,4326,28661,3249,6054,789,,,1007,79,11178,44634,7076,504,280,52494
Chubu,2004,1189,5617,1880,,,1305,890,10881,577,570,53,,,105,,1305,1574,10856,3630,,,2570,1780,20410,924,1069,123,,,196,,2312,30983,4383,1586,,36952
Hokuriku,2004,246,1654,785,,,241,165,3091,51,57,1,,,,,109,278,2945,1486,,,482,330,5522,51,105,1,,,,,156,9273,2743,336,,12352
Kansai,2004,1175,4299,1965,10,,1755,1633,10837,115,1533,316,5,,56,49,2074,1740,8264,3850,20,,3404,3265,20543,178,2581,497,10,,125,98,3488,32445,2175,494,137,35251
Chugoku,2004,1081,1930,2760,,1066,,771,7608,213,75,197,,12,,,497,1235,3029,4990,,2017,,1541,12812,266,113,303,,24,,,706,21530,14047,1207,,36784
Shikoku,2004,176,1732,90,982,,,279,3259,34,65,,1,,,,101,182,3383,168,1857,,,558,6147,42,133,,3,,,,178,9312,1839,375,,11526
Kyushu,2004,1576,4093,1011,,1694,,812,9186,87,350,4,,45,,,486,1587,7421,1799,,3185,,1624,15616,119,595,9,,100,,,823,25689,24971,965,18,51643
Okinawa,2004,196,415,101,,,,,712,88,84,17,,,,,189,205,482,202,,,,,889,104,87,34,,,,,225,1150,4865,1,3,6019
Hokkaido,2003,1171,3889,519,1853,,441,,7873,24,288,,9,,,,321,1173,5788,720,3570,,882,,12133,62,518,,22,,,,602,18587,4371,24265,21,47244
Tohoku,2003,1505,6766,3748,,,2225,146,14390,47,317,31,,,3,,397,1581,10795,5851,,,4450,291,22967,57,519,55,,,5,,636,45843,7239,6034,,59116
Tokyo,2003,548,7836,2972,,,1321,2347,15024,1973,3215,326,,,345,40,5898,611,15157,6032,,,2577,4316,28693,3222,6017,796,,,1007,79,11120,44796,7014,477,310,52597
Chubu,2003,1190,5650,1889,,,1305,890,10924,576,548,58,,,105,,1287,1575,10921,3648,,,2570,1780,20494,930,1047,133,,,196,,2306,31100,4348,1582,,37030
Hokuriku,2003,244,1655,785,,,241,149,3074,50,57,1,,,,,108,276,2947,1486,,,482,298,5490,50,105,1,,,,,156,9241,2779,343,,12363
Kansai,2003,1172,4351,2122,10,,1755,1633,11042,106,1528,316,5,,56,49,2061,1740,8354,4164,20,,3404,3265,20947,168,2564,497,10,,125,98,3462,33291,1444,568,249,35552
Chugoku,2003,1037,1954,2760,,1066,,771,7588,197,75,197,,,,,469,1192,3054,4989,,2017,,1541,12793,248,113,301,,,,,662,21658,13036,1204,,35898
Shikoku,2003,183,1722,90,982,,,279,3256,34,67,,1,,,,102,188,3369,168,1857,,,558,6140,42,135,,3,,,,180,9304,1837,375,,11516
Kyushu,2003,1575,4084,1010,,1697,,812,9178,86,356,4,,44,,,490,1586,7400,1798,,3190,,1624,15598,118,597,9,,100,,,824,25627,24975,997,19,51618
Okinawa,2003,196,383,101,,,,,681,88,79,17,,,,,184,205,473,202,,,,,880,104,82,34,,,,,220,1151,4857,1,3,6012
Hokkaido,2002,1176,3908,519,1878,,441,,7922,24,273,,9,,,,306,1178,5827,720,3593,,882,,12200,62,493,,22,,,,577,18734,4370,24329,21,47454
Tohoku,2002,1492,6794,3745,,,2174,146,14351,42,315,25,,,3,,386,1567,10817,5811,,,4349,291,22835,53,508,44,,,5,,611,45820,7027,6116,,58963
Tokyo,2002,537,7850,2975,,,1321,2347,15030,1969,3195,316,,,345,40,5865,592,15184,6038,,,2577,4316,28707,3195,6024,795,,,1007,79,11099,44863,6570,510,316,52259
Chubu,2002,1202,5646,1888,,,1305,853,10894,587,541,56,,,105,,1289,1589,10911,3647,,,2570,1706,20423,931,1032,131,,,196,,2290,31020,4360,1589,,36969
Hokuriku,2002,239,1655,790,,,241,149,3074,50,55,1,,,,,105,271,2948,1491,,,482,298,5491,50,100,1,,,,,151,9291,2779,343,,12413
Kansai,2002,1229,4376,2118,10,,1755,1617,11105,107,1533,309,5,,56,49,2059,1817,8401,4152,20,,3404,3234,21028,168,2568,490,10,,112,98,3446,33373,1561,588,368,35890
Chugoku,2002,1031,1973,2751,,1066,,771,7592,186,77,196,,,,,459,1184,3073,4981,,2017,,1541,12796,233,115,295,,,,,643,21686,12848,1173,3,35710
Shikoku,2002,176,1728,90,982,,,279,3255,34,67,,1,,,,102,181,3375,168,1857,,,558,6139,38,135,,3,,,,176,9305,1802,389,2,11498
Kyushu,2002,1541,4103,1011,,1653,,812,9120,88,349,4,,41,,,482,1554,7436,1800,,3101,,1624,15515,120,596,9,,95,,,820,25605,24259,1030,40,50934
Okinawa,2002,160,375,101,,,,,636,63,78,17,,,,,158,169,466,202,,,,,836,79,81,34,,,,,195,1144,3921,1,3,5069
Hokkaido,2001,1176,3916,519,1878,,441,,7931,23,270,,9,,,,302,1178,5840,720,3593,,882,,12212,61,488,,22,,,,571,18747,4375,24393,21,47536
Tohoku,2001,1527,6778,3829,,,2174,146,14453,42,318,25,,,3,,388,1602,10787,5859,,,4349,291,22889,53,509,44,,,5,,611,45912,7049,6602,16,59579
Tokyo,2001,567,7821,2975,,,1303,2347,15013,1962,3163,315,,,345,40,5824,630,15154,6046,,,2541,4316,28687,3141,5977,789,,,1007,79,10992,44872,6842,564,347,52625
Chubu,2001,1230,5634,1888,,,1352,853,10957,586,531,67,,,91,,1275,1610,10913,3639,,,2570,1706,20438,927,1018,142,,,167,,2254,31152,4375,1602,,37129
Hokuriku,2001,239,1646,788,,,241,149,3064,47,54,1,,,,,101,271,2928,1487,,,482,298,5467,47,98,1,,,,,146,9289,2796,342,,12427
Kansai,2001,1298,4399,2130,10,,1753,1617,11207,107,1525,309,5,,51,49,2046,1934,8421,4149,20,,3401,3234,21159,167,2557,479,10,,102,98,3413,33729,1653,656,454,36492
Chugoku,2001,1011,1992,2730,,1066,,771,7569,174,79,192,,,,,445,1168,3059,4959,,2017,,1541,12743,220,118,290,,,,,628,21681,12049,1252,3,34985
Shikoku,2001,171,1748,90,982,,,279,3270,31,67,,1,,,,99,177,3367,168,1857,,,558,6127,36,134,,3,,,,173,9291,1713,394,2,11400
Kyushu,2001,1521,4128,1011,,1720,,649,9029,83,343,4,,41,,,471,1534,7484,1800,,3236,,1298,15352,116,579,9,,95,,,799,25467,24046,1082,61,50656
Okinawa,2001,156,369,101,,,,,627,62,77,17,,,,,157,163,468,183,,,,,813,78,80,35,,,,,193,1158,3856,1,3,5018
Hokkaido,2000,1178,3904,519,1986,,317,,7904,23,267,,9,,,,299,1180,5807,720,3808,,635,,12150,61,482,,22,,,,565,18652,4384,24402,21,47459
Tohoku,2000,1526,6762,3828,,,2089,146,14351,42,313,25,,,3,,383,1602,10744,5859,,,4179,291,22675,52,501,44,,,5,,602,45617,7049,6681,16,59363
Tokyo,2000,557,7810,3099,,,1281,2347,15094,1949,3136,316,,,339,40,5779,622,15131,6282,,,2496,4316,28847,3124,5953,789,,,987,79,10933,45253,6712,570,350,52885
Chubu,2000,1233,5617,1881,,,1259,853,10842,600,522,67,,,91,,1280,1614,10878,3625,,,2477,1706,20300,943,1002,142,,,167,,2254,31007,4377,1610,,36994
Hokuriku,2000,239,1660,772,,,241,149,3062,43,52,1,,,,,96,271,2928,1456,,,482,298,5437,43,97,1,,,,,141,9258,2828,340,,12426
Kansai,2000,1334,4384,2130,10,37,1739,1479,11113,105,1506,309,5,,46,49,2020,1969,8400,4144,20,74,3372,2959,20938,164,2522,478,10,,93,98,3365,33491,1696,689,563,36439
Chugoku,2000,959,2000,2705,,1035,,686,7386,172,79,187,,,,,438,1109,3066,4921,,1955,,1372,12424,218,121,286,,,,,624,21376,11334,1219,11,33940
Shikoku,2000,166,1745,90,1020,,,279,3300,30,67,,1,,,,98,172,3361,168,1857,,,558,6116,35,134,,3,,,,172,9371,1578,390,2,11341
Kyushu,2000,1503,4115,1024,,1722,,649,9013,82,345,4,,41,,,472,1517,7461,1824,,3240,,1298,15340,114,578,9,,95,,,796,25498,23702,1092,61,50353
Okinawa,2000,137,377,93,,,,,607,62,77,17,,,,,157,143,485,166,,,,,793,78,80,35,,,,,193,1157,3323,1,3,4484
Hokkaido,1999,1181,3880,565,1986,,317,,7929,23,265,,9,,,,297,1182,5705,795,3808,,635,,12125,61,478,,22,,,,561,18578,4368,24828,63,47837
Tohoku,1999,1570,6683,3830,,,2089,146,14318,41,304,25,,,3,,373,1645,10590,5849,,,4179,291,22554,52,483,44,,,5,,584,45463,7011,7023,16,59513
Tokyo,1999,564,7812,3099,,,1280,2347,15102,1901,3076,304,,,341,,5622,632,15091,6282,,,2496,4316,28817,3023,5840,788,,,952,,10602,45250,6888,574,459,53171
Chubu,1999,1262,5606,1864,,,1251,853,10836,608,495,67,,,91,,1261,1660,10858,3592,,,2461,1706,20277,963,953,142,,,167,,2225,30994,4416,1616,,37026
Hokuriku,1999,232,1653,788,,,241,149,3064,44,47,1,,,,,92,260,2900,1489,,,482,298,5429,44,86,1,,,,,131,9288,2735,345,,12368
Kansai,1999,1345,4358,2126,10,37,1739,1395,11010,105,1497,294,5,,46,,1948,1985,8344,4135,20,74,3372,2791,20721,164,2502,463,10,,93,,3232,33329,1737,687,596,36349
Chugoku,1999,924,2001,2694,,994,,686,7300,167,76,183,,,,,425,1078,3043,4911,,1873,,1372,12278,212,115,281,,,,,609,21294,10592,1226,11,33123
Shikoku,1999,164,1733,90,1020,,,279,3286,28,67,,1,,,,96,170,3360,168,1857,,,558,6113,32,134,,3,,,,169,9350,1534,389,2,11275
Kyushu,1999,1486,4077,1054,,1703,,649,8969,81,342,4,,41,,,468,1501,7364,1890,,3202,,1298,15255,113,565,9,,95,,,782,25419,23144,1197,70,49830
Okinawa,1999,119,332,82,,,,,533,58,77,12,,,,,147,125,440,143,,,,,707,83,80,24,,,,,186,1085,2899,1,3,3988
Hokkaido,1998,1180,3882,609,1969,,317,,7957,23,258,,4,,,,285,1182,5707,862,3773,,635,,12159,61,465,,13,,,,539,18622,4388,24941,63,48014
Tohoku,1998,1594,6691,3879,,,1826,146,14136,41,298,25,,,3,,367,1669,10509,5948,,,3652,291,22069,50,475,42,,,5,,572,44789,7161,7244,16,59210
Tokyo,1998,306,7825,3102,,,1275,2216,14724,1378,2999,302,,,350,,5029,373,15044,6287,,,2484,4054,28242,1854,5657,783,,,952,,9246,45052,939,466,486,46943
Chubu,1998,1308,5537,1870,,,1245,853,10813,609,481,54,,,68,,1212,1733,10721,3597,,,2450,1706,20207,970,926,104,,,120,,2120,30959,4465,1724,,37148
Hokuriku,1998,230,1658,789,,,240,149,3066,44,43,1,,,,,87,258,2920,1489,,,480,298,5446,44,79,1,,,,,123,9305,2702,325,,12332
Kansai,1998,1370,4349,2126,10,37,1739,1344,10975,106,1477,292,5,,46,,1926,2015,8324,4135,20,74,3373,2689,20630,164,2460,460,10,,93,,3187,33282,1751,709,645,36387
Chugoku,1998,894,1983,2711,,991,,686,7265,156,76,176,,,,,408,1049,3030,4935,,1868,,1372,12254,198,116,272,,,,,586,21335,9912,1266,11,32524
Shikoku,1998,146,1739,90,993,,,185,3153,27,67,,1,,,,95,152,3362,168,1803,,,370,5855,31,132,,3,,,,166,9096,1327,379,2,10804
Kyushu,1998,1456,4081,1103,,1713,,649,9002,80,340,4,,41,,,465,1471,7397,1987,,3221,,1298,15374,112,562,9,,95,,,778,25674,22679,1219,82,49654
Okinawa,1998,115,328,82,,,,,526,53,77,12,,,,,142,121,433,144,,,,,697,75,80,24,,,,,178,1074,2873,1,3,3951
Hokkaido,1997,1181,3879,609,1880,,317,,7866,23,248,,4,,,,275,1185,5697,862,3597,,635,,11976,61,447,,13,,,,521,18324,4388,25021,63,47796
Tohoku,1997,1594,6624,3988,,,1826,146,14178,40,296,25,,,3,,363,1665,10334,6082,,,3652,291,22024,48,470,42,,,5,,566,44863,7049,7478,45,59435
Tokyo,1997,299,7795,3101,,,1275,2197,14667,1379,2919,311,,,340,,4949,367,14961,6286,,,2484,4016,28114,1842,5544,782,,,952,,9120,44991,986,491,510,46978
Chubu,1997,1317,5488,1895,,,1245,652,10597,607,465,54,,,68,,1194,1772,10638,3661,,,2450,1304,19825,963,893,104,,,117,,2077,30406,4184,1714,2,36306
Hokuriku,1997,226,1663,789,,,240,137,3054,43,40,1,,,,,84,249,2923,1489,,,480,273,5414,43,74,1,,,,,118,9302,2507,388,,12197
Kansai,1997,1378,4333,2126,10,37,1738,1344,10966,104,1451,272,5,,38,,1871,2023,8295,4135,20,74,3370,2689,20606,161,2407,440,10,,77,,3095,33234,1775,715,864,36588
Chugoku,1997,870,1979,2712,,942,,533,7037,147,76,169,,,,,391,1025,3022,4938,,1769,,1067,11821,188,115,257,,,,,560,20859,9406,1268,14,31547
Shikoku,1997,148,1737,90,993,,,185,3153,27,67,,1,,,,95,153,3359,168,1803,,,370,5853,30,131,,3,,,,164,9093,1322,385,2,10802
Kyushu,1997,1418,4067,1148,,1713,,649,8995,75,332,4,,41,,,452,1435,7361,2051,,3221,,1298,15366,106,550,9,,87,,,752,25808,21957,1297,83,49145
Okinawa,1997,105,327,82,,,,,514,53,72,12,,,,,137,112,432,144,,,,,688,74,75,24,,,,,173,1082,2599,1,3,3685
Hokkaido,1996,1184,3878,609,2098,,100,,7869,26,238,,4,,,,268,1189,5695,862,4031,,201,,11978,55,429,,13,,,,497,18300,4374,25168,63,47905
Tohoku,1996,1596,6613,3946,,,1807,146,14107,36,283,25,,,3,,347,1666,10263,6001,,,3614,291,21836,41,445,42,,,5,,534,44607,7092,7581,66,59346
Tokyo,1996,301,7733,3081,,,1274,2197,14586,1369,2867,310,,,333,,4879,371,14827,6247,,,2482,4016,27943,1818,5387,779,,,951,,8935,44851,965,502,599,46917
Chubu,1996,1347,5455,1884,,,1245,652,10583,619,440,54,,,70,,1183,1829,10572,3641,,,2450,1304,19796,972,842,104,,,92,,2010,30412,4305,1820,3,36540
Hokuriku,1996,226,1661,788,,,316,61,3052,43,40,1,,,,,84,246,2922,1487,,,631,122,5409,43,73,1,,,,,117,9332,2518,384,,12234
Kansai,1996,1387,4275,2126,10,37,1795,1224,10854,107,1434,269,5,,39,,1853,2042,8178,4136,20,75,3484,2448,20382,168,2376,437,10,,77,,3067,33043,1774,700,901,36418
Chugoku,1996,826,1985,2830,,931,,380,6953,143,77,163,,,,,382,982,2986,5065,,1748,,760,11541,178,111,250,,,,,539,20556,8851,1261,27,30695
Shikoku,1996,147,1733,90,993,,,185,3148,27,65,,1,,,,93,152,3327,168,1803,,,370,5820,30,129,,3,,,,162,9078,1321,379,8,10786
Kyushu,1996,1227,4059,1188,,1713,,649,8836,71,330,4,,34,,,439,1244,7342,2131,,3221,,1298,15236,102,524,9,,80,,,715,25944,18470,1352,141,45907
Okinawa,1996,103,313,82,,,,,498,48,65,12,,,,,125,108,417,144,,,,,669,69,65,24,,,,,158,1089,2603,20,4,3716
Hokkaido,1995,1227,3852,611,2038,,100,,7828,25,229,,4,,,,258,1232,5706,863,3912,,201,,11914,53,414,,13,,,,480,18181,4331,25053,63,47628
Tohoku,1995,1607,6578,3945,,,1789,146,14064,34,269,21,,,3,,327,1677,10097,6001,,,3578,291,21644,37,417,39,,,5,,499,44447,7097,7789,183,59516
Tokyo,1995,345,7750,3059,,,1274,2064,14492,1399,2829,312,,,323,,4863,427,14822,6200,,,2482,3775,27706,1835,5275,778,,,931,,8819,44803,996,616,799,47214
Chubu,1995,1378,5399,1884,,,1244,557,10462,617,418,54,,,46,,1135,1879,10458,3641,,,2449,1114,19541,962,800,104,,,92,,1958,30097,4316,1963,3,36379
Hokuriku,1995,225,1628,754,,,369,,2976,39,38,1,,,,,78,249,2832,1419,,,739,,5238,39,70,1,,,,,110,9132,2540,414,,12086
Kansai,1995,1411,4265,2131,12,37,1805,1181,10842,105,1413,269,5,,38,,1831,2079,8153,4135,24,75,3504,2363,20333,171,2324,429,5,,77,,3006,33079,1784,684,975,36522
Chugoku,1995,784,1969,2710,,933,,380,6776,130,77,146,,,,,353,937,2961,4884,,1750,,760,11292,167,113,221,,,,,501,20257,7878,1257,35,29427
Shikoku,1995,148,1735,90,994,,,185,3152,21,66,,1,,,,88,154,3330,168,1804,,,370,5826,21,128,,3,,,,152,9090,1356,383,8,10837
Kyushu,1995,315,4044,1189,,1894,,465,7907,34,306,4,,34,,,378,332,7331,2132,,3540,,930,14265,41,494,8,,81,,,624,25896,1794,1005,106,28801
Okinawa,1995,103,287,82,,,,,472,48,57,12,,,,,117,108,392,144,,,,,644,69,62,24,,,,,155,1009,2505,20,4,3538
Hokkaido,1994,1235,3808,612,2036,,100,,7791,23,209,,4,,,,236,1239,5623,865,3909,,201,,11837,52,378,,13,,,,443,18073,4332,25108,64,47577
Tohoku,1994,1650,6492,3833,,,1720,120,13815,32,259,19,,,3,,313,1721,9878,5791,,,3440,239,21069,35,399,35,,,5,,474,43767,7036,7956,277,59036
Tokyo,1994,360,7688,3054,,,1274,2034,14410,1398,2687,303,,,247,,4635,443,14686,6192,,,2482,3715,27518,1826,5061,778,,,746,,8411,44675,986,661,898,47220
Chubu,1994,1437,5350,1854,,,1221,513,10375,605,398,54,,,46,,1103,1957,10357,3582,,,2403,1027,19326,927,756,104,,,92,,1879,29955,4520,2038,4,36517
Hokuriku,1994,223,1622,754,,,369,,2968,37,38,1,,,,,76,247,2831,1417,,,739,,5234,37,70,1,,,,,108,9166,2557,414,,12137
Kansai,1994,1427,4240,2130,12,37,1782,1181,10809,106,1389,257,5,,23,,1780,2125,8120,4134,24,75,3458,2361,20297,174,2251,417,5,,46,,2893,33129,1789,692,1064,36674
Chugoku,1994,482,1950,2688,,925,,373,6418,111,77,134,,,,,322,636,2900,4813,,1735,,746,10830,147,112,200,,,,,459,20111,1943,797,5,22856
Shikoku,1994,145,1729,90,994,,,185,3143,21,61,,1,,,,83,150,3304,168,1804,,,370,5796,21,120,,3,,,,144,9111,1341,384,8,10844
Kyushu,1994,318,4027,1183,,1859,,465,7852,35,301,4,,35,,,375,335,7273,2121,,3470,,930,14129,43,483,8,,81,,,615,25818,1780,1014,111,28723
Okinawa,1994,84,262,82,,,,,428,45,53,12,,,,,110,89,385,143,,,,,617,66,58,24,,,,,148,1009,2099,20,4,3132
Hokkaido,1993,1276,3722,612,2080,,100,,7790,24,195,,4,,,,223,1281,5500,866,3996,,201,,11844,52,348,,13,,,,413,18200,3823,25005,65,47093
Tohoku,1993,1685,6358,3824,,,1840,,13707,28,251,19,,,3,,301,1740,9557,5781,,,3680,,20758,31,380,35,,,5,,451,43276,6807,8439,454,58976
Tokyo,1993,359,7589,3036,,,1269,2034,14287,1390,2598,309,,,240,,4537,443,14481,6157,,,2472,3714,27267,1814,4938,777,,,706,,8235,44413,962,672,938,46985
Chubu,1993,1484,5275,1855,,,1220,513,10347,613,373,54,,,46,,1086,1985,10205,3583,,,2399,1027,19199,926,712,104,,,92,,1834,29786,4608,2191,6,36591
Hokuriku,1993,224,1627,742,,,369,,2962,37,38,1,,,,,76,247,2835,1396,,,739,,5217,37,70,1,,,,,108,9163,2550,414,,12127
Kansai,1993,1438,4222,2126,12,56,1784,1181,10819,105,1350,257,5,,23,,1740,2149,8085,4135,24,111,3463,2361,20328,173,2185,417,5,,46,,2826,33217,1746,696,1177,36836
Chugoku,1993,474,1950,2655,,900,,373,6352,100,79,127,,,,,306,624,2877,4769,,1685,,746,10701,131,115,184,,,,,430,19947,1844,832,27,22650
Shikoku,1993,129,1732,90,1109,,,123,3183,19,60,,2,,,,81,134,3311,168,1957,,,245,5815,20,114,,3,,,,137,9233,1051,376,8,10668
Kyushu,1993,310,4030,1183,,1759,,465,7747,34,286,4,,33,,,357,328,7248,2121,,3270,,930,13897,42,443,8,,78,,,571,25561,1622,1110,177,28470
Okinawa,1993,88,258,82,,,,,428,45,51,12,,,,,108,93,381,127,,,,,601,66,56,12,,,,,134,1020,2133,20,11,3184
Hokkaido,1992,1245,3688,612,1965,,100,,7610,26,174,,5,,,,205,1250,5460,866,3767,,200,,11543,55,309,,13,,,,377,17863,3822,24451,87,46223
Tohoku,1992,1690,6310,3795,,,1821,,13616,28,234,19,,,3,,284,1732,9419,5734,,,3642,,20527,31,352,35,,,5,,423,42856,6882,8577,687,59002
Tokyo,1992,362,7491,3039,,,1276,1898,14066,1386,2520,302,,,240,,4448,452,14285,6161,,,2487,3460,26845,1819,4774,778,,,706,,8077,43966,966,712,983,46627
Chubu,1992,1529,5238,1805,,,1208,437,10217,602,347,47,,,19,,1015,2068,10134,3484,,,2376,875,18937,911,659,88,,,38,,1696,29587,4439,2312,6,36344
Hokuriku,1992,230,1624,742,,,347,,2943,35,37,1,,,,,73,254,2825,1396,,,694,,5169,35,67,1,,,,,103,9128,2594,424,,12146
Kansai,1992,1471,4202,2125,12,56,1784,1181,10831,109,1308,257,5,,23,,1702,2196,8038,4132,24,111,3463,2361,20325,177,2096,417,5,,46,,2741,33230,1777,748,1252,37007
Chugoku,1992,458,1971,2583,,889,,373,6274,85,79,116,,,,,280,604,2836,4616,,1663,,746,10465,106,107,166,,,,,379,19728,1697,842,70,22337
Shikoku,1992,125,1727,90,1158,,,,3100,18,59,,1,,,,78,130,3300,168,1990,,,,5588,19,111,,3,,,,133,9056,974,366,8,10404
Kyushu,1992,310,4017,1192,,1630,,441,7590,35,282,4,,33,,,354,328,7198,2129,,3011,,883,13549,42,435,8,,78,,,563,25167,1619,1147,187,28120
Okinawa,1992,87,237,60,,,,,384,44,48,7,,,,,99,93,355,98,,,,,546,66,53,7,,,,,126,907,2269,20,11,3207
Hokkaido,1991,1299,3513,666,1897,,100,,7475,22,174,,4,,,,200,1304,5221,919,3618,,201,,11263,44,296,,9,,,,349,17433,3764,24488,122,45807
Tohoku,1991,1644,6275,3786,,,1767,,13472,30,226,19,,,3,,278,1673,9278,5649,,,3533,,20133,33,336,35,,,5,,409,42313,6138,8674,975,58100
Tokyo,1991,368,7386,3062,,,1258,1730,13804,1387,2403,283,,,240,,4313,461,14075,6260,,,2452,3124,26372,1816,4510,731,,,706,,7763,43707,993,706,1048,46454
Chubu,1991,1607,5157,1800,,,1208,437,10209,605,325,47,,,19,,996,2145,9973,3473,,,2376,875,18842,902,612,88,,,38,,1640,29496,4551,2430,10,36487
Hokuriku,1991,236,1598,742,,,347,,2923,35,35,1,,,,,71,261,2771,1396,,,694,,5122,35,64,1,,,,,100,9018,2690,451,,12159
Kansai,1991,1467,4193,2119,12,56,1784,1163,10794,109,1293,239,5,,23,,1669,2189,8016,4127,24,111,3463,2325,20255,180,2061,399,5,,46,,2691,33170,1728,760,1358,37016
Chugoku,1991,453,1977,2564,,889,,373,6256,78,68,112,,,,,258,594,2784,4582,,1663,,746,10369,98,94,154,,,,,346,19671,1589,819,70,22149
Shikoku,1991,116,1749,90,1158,,,,3113,17,58,,1,,,,76,121,3296,168,1990,,,,5575,18,110,,3,,,,131,9099,922,402,8,10431
Kyushu,1991,361,3991,1235,,1661,,441,7689,35,276,4,,33,,,348,380,7112,2145,,3075,,883,13595,43,422,8,,70,,,543,25405,1608,1336,333,28682
Okinawa,1991,84,242,60,,,,,386,33,41,6,,,,,80,89,366,99,,,,,554,53,47,6,,,,,106,920,2135,20,60,3135
Hokkaido,1990,1335,3436,666,1882,,100,,7419,22,161,,4,,,,187,1340,5133,918,3582,,201,,11174,44,273,,9,,,,326,17403,3152,24434,152,45141
Tohoku,1990,1603,6177,3823,,,1767,,13370,28,217,19,,,3,,267,1635,9078,5686,,,3533,,19932,31,325,35,,,5,,396,42167,5500,8762,1115,57544
Tokyo,1990,371,7293,3055,,,1259,1730,13708,1382,2330,282,,,246,,4240,466,13839,6245,,,2452,3124,26126,1816,4347,730,,,655,,7548,43506,1001,753,1119,46379
Chubu,1990,1714,5047,1763,,,1189,437,10150,604,292,47,,,19,,962,2264,9696,3439,,,2338,875,18612,906,543,88,,,38,,1575,29275,4692,2553,41,36561
Hokuriku,1990,230,1593,742,,,333,,2898,33,34,1,,,,,68,255,2754,1394,,,666,,5069,33,63,1,,,,,97,8945,2661,445,,12051
Kansai,1990,1466,4173,2119,12,56,1784,1166,10776,113,1265,233,5,,23,,1639,2217,7954,4126,24,111,3462,2333,20227,190,1991,386,5,,46,,2618,33194,1723,747,1500,37164
Chugoku,1990,419,1985,2530,,889,,373,6196,78,63,110,,,,,251,568,2830,4603,,1663,,746,10410,94,87,149,,,,,330,19616,1057,763,84,21520
Shikoku,1990,112,1753,90,1158,,,,3113,17,59,,1,,,,77,117,3291,168,1989,,,,5565,17,101,,3,,,,121,9130,808,406,9,10353
Kyushu,1990,419,3911,1297,,1574,,441,7642,42,267,4,,33,,,346,467,6934,2274,,2962,,883,13520,50,399,8,,70,,,527,25294,1605,1576,343,28818
Okinawa,1990,95,235,60,,,,,390,36,37,,,,,,73,100,358,99,,,,,557,59,42,,,,,,101,895,2314,20,60,3289
Hokkaido,1989,1312,3445,665,1915,,67,,7404,21,154,,5,,,,180,1317,5140,918,3647,,135,,11157,43,261,,9,,,,313,17352,2710,24606,179,44847
Tohoku,1989,1585,6113,3764,,,1767,,13229,28,207,19,,,3,,257,1617,8941,5571,,,3533,,19662,31,311,35,,,5,,382,41798,4843,8942,1393,56976
Tokyo,1989,381,7251,3045,,,1259,1730,13666,1391,2206,281,,,271,,4149,478,13710,6217,,,2452,3124,25981,1831,4147,728,,,586,,7292,43389,1059,804,1171,46423
Chubu,1989,1822,4931,1744,,,1163,437,10097,591,274,46,,,19,,930,2417,9463,3400,,,2284,875,18439,876,500,87,,,38,,1501,29155,4909,2799,54,36917
Hokuriku,1989,230,1590,741,,,283,,2844,28,31,,,,,,59,255,2755,1395,,,566,,4971,28,59,,,,,,87,8891,2681,437,,12009
Kansai,1989,1468,4151,2121,12,56,1782,1116,10706,110,1225,219,5,,23,,1582,2218,7955,4097,24,111,3459,2232,20096,185,1926,362,5,,46,,2524,33129,1585,776,1674,37164
Chugoku,1989,420,1980,2527,,889,,373,6189,77,62,110,,,,,249,579,2804,4611,,1662,,746,10402,91,85,148,,,,,324,19592,1067,827,130,21616
Shikoku,1989,116,1802,90,1200,,,,3208,17,59,,1,,,,77,119,3328,167,2000,,,,5614,17,100,,3,,,,120,9342,792,432,30,10596
Kyushu,1989,411,3892,1312,,1584,,441,7640,42,266,4,,33,,,345,454,6885,2263,,2904,,883,13389,49,390,8,,70,,,517,25404,1312,1654,471,28841
Okinawa,1989,104,231,60,,,,,395,36,36,,,,,,72,107,344,99,,,,,550,59,42,,,,,,101,875,2424,20,60,3379
Hokkaido,1988,1288,3430,665,1914,,67,,7364,20,150,,4,,,,174,1293,5114,918,3646,,135,,11106,41,251,,9,,,,301,17306,2203,24445,330,44284
Tohoku,1988,1539,6078,3746,,,1607,,12970,27,202,20,,,3,,252,1570,8798,5552,,,3214,,19134,31,287,36,,,5,,359,40997,4251,8960,1799,56007
Tokyo,1988,410,7145,3015,,,1293,1686,13549,1382,2073,276,,,271,,4002,538,13512,6154,,,2519,3037,25760,1843,3974,722,,,562,,7101,43278,1039,819,1321,46457
Chubu,1988,1870,4829,1736,,,1163,437,10035,566,268,46,,,19,,899,2480,9279,3389,,,2284,875,18307,825,505,87,,,37,,1454,29073,5022,3061,77,37233
Hokuriku,1988,223,1591,741,,,283,,2838,23,30,,,,,,53,247,2755,1395,,,567,,4964,23,57,,,,,,80,8888,2570,433,,11891
Kansai,1988,1489,4156,2121,12,56,1782,1116,10732,109,1195,219,5,,23,,1551,2248,7934,4097,24,111,3459,2232,20105,182,1877,361,5,,46,,2471,33167,1525,779,1796,37267
Chugoku,1988,436,1974,2510,,835,,373,6128,72,62,106,,,,,240,609,2784,4555,,1555,,746,10249,86,86,142,,,,,314,19480,951,1043,128,21602
Shikoku,1988,121,1833,90,1200,,,,3244,16,59,,1,,,,76,124,3365,167,2000,,,,5656,16,100,,3,,,,119,9493,801,490,75,10859
Kyushu,1988,484,3883,1313,,1583,,441,7704,41,254,4,,33,,,332,540,6780,2264,,2900,,883,13367,49,374,8,,70,,,501,25317,1258,2197,833,29605
Okinawa,1988,,,,,,,,,,,,,,,,,,,,,,,,,,,,,,,,,864,,20,,
Hokkaido,1987,1289,3413,665,1818,,67,,7252,19,145,,5,,,,169,1294,5105,918,3454,,135,,10906,39,242,,9,,,,290,17014,2219,24213,467,43913
Tohoku,1987,1571,6010,3736,,,1607,,12924,24,199,20,,,3,,246,1603,8693,5542,,,3214,,19052,27,284,36,,,5,,352,40811,4016,8909,2406,56142
Tokyo,1987,436,7067,3015,,,1293,1588,13399,1383,2001,259,,,245,,3888,558,13339,6179,,,2521,2818,25415,1852,3845,722,,,561,,6980,42854,1128,965,1563,46510
Chubu,1987,1857,4789,1734,,,1130,437,9947,544,231,38,,,4,,817,2467,9139,3385,,,2220,875,18086,797,435,71,,,7,,1310,28912,5095,3098,130,37235
Hokuriku,1987,217,1583,741,,,260,,2801,22,26,,,,,,48,241,2726,1395,,,521,,4883,22,49,,,,,,71,8763,2612,428,,11803
Kansai,1987,1505,4147,2120,12,56,1754,1026,10620,118,1158,209,5,,23,,1513,2277,7900,4096,24,111,3403,2052,19863,200,1812,340,5,,46,,2403,32908,1488,817,1900,37113
Chugoku,1987,445,1965,2473,,835,,373,6091,68,59,106,,,,,233,632,2776,4482,,1555,,746,10191,80,82,141,,,,,303,19469,867,1128,160,21624
Shikoku,1987,120,1849,90,1200,,,,3259,16,59,,1,,,,76,123,3295,167,2000,,,,5585,16,91,,3,,,,110,9553,801,518,95,10967
Kyushu,1987,496,3871,1324,,1567,,412,7670,41,250,4,,32,,,327,559,6679,2290,,2870,,823,13221,48,366,8,,68,,,490,25182,1203,2411,946,29742
Okinawa,1987,,,,,,,,,,,,,,,,,,,,,,,,,,,,,,,,,864,,20,,
Hokkaido,1986,1306,3402,666,1772,,,,7146,16,140,,5,,,,161,1307,5083,919,3362,,,,10671,31,232,,9,,,,272,16672,2219,24169,739,43799
Tohoku,1986,1547,5986,3680,,,1607,,12820,24,197,20,,,3,,244,1578,8572,5432,,,3214,,18796,27,279,36,,,5,,347,40326,3697,8813,2669,55505
Tokyo,1986,446,6962,3022,,,1291,1447,13168,1404,1898,249,,,210,,3761,577,13116,6181,,,2515,2675,25064,1884,3664,721,,,497,,6766,42596,1169,970,1777,46512
Chubu,1986,1947,4733,1732,,,1130,437,9979,538,203,38,,,3,,782,2556,9022,3381,,,2220,875,18054,790,378,70,,,7,,1245,28993,5417,3271,157,37838
Hokuriku,1986,213,1578,745,,,260,,2796,21,25,,,,,,46,237,2715,1402,,,521,,4875,21,47,,,,,,68,8786,2595,415,,11796
Kansai,1986,1516,4144,2087,12,56,1754,1026,10595,117,1136,204,5,,23,,1485,2287,7846,4034,24,111,3403,2052,19757,198,1778,331,5,,46,,2358,32826,1449,835,2023,37133
Chugoku,1986,455,2003,2447,,834,,315,6054,69,55,96,,,,,220,624,2700,4427,,1546,,631,9928,82,75,138,,,,,295,19474,891,1403,410,22178
Shikoku,1986,120,1838,90,1212,,,,3260,16,56,,1,,,,73,123,3269,167,1967,,,,5526,16,87,,1,,,,104,9517,821,537,136,11011
Kyushu,1986,493,3882,1400,,1558,,412,7745,41,249,4,,32,,,326,536,6536,2369,,2851,,823,13115,47,363,8,,68,,,486,25140,1210,2738,1368,30456
Okinawa,1986,,,,,,,,,,,,,,,,,,,,,,,,,,,,,,,,,864,,20,,
Hokkaido,1985,1384,3348,666,1757,,,,7155,16,138,,5,,,,159,1386,5020,918,3346,,,,10670,31,224,,9,,,,264,16615,2219,24226,1108,44168
Tohoku,1985,1565,5963,3603,,,1607,,12738,24,190,20,,,3,,237,1597,8482,5355,,,3214,,18648,26,269,36,,,5,,336,39734,3288,8634,3730,55386
Tokyo,1985,454,6873,3002,,,1308,1447,13084,1419,1829,248,,,146,,3642,575,12949,6129,,,2513,2675,24841,1915,3516,718,,,399,,6548,42475,1223,1207,1951,46856
Chubu,1985,1969,4756,1776,,,988,409,9898,498,200,38,,,3,,739,2594,9048,3466,,,1937,817,17862,703,366,70,,,7,,1146,28631,5559,3426,213,37829
Hokuriku,1985,213,1573,716,,,260,,2762,20,19,,,,,,39,237,2702,1353,,,521,,4813,20,35,,,,,,55,8704,2629,410,,11743
Kansai,1985,1594,4103,2074,12,56,1748,1026,10613,125,1106,199,5,,19,,1454,2381,7776,4008,24,111,3391,2052,19743,211,1732,322,5,,39,,2309,32865,1558,893,2516,37832
Chugoku,1985,456,2023,2560,,759,,315,6113,68,56,95,,,,,219,611,2729,4540,,1395,,631,9906,82,75,128,,,,,285,19535,823,1535,498,22391
Shikoku,1985,124,1834,139,1160,,,,3257,14,54,,1,,,,69,126,3262,265,1900,,,,5553,14,84,,1,,,,99,9635,627,573,137,10972
Kyushu,1985,471,3947,1419,,1576,,412,7825,40,249,4,,32,,,325,511,6490,2406,,2888,,823,13118,46,349,8,,68,,,471,25156,642,2972,1748,30518
Okinawa,1985,,,,,,,,,,,,,,,,,,,,,,,,,,,,,,,,,863,,23,,
Hokkaido,1984,1408,3325,593,1758,,,,7084,16,135,,5,,,,156,1408,4993,773,3348,,,,10522,31,218,,9,,,,258,16385,1696,24387,1294,43762
Tohoku,1984,1561,5982,3598,,,1580,,12721,24,186,18,,,3,,231,1592,8416,5350,,,3160,,18518,26,264,34,,,5,,329,39576,3325,8511,4071,55483
Tokyo,1984,489,6786,2983,,,1277,1416,12951,1421,1752,248,,,160,,3581,629,12778,6081,,,2450,2614,24552,1953,3379,707,,,376,,6415,42249,1285,1511,2481,47526
Chubu,1984,1996,4657,1776,,,1281,196,9906,465,195,38,,,3,,701,2643,8852,3465,,,2364,392,17716,644,345,70,,,7,,1066,28550,5282,3479,304,37615
Hokuriku,1984,214,1560,721,,,260,,2755,9,19,,,,,,28,237,2685,1366,,,521,,4809,9,35,,,,,,44,8706,2659,405,,11770
Kansai,1984,1644,4081,2073,14,56,1746,1001,10615,122,1101,199,,,19,,1441,2461,7725,3974,14,111,3389,2003,19677,209,1717,321,,,38,,2285,32839,1465,977,2802,38083
Chugoku,1984,460,2032,2545,,728,,315,6080,72,56,93,,,,,221,604,2718,4508,,1364,,631,9825,94,75,126,,,,,295,19382,797,1810,601,22590
Shikoku,1984,124,1802,139,1169,,,,3234,14,52,,1,,,,67,126,3237,265,1898,,,,5526,14,82,,1,,,,97,9632,656,616,214,11118
Kyushu,1984,487,3914,1416,,1854,,134,7805,39,247,3,,32,,,321,540,6320,2375,,3444,,268,12947,45,341,6,,68,,,460,24879,636,3343,2062,30920
Okinawa,1984,,,,,,,,,,,,,,,,,,,,,,,,,,,,,,,,,863,,23,,
Hokkaido,1983,1454,3248,593,1730,,,,7025,16,129,,5,,,,150,1454,4859,772,3293,,,,10378,31,212,,9,,,,252,16008,1749,24515,1791,44063
Tohoku,1983,1560,5975,3645,,,1416,,12596,23,179,18,,,3,,223,1592,8349,5322,,,2832,,18095,26,254,34,,,5,,319,39137,3297,8430,4471,55335
Tokyo,1983,505,6708,2976,,,1277,1343,12809,1440,1709,242,,,160,,3551,658,12600,6020,,,2450,2468,24196,1965,3333,695,,,376,,6369,41994,1315,1536,2773,47618
Chubu,1983,2048,4579,1775,,,1182,196,9780,462,192,38,,,3,,695,2684,8696,3463,,,2324,392,17559,637,325,70,,,7,,1039,28407,5409,3686,453,37955
Hokuriku,1983,229,1561,717,,,260,,2767,9,19,,,,,,28,252,2689,1357,,,521,,4819,9,35,,,,,,44,8895,2605,425,,11925
Kansai,1983,1662,4067,2072,14,56,1746,1001,10618,123,1084,187,,,19,,1413,2502,7686,3970,14,111,3389,2002,19674,212,1670,288,,,38,,2208,32859,1441,1011,2916,38227
Chugoku,1983,477,2011,2541,,728,,315,6072,73,53,93,,,,,219,623,2692,4510,,1364,,631,9820,94,73,126,,,,,293,19300,686,2013,821,22820
Shikoku,1983,123,1793,139,1169,,,,3224,14,52,,1,,,,67,126,3171,265,1897,,,,5459,14,82,,1,,,,97,9639,657,638,250,11184
Kyushu,1983,512,3902,1446,,1854,,134,7848,43,244,3,,32,,,322,572,6153,2434,,3444,,268,12871,49,319,6,,68,,,442,24648,1084,3561,2578,31871
Okinawa,1983,,,,,,,,,,,,,,,,,,,,,,,,,,,,,,,,,858,,29,,
Hokkaido,1982,1451,3275,593,1716,,,,7035,15,126,,5,,,,146,1451,4801,772,3260,,,,10284,29,207,,9,,,,245,15751,1559,24455,2503,44268
Tohoku,1982,1529,5972,3659,,,1416,,12576,25,177,18,,,3,,223,1560,8303,5323,,,2832,,18018,29,242,34,,,5,,310,38967,2884,8163,4995,55009
Tokyo,1982,526,6633,2958,,,1183,1342,12642,1468,1666,239,,,160,,3533,695,12438,5983,,,2263,2466,23845,2005,3241,691,,,376,,6313,41762,1256,1623,2954,47595
Chubu,1982,2049,4531,1780,,,1203,166,9729,461,186,38,,,3,,688,2687,8578,3457,,,2366,331,17419,638,318,70,,,7,,1033,28258,5370,3723,641,37992
Hokuriku,1982,247,1554,717,,,260,,2778,10,15,,,,,,25,274,2685,1356,,,521,,4836,12,31,,,,,,43,8928,2901,445,,12274
Kansai,1982,1684,4023,2059,14,56,1800,752,10388,124,1040,177,,,19,,1360,2526,7582,3970,14,111,3497,1505,19205,216,1609,278,,,38,,2141,32209,1430,1253,3015,37907
Chugoku,1982,492,2018,2532,,679,,315,6036,66,53,90,,,,,209,634,2707,4470,,1315,,630,9757,86,72,123,,,,,282,19205,524,2238,1036,23003
Shikoku,1982,173,1748,139,1055,,,,3115,14,46,,1,,,,61,176,3030,265,1637,,,,5108,14,75,,1,,,,90,9351,669,701,326,11047
Kyushu,1982,498,4017,1441,,1821,,73,7850,41,238,3,,30,,,312,558,6109,2425,,3179,,146,12417,47,311,6,,64,,,428,23891,828,3910,3456,32085
Okinawa,1982,,,,,,,,,,,,,,,,,,,,,,,,,,,,,,,,,831,,55,,
Hokkaido,1981,1433,3291,591,1542,,,,6857,14,124,,5,,,,143,1433,4748,771,2912,,,,9864,29,198,,9,,,,236,14970,1338,23705,3830,43843
Tohoku,1981,1526,5936,3649,,,1342,,12453,24,166,10,,,3,,203,1558,8120,5288,,,2611,,17577,24,229,18,,,5,,276,38386,2353,8155,5520,54414
Tokyo,1981,546,6547,2913,,,1287,1238,12531,1447,1580,239,,,142,,3408,719,12245,5897,,,2367,2362,23590,1999,3110,691,,,357,,6157,41694,1273,1718,3299,47984
Chubu,1981,2119,4456,1771,,,1187,166,9699,445,180,38,,,,,663,2751,8422,3439,,,2336,331,17279,619,313,70,,,,,1002,28225,5408,3849,924,38406
Hokuriku,1981,242,1538,722,,,260,,2762,9,14,,,,,,23,264,2660,1366,,,521,,4811,11,30,,,,,,41,8923,2588,650,,12161
Kansai,1981,1754,3909,2031,14,56,1744,752,10260,135,984,177,,,11,,1307,2631,7356,3931,14,111,3384,1505,18932,241,1509,277,,,21,,2048,31730,1468,1346,3538,38082
Chugoku,1981,486,2001,2500,,620,,315,5922,46,53,89,,,,,188,627,2691,4206,,1197,,630,9351,68,72,119,,,,,259,18746,258,2409,1108,22521
Shikoku,1981,174,1765,171,1055,,,,3165,14,44,,1,,,,59,177,2993,330,1638,,,,5138,14,70,,1,,,,85,9429,677,709,446,11261
Kyushu,1981,529,3934,1439,,1806,,73,7781,41,235,3,,30,,,309,605,5928,2403,,3149,,146,12231,47,302,6,,56,,,412,23436,821,4267,3949,32473
Okinawa,1981,,,,,,,,,,,,,,,,,,,,,,,,,,,,,,,,,825,,56,,
Hokkaido,1980,1448,3325,591,1356,,,,6720,14,106,,5,,,,125,1448,4761,771,2541,,,,9521,26,173,,9,,,,208,14249,1348,22623,5774,43994
Tohoku,1980,1580,5944,3581,,,1123,,12228,24,159,10,,,3,,196,1619,8027,5158,,,2173,,16977,24,218,18,,,5,,265,37219,2472,8275,6547,54513
Tokyo,1980,584,6473,2905,,,1257,1012,12231,1444,1520,227,,,141,,3332,763,12059,5824,,,2295,2023,22964,1998,2966,678,,,325,,5967,41044,1234,1891,4109,48278
Chubu,1980,2164,4302,1815,,,1073,166,9520,426,168,39,,,,,633,2819,8135,3530,,,2107,331,16922,605,297,73,,,,,975,27738,5403,4018,1384,38543
Hokuriku,1980,220,1541,734,,,198,,2693,9,14,,,,,,23,243,2675,1390,,,396,,4704,11,30,,,,,,41,8894,2136,644,,11674
Kansai,1980,1852,3827,2027,14,56,1722,678,10176,142,928,159,,,11,,1240,2745,7154,3976,14,111,3342,1357,18699,250,1414,269,,,21,,1954,31606,1480,1396,3944,38426
Chugoku,1980,534,1901,2381,,613,,315,5744,44,51,89,,,,,184,680,2623,3974,,1182,,631,9090,64,71,119,,,,,254,18117,319,2705,1320,22461
Shikoku,1980,174,1744,171,984,,,,3073,14,44,,1,,,,59,176,2937,330,1475,,,,4918,14,70,,1,,,,85,9241,663,767,462,11133
Kyushu,1980,498,3904,1447,,1592,,73,7514,29,230,4,,30,,,293,582,5808,2430,,2722,,146,11688,35,295,7,,57,,,394,22606,341,4463,4348,31758
Okinawa,1980,,,,,,,,,,,,,,,,,,,,,,,,,,,,,,,,,817,,63,,
Hokkaido,1979,1423,3320,584,1275,,,,6602,16,95,,5,,,,116,1423,4750,765,2379,,,,9317,27,156,,9,,,,192,13972,796,20854,7653,43275
Tohoku,1979,1557,5932,3515,,,1067,,12071,24,148,10,,,,,182,1589,7964,4850,,,2060,,16463,24,206,18,,,,,248,36668,1862,8220,7285,54035
Tokyo,1979,595,6419,2888,,,1226,770,11898,1429,1429,234,,,118,,3210,779,11908,5809,,,2283,1539,22318,1994,2803,667,,,223,,5687,40410,1205,1802,4725,48142
Chubu,1979,2191,4185,1824,,,1063,89,9352,416,155,39,,,,,610,2862,7875,3546,,,2092,178,16553,592,273,73,,,,,938,27348,5087,3989,2045,38469
Hokuriku,1979,237,1543,688,,,198,,2666,8,14,,,,,,22,261,2656,1293,,,396,,4606,10,28,,,,,,38,8857,2469,670,34,12030
Kansai,1979,1929,3734,1997,14,56,1713,682,10125,144,920,89,,,11,,1164,2841,6982,3956,14,111,3324,1364,18592,261,1401,186,,,21,,1869,31457,1499,1501,4376,38833
Chugoku,1979,588,1887,2355,,692,,137,5659,37,52,78,,,,,167,768,2611,3929,,1341,,273,8922,59,71,107,,,,,237,17843,276,2987,1976,23082
Shikoku,1979,158,1727,206,911,,,,3002,13,38,,1,,,,52,161,2875,364,1328,,,,4728,13,59,,2,,,,74,9018,567,772,560,10917
Kyushu,1979,500,3840,1447,,1612,,,7399,29,213,4,,30,,,276,585,5689,2428,,2762,,,11464,35,272,7,,50,,,364,22189,289,4515,4717,31710
Okinawa,1979,,,,,,,,,,,,,,,,,,,,,,,,,,,,,,,,,814,,63,,
Hokkaido,1978,1420,3290,698,1215,,,,6623,14,90,,5,,,,109,1420,4595,991,2275,,,,9281,26,152,,9,,,,187,13729,402,18609,10904,43644
Tohoku,1978,1571,5935,3520,,,763,,11789,24,139,10,,,,,173,1603,7829,4767,,,1451,,15650,24,194,17,,,,,235,35337,1953,7987,8868,54145
Tokyo,1978,642,6258,2881,,,1207,705,11693,1437,1312,228,,,63,,3040,839,11576,5780,,,2245,1396,21836,2018,2600,646,,,147,,5411,39860,1249,1985,5964,49058
Chubu,1978,2254,4122,1724,,,1017,,9117,385,145,39,,,,,569,2929,7735,3346,,,1999,,16009,556,254,73,,,,,883,26630,5167,4072,3182,39051
Hokuriku,1978,281,1602,636,,,198,,2717,6,14,,,,,,20,326,2729,1189,,,396,,4640,6,28,,,,,,34,9036,2511,846,39,12432
Kansai,1978,1952,3568,1970,14,98,1826,476,9904,150,865,84,,,11,,1110,2890,6648,3895,14,154,3548,953,18102,264,1312,171,,,21,,1768,31003,1446,1598,4591,38638
Chugoku,1978,605,1918,2357,,720,,,5600,38,50,77,,,,,165,753,2642,3762,,1395,,,8552,54,69,100,,,,,223,17379,291,3262,2274,23206
Shikoku,1978,199,1767,218,879,,,,3063,13,30,,1,,,,44,209,2855,389,1296,,,,4749,13,51,,2,,,,66,8987,592,903,945,11427
Kyushu,1978,521,3828,1438,,1489,,,7276,29,199,3,,29,,,260,624,5571,2417,,2527,,,11139,35,247,7,,48,,,337,21826,282,4529,5055,31692
Okinawa,1978,,,,,,,,,,,,,,,,,,,,,,,,,,,,,,,,,815,,63,,
Hokkaido,1977,1453,3328,679,1160,,,,6620,7,88,,5,,,,100,1453,4610,952,2190,,,,9205,7,142,,9,,,,158,13424,175,16582,13923,44104
Tohoku,1977,1636,5901,3461,,,762,,11760,23,137,10,,,,,170,1658,7635,4643,,,1451,,15387,24,178,16,,,,,218,34168,2149,8212,11295,55824
Tokyo,1977,660,6134,1811,,,1153,705,11463,1429,1257,220,,,63,,2969,867,11243,5647,,,2137,1396,21290,2004,2472,616,,,142,,5234,39127,1205,1769,6439,48540
Chubu,1977,2286,3987,1792,,,1016,,9081,372,132,39,,,,,543,2965,7462,3528,,,1998,,15953,534,229,65,,,,,828,26765,5011,4145,3926,39847
Hokuriku,1977,293,1594,623,,,198,,2708,6,14,,,,,,20,337,2719,1170,,,397,,4623,6,28,,,,,,34,9015,2617,920,52,12604
Kansai,1977,2007,3485,1965,14,56,1801,476,9804,156,787,84,,,11,,1038,2941,6489,3886,14,111,3494,953,17888,288,1191,171,,,13,,1663,30774,1417,1754,4983,38928
Chugoku,1977,667,1965,2205,,545,,,5382,37,50,76,,,,,163,842,2646,3484,,1047,,,8019,53,67,100,,,,,220,16621,385,3921,2973,23900
Shikoku,1977,184,1786,218,906,,,,3094,13,30,,1,,,,44,194,2897,389,1289,,,,4769,13,45,,2,,,,60,9137,505,864,1070,11576
Kyushu,1977,585,3783,1431,,1489,,,7288,29,188,3,,29,,,249,688,5436,2390,,2483,,,10997,35,234,7,,40,,,316,21508,280,4687,6135,32610
Okinawa,1977,,,,,,,,,,,,,,,,,,,,,,,,,,,,,,,,,815,,63,,
Hokkaido,1976,1502,3252,659,1065,,,,6478,7,78,,5,,,,90,1502,4422,916,1999,,,,8839,7,128,,9,,,,144,12564,175,14158,17196,44093
Tohoku,1976,1630,5903,3336,,,762,,11631,20,128,10,,,,,158,1658,7567,4453,,,1451,,15129,20,163,17,,,,,200,33525,2183,7899,12472,56079
Tokyo,1976,667,6029,2735,,,1090,692,11213,1416,1168,208,,,41,,2833,874,11032,5478,,,2011,1383,20778,2010,2279,586,,,97,,4972,38672,1231,1732,6730,48365
Chubu,1976,2265,3897,1792,,,945,,8899,373,126,39,,,,,538,2912,7279,3527,,,1815,,15533,536,217,65,,,,,818,26336,4701,4093,4447,39577
Hokuriku,1976,295,1629,614,,,198,,2736,6,14,,,,,,20,333,2775,1150,,,397,,4655,6,28,,,,,,34,9150,2661,915,84,12810
Kansai,1976,2317,3431,1966,14,56,1740,359,9883,159,752,84,,,3,,998,3269,6338,3881,14,111,3377,718,17708,304,1140,162,,,5,,1611,30835,1830,2093,5859,40617
Chugoku,1976,721,2013,2065,,545,,,5344,42,51,70,,,,,163,909,2650,3317,,1047,,,7923,65,64,93,,,,,222,16543,401,4323,3158,24425
Shikoku,1976,191,1744,223,892,,,,3050,13,30,,1,,,,44,201,2791,400,1274,,,,4666,13,45,,1,,,,59,9084,290,974,1147,11495
Kyushu,1976,617,3730,1457,,1440,,,7244,27,187,3,,22,,,239,730,5311,2419,,2385,,,10845,33,231,7,,33,,,304,21123,313,4905,6646,32987
Okinawa,1976,,,,,,,,,,,,,,,,,,,,,,,,,,,,,,,,,811,,66,,
Hokkaido,1975,1566,3229,655,1053,,,,6503,7,57,,,,,,64,1566,4348,908,1975,,,,8797,7,91,,,,,,98,12275,243,11841,20810,45169
Tohoku,1975,1672,5847,3291,,,597,,11407,18,110,10,,,,,138,1699,7465,4371,,,1144,,14679,18,138,17,,,,,173,32683,2221,7870,14106,56880
Tokyo,1975,703,5977,2691,,,1351,445,11167,1447,1104,207,,,40,,2798,911,10903,5399,,,2533,890,20636,2053,2100,584,,,96,,4833,38405,1200,1836,7525,48966
Chubu,1975,2301,3867,1712,,,928,,8808,356,119,31,,,,,506,2943,7223,3364,,,1782,,15312,510,207,57,,,,,774,26097,4626,4096,4875,39694
Hokuriku,1975,339,1610,581,,,198,,2728,6,14,,,,,,20,381,2710,1023,,,396,,4510,6,25,,,,,,31,9009,2955,1032,423,13419
Kansai,1975,2591,3356,1953,14,56,1751,281,10002,172,727,84,,,3,,986,3595,6147,3855,14,111,3399,561,17682,330,1077,162,,,5,,1574,31159,1826,2341,6752,42078
Chugoku,1975,732,1999,2010,,545,,,5286,42,51,71,,,,,164,909,2636,3203,,1047,,,7795,65,63,90,,,,,218,16292,409,4466,3408,24575
Shikoku,1975,201,1730,223,738,,,,2892,13,28,,1,,,,43,211,2753,399,1041,,,,4404,13,40,,1,,,,55,8735,303,1073,1280,11391
Kyushu,1975,687,3667,1463,,1242,,,7059,27,174,3,,16,,,220,804,5162,2443,,2186,,,10595,34,218,7,,17,,,276,20532,222,5112,7375,33241
Okinawa,1975,,,,,,,,,,,,,,,,,,,,,,,,,,,,,,,,,,,,,
Hokkaido,1974,1580,3190,641,1001,,,,6412,12,49,,,,,,61,1580,4187,894,1867,,,,8528,12,82,,,,,,94,11503,292,9595,23864,45254
Tohoku,1974,1655,5860,3158,,,551,,11224,17,110,9,,,,,136,1693,7412,4209,,,1052,,14363,17,138,16,,,,,171,31874,2034,7658,15119,56685
Tokyo,1974,725,5835,2688,,,1601,179,11028,1397,1066,199,,,40,,2702,937,10560,5392,,,3032,359,20280,2015,2000,583,,,96,,4694,38029,1496,1877,8063,49465
Chubu,1974,2339,3791,1707,,,851,,8688,346,115,31,,,,,492,2963,7035,3358,,,1628,,14984,499,201,57,,,,,757,25708,4483,4148,5735,40074
Hokuriku,1974,384,1520,558,,,198,,2660,8,12,,,,,,20,426,2505,977,,,397,,4305,11,19,,,,,,30,8694,3432,1077,776,13979
Kansai,1974,2849,3328,1983,14,82,1832,131,10219,178,681,84,,,3,,946,3931,6097,3866,14,137,3535,263,17843,347,1002,162,,,5,,1516,31732,1770,2579,7494,43575
Chugoku,1974,762,2013,1955,,540,,,5270,48,48,67,,,,,163,948,2666,3091,,1037,,,7742,70,60,85,,,,,215,16317,395,4650,3668,25030
Shikoku,1974,194,1697,223,649,,,,2763,13,28,,1,,,,42,204,2698,399,808,,,,4109,13,40,,1,,,,54,8386,300,1101,1421,11208
Kyushu,1974,729,3675,1415,,1236,,,7055,27,163,3,,16,,,209,836,5038,2337,,2151,,,10362,32,202,7,,17,,,258,20201,263,5091,8114,33669
Okinawa,1974,,,,,,,,,,,,,,,,,,,,,,,,,,,,,,,,,,,,,
Hokkaido,1973,1598,3102,702,919,,,,6321,12,47,,,,,,59,1598,4028,954,1708,,,,8288,12,73,,,,,,85,10768,290,8173,26320,45551
Tohoku,1973,1669,5892,3115,,,470,,11146,12,100,9,,,,,121,1707,7360,4111,,,729,,13907,12,128,10,,,,,150,31361,2069,7654,16528,57612
Tokyo,1973,768,5685,2688,,,1618,,10759,1358,1000,199,,,40,,2597,983,10256,5384,,,2896,,19519,1942,1825,569,,,81,,4417,37541,1573,1981,8310,49405
Chubu,1973,2397,3662,1648,,,851,,8558,333,107,19,,,,,459,3003,6756,3251,,,1601,,14611,483,191,43,,,,,717,25261,4411,4173,6522,40367
Hokuriku,1973,398,1465,557,,,104,,2524,8,9,,,,,,17,448,2398,976,,,207,,4029,11,16,,,,,,27,8335,3583,1133,894,13945
Kansai,1973,2872,3287,1933,14,79,1887,,10072,521,673,70,,,3,,1267,3932,6008,3796,14,157,3672,,17579,764,950,140,,,5,,1859,31449,1731,2689,7967,43836
Chugoku,1973,803,1968,1888,,465,,,5124,45,48,54,,,,,147,1024,2605,3066,,888,,,7583,67,60,67,,,,,194,15950,393,4863,3874,25080
Shikoku,1973,221,1643,223,635,,,,2723,13,23,,1,,,,37,231,2629,399,794,,,,4053,13,35,,1,,,,49,8278,296,1156,1611,11341
Kyushu,1973,792,3508,1511,,1208,,,7019,26,139,3,,13,,,181,945,4819,2430,,2018,,,10212,32,168,7,,14,,,221,19789,222,5241,8778,34030
Okinawa,1973,,,,,,,,,,,,,,,,,,,,,,,,,,,,,,,,,,,,,
Hokkaido,1972,1670,3108,701,917,,,,6396,14,47,,,,,,61,1670,3889,953,1706,,,,8218,14,69,,,,,,83,10435,276,5614,30872,47197
Tohoku,1972,1728,5779,3042,,,470,,11019,6,98,3,,,,,107,1770,7139,4009,,,693,,13611,6,121,4,,,,,131,30497,2211,7696,17859,58263
Tokyo,1972,811,5593,2688,,,1582,,10674,1301,911,198,,,35,,2445,1055,10009,5372,,,2813,,19249,1927,1654,538,,,70,,4189,36884,1661,2192,9201,49938
Chubu,1972,2467,3518,1645,,,771,,8401,324,93,19,,,,,436,3086,6501,3244,,,1377,,14208,470,174,36,,,,,680,24641,3896,4382,7787,40706
Hokuriku,1972,426,1433,555,,,104,,2518,3,5,,,,,,8,465,2321,972,,,207,,3965,6,9,,,,,,15,8275,3730,1180,1209,14394
Kansai,1972,2920,3100,1888,14,78,1684,,9684,944,622,62,,,3,,1631,3967,5731,3706,14,157,3240,,16815,1248,839,126,,,5,,2218,30165,1761,2871,8653,43450
Chugoku,1972,816,2014,1761,,465,,,5056,46,44,50,,,,,140,1044,2641,2843,,888,,,7416,68,57,61,,,,,186,15746,390,5050,4083,25269
Shikoku,1972,276,1586,223,611,,,,2696,,19,,1,,,,20,329,2489,399,746,,,,3963,,29,,1,,,,30,8114,274,1205,1987,11580
Kyushu,1972,799,3487,1535,,1025,,,6846,26,126,3,,13,,,168,966,4780,2552,,1625,,,9923,34,156,6,14,,,,210,19158,228,5375,9139,33900
Okinawa,1972,,,,,,,,,,,,,,,,,,,,,,,,,,,,,,,,,,,,,
Hokkaido,1971,1651,3068,689,807,,,,6215,14,47,,,,,,61,1651,3734,941,1486,,,,7812,14,69,,,,,,83,9674,228,3241,33780,46923
Tohoku,1971,1825,5641,2998,,,416,,10880,6,79,3,,,,,88,1868,6877,3915,,,584,,13244,6,94,3,,,,,103,29789,2741,7670,18798,58998
Tokyo,1971,891,5400,2738,,,1254,,10283,1325,835,174,,,35,,2369,1170,9571,5440,,,2339,,18520,1957,1525,465,,,50,,3997,35674,1921,2362,10265,50222
Chubu,1971,2492,3320,1572,,,671,,8055,319,88,14,,,,,421,3084,6101,3098,,,1170,,13453,455,160,26,,,,,641,23478,3817,4386,8811,40492
Hokuriku,1971,453,1460,491,,,104,,2508,3,5,,,,,,8,496,2352,845,,,207,,3900,6,9,,,,,,15,8372,3986,1182,1757,15297
Kansai,1971,2895,2898,1875,,79,1585,,9332,896,540,50,,,3,,1489,3916,5335,3689,,157,2980,,16077,1168,729,100,,,5,,2002,29212,1800,2930,9156,43098
Chugoku,1971,893,1935,1692,,314,,,4834,54,38,36,,,,,128,1132,2564,2831,,609,,,7136,82,49,42,,,,,173,15257,393,5254,4597,25501
Shikoku,1971,285,1576,223,505,,,,2614,,12,,1,,,,13,343,2428,399,619,,,,3789,,20,,1,,,,21,7806,286,1238,2088,11480
Kyushu,1971,850,3448,1522,,844,,,6664,27,118,3,,12,,,160,1021,4702,2528,,1258,,,9509,35,143,6,,13,,,197,18323,239,5444,10161,34167
Okinawa,1971,,,,,,,,,,,,,,,,,,,,,,,,,,,,,,,,,,,,,
Hokkaido,1970,1727,2871,773,807,,,,6178,14,36,,,,,,50,1733,3424,1025,1428,,,,7610,14,58,,,,,,72,9219,244,2149,36207,47819
Tohoku,1970,1971,5541,2776,,,219,,10507,5,71,1,,,,,77,2016,6720,3495,,,388,,12619,5,87,1,,,,,93,27954,2881,7917,21902,60654
Tokyo,1970,1057,5303,2743,,,1251,,10354,1315,772,161,,,,,2248,1373,9291,5370,,,2329,,18363,1951,1383,431,,,,,3765,35585,1922,2479,12656,52642
Chubu,1970,2540,3023,1505,,,611,,7679,295,75,14,,,,,384,3143,5502,2887,,,1051,,12583,411,131,26,,,,,568,22488,3524,4442,10055,40509
Hokuriku,1970,499,1434,469,,,104,,2506,3,4,,,,,,7,544,2286,815,,,207,,3852,6,7,,,,,,13,8116,4218,1205,2239,15828
Kansai,1970,2845,2744,1884,,79,1502,,9054,1076,488,50,,,A,,1614,3871,5089,3700,,157,2861,,15678,1349,635,100,,,A,,2084,28435,1845,2828,9676,42784
Chugoku,1970,987,1856,1609,,296,,,4748,50,31,37,,,,,118,1287,2451,2684,,572,,,6994,84,41,40,,,,,165,14897,415,5578,5091,25981
Shikoku,1970,374,1473,223,450,,,,2520,a,12,,,,,,12,435,2270,400,513,,,,3618,a,18,,,,,,18,7396,302,1334,2532,11564
Kyushu,1970,842,3530,1493,,725,,,6590,28,96,3,,1,,,128,1006,4665,2428,,1133,,,9234,35,120,7,,1,,,163,17774,281,5520,10932,34507
Okinawa,1970,,,,,,,,,,,,,,,,,,,,,,,,,,,,,,,,,,,,,
Hokkaido,1969,1821,2817,824,710,,,,6172,14,29,,,,,,43,1828,3267,1030,998,,,,7123,14,48,,,,,,62,8063,208,1861,38706,48838
Tohoku,1969,2070,5568,2646,,,219,,10503,5,58,1,,,,,64,2128,6656,3328,,,219,,12331,5,73,1,,,,,79,27508,3006,8297,23684,62495
Tokyo,1969,1097,5091,2713,,,1162,,10081,1279,736,141,,,,,2156,1385,8754,5315,,,1966,,17420,1914,1256,406,,,,,3576,34554,1908,2545,13967,52974
Chubu,1969,2577,2808,1439,,,498,,7322,269,69,14,,,,,352,3117,5095,2776,,,874,,11862,382,120,26,,,,,528,21438,3237,4394,11038,40107
Hokuriku,1969,542,1382,436,,,104,,2464,3,3,,,,,,6,589,2189,747,,,207,,3732,5,6,,,,,,11,8021,4147,1203,2510,15881
Kansai,1969,2899,2584,1859,,79,1486,,8907,1085,442,35,,,A,,1562,3891,4875,3616,,157,2732,,15271,1354,581,55,,,A,,1990,27933,1946,2962,10321,43162
Chugoku,1969,1002,1816,1481,,296,,,4595,51,27,22,,,,,100,1299,2397,2380,,572,,,6648,86,38,25,,,,,149,14295,418,5624,5442,25779
Shikoku,1969,383,1443,223,451,,,,2500,a,9,,,,,,9,447,2162,400,514,,,,3523,a,15,,,,,,15,7108,333,1413,2893,11747
Kyushu,1969,882,3644,1434,,659,,,6619,31,88,4,,1,,,124,1062,4662,2306,,1062,,,9092,39,107,7,,1,,,154,17328,281,5652,11551,34812
Okinawa,1969,,,,,,,,,,,,,,,,,,,,,,,,,,,,,,,,,,,,,
Hokkaido,1968,1846,2702,807,668,,,,6024,14,25,,,,,,39,1854,3132,1013,913,,,,6912,14,44,,,,,,58,7711,200,1831,38234,47976
Tohoku,1968,2226,5485,2176,,,219,,10106,5,50,a,,,,,55,2291,6477,2808,,,219,,11795,5,63,a,,,,,68,25924,3103,8220,26491,63738
Tokyo,1968,1187,4939,2698,,,803,,9627,1298,682,135,,,,,2115,1518,8391,5243,,,1525,,16677,1932,1167,347,,,,,3446,33345,1946,2729,15880,53900
Chubu,1968,2612,2714,1395,,,407,,7128,260,59,14,,,,,333,3146,4885,2713,,,782,,11526,372,108,19,,,,,499,20859,3095,4425,12305,40684
Hokuriku,1968,554,1369,401,,,104,,2428,3,2,,,,,,5,606,2172,677,,,207,,3662,5,5,,,,,,10,7883,4024,1207,3120,16234
Kansai,1968,2837,2467,1852,,79,1269,,8504,999,378,26,,,1,,1404,3828,4714,3603,,157,2455,,14757,1258,491,38,,,1,,1788,26588,2063,3050,11018,42719
Chugoku,1968,1040,1804,1390,,296,,,4530,51,25,15,,,,,91,1358,2367,2252,,572,,,6549,85,33,17,,,,,135,13946,409,5695,6039,26089
Shikoku,1968,416,1415,223,445,,,,2499,,2,,,,,,2,479,2109,399,509,,,,3496,,5,,,,,,5,6947,329,1743,3065,12084
Kyushu,1968,979,3475,1553,,470,,,6477,31,80,4,,1,,,116,1189,4530,2484,,746,,,8949,38,96,7,,1,,,142,16786,330,5779,12339,35234
Okinawa,1968,,,,,,,,,,,,,,,,,,,,,,,,,,,,,,,,,,,,,
Hokkaido,1967,1861,2570,761,646,,,,5837,14,22,,,,,,36,1869,2983,967,795,,,,6614,14,41,,,,,,55,7433,204,1578,37699,46914
Tohoku,1967,2284,5383,2182,,,219,,10068,5,42,,,,,,47,2357,6318,2682,,,219,,11576,5,55,,,,,,60,25308,3119,7760,28461,64648
Tokyo,1967,1253,4780,2623,,,683,,9339,1275,616,114,,,,,2005,1599,7925,5092,,,1365,,15981,1929,1060,296,,,,,3285,32104,2015,2911,17256,54286
Chubu,1967,2622,2672,1350,,,407,,7051,253,59,14,,,,,326,3140,4701,2613,,,749,,11203,363,100,19,,,,,482,20297,2876,4501,13277,40951
Hokuriku,1967,581,1396,351,,,29,,2357,3,2,,,,,,5,636,2210,584,,,58,,3488,5,5,,,,,,10,7652,3850,1267,3951,16720
Kansai,1967,2850,2332,1826,,79,1210,,8297,963,349,20,,,A,,1332,3820,4466,3600,,157,2337,,14380,1236,438,32,,,A,,1706,25780,2113,3205,11848,42946
Chugoku,1967,1192,1662,1377,,276,,,4507,47,20,14,,,,,81,1574,2152,2236,,537,,,6499,78,28,15,,,,,121,13517,412,5776,6609,26314
Shikoku,1967,466,1361,223,391,,,,2441,a,2,,,,,,2,558,2007,399,454,,,,3418,a,2,,,,,,2,6755,328,1974,3107,12164
Kyushu,1967,1059,3464,1499,,436,,,6458,31,62,4,,1,,,98,1292,4426,2420,,711,,,8849,39,75,6,,1,,,121,16125,535,5991,13808,36459
Okinawa,1967,,,,,,,,,,,,,,,,,,,,,,,,,,,,,,,,,,,,,
Hokkaido,1966,1955,2374,731,637,,,,5697,13,19,,,,,,32,1963,2754,937,778,,,,6432,13,37,,,,,,50,6957,216,1480,37632,46285
Tohoku,1966,2331,5162,2052,,,219,,9764,5,36,,,,,,41,2404,5999,2437,,,219,,11059,3,46,,,,,,51,23834,3874,6906,30365,64979
Tokyo,1966,1334,4698,2597,,,651,,9280,1174,537,106,,,,,1817,1733,7573,5040,,,1303,,15649,1851,934,261,,,,,3046,31327,2179,3434,18517,55457
Chubu,1966,2628,2588,1276,,,407,,6899,240,59,4,,,,,303,3110,4500,2464,,,749,,10823,350,99,6,,,,,455,19813,2769,4609,13973,41164
Hokuriku,1966,602,1355,352,,,29,,2338,2,1,,,,,,3,661,2134,563,,,58,,3416,5,1,,,,,,6,7480,3685,1299,4450,16914
Kansai,1966,2836,2262,1801,,79,1181,,8159,899,305,11,,,,,1215,3779,4309,3575,,157,2279,,14099,1176,380,23,,,,,1580,25183,2134,3329,12762,43408
Chugoku,1966,1245,1588,1200,,276,,,4309,47,18,15,,,,,80,1606,2080,2113,,537,,,6336,78,25,16,,,,,119,13027,418,5922,7213,26580
Shikoku,1966,492,1345,223,323,,,,2383,a,2,,,,,,2,584,1990,399,386,,,,3359,a,2,,,,,,2,6504,365,1989,3360,12218
Kyushu,1966,1090,3467,1455,,356,,,6368,26,55,4,,,,,85,1321,4434,2292,,631,,,8678,34,67,7,,,,,108,15602,484,6184,14505,36775
Okinawa,1966,,,,,,,,,,,,,,,,,,,,,,,,,,,,,,,,,,,,,
Hokkaido,1965,1922,2382,706,477,,,,5487,13,19,,,,,,32,1940,2761,912,565,,,,6178,13,36,,,,,,49,6616,193,1411,37049,45269
Tohoku,1965,2429,5293,1945,,,219,,9886,6,31,,,,,,37,2502,6169,2196,,,219,,11086,6,37,,,,,,43,23135,3236,7697,33975,68043
Tokyo,1965,1401,4585,2583,,,634,,9203,1113,468,84,,,,,1665,1774,7193,5018,,,1268,,15253,1794,820,215,,,,,2829,30408,2046,3698,20687,56839
Chubu,1965,2635,2482,1149,,,341,,6607,234,51,4,,,,,289,3102,4233,2204,,,619,,10158,342,81,5,,,,,428,18577,2684,4723,14689,40673
Hokuriku,1965,613,1351,351,,,29,,2344,2,1,,,,,,3,671,2131,563,,,29,,3394,5,1,,,,,,6,7457,3466,1302,4820,17045
Kansai,1965,2777,2157,1801,,79,1170,,7984,880,286,11,,,,,1177,3694,4080,3574,,157,2021,,13526,1143,349,23,,,,,1515,24548,2136,3367,13430,43481
Chugoku,1965,1347,1478,1118,,276,,,4219,46,18,14,,,,,78,1744,1964,2022,,537,,,6267,80,21,15,,,,,116,12706,418,5905,7504,26533
Shikoku,1965,512,1296,209,249,,,,2266,a,,,,,,,A,604,1918,372,286,,,,3180,a,,,,,,,A,6124,380,2006,3486,11996
Kyushu,1965,1162,3385,1455,,356,,,6358,26,52,3,,,,,81,1400,4320,2291,,579,,,8590,35,63,7,,,,,105,15137,530,6190,15836,37693
Okinawa,1965,,,,,,,,,,,,,,,,,,,,,,,,,,,,,,,,,,,,,
Hokkaido,1964,1941,2385,685,476.7,,,,5487.7,14,18,,,,,,32.202,1960,2766,890,564.5,,,,6180.7,14,30,,,,,,43.662,6587,196,1375,37474,45632
Tohoku,1964,2477,5217,1881,,,219.4,,9793.6,6,28,,,,,,34.468,2561,6074,2131,,,219.4,,10985.4,6,32,,,,,,38.569,22268,3237,7769,35881,69155
Tokyo,1964,1533,4461,2654,,,541.2,,9188.9,1061,403,81,,,,,1544.895,1915,6893,5143,,,1082.5,,15033,1756,688,200,,,,,2643.931,29703,1659,3943,23552,58857
Chubu,1964,2617,2332,1107,,,318.6,,6373.7,228,49,4,,,,,281.163,3072,3960,2134,,,573.3,,9738.8,339,75,6,,,,,419.29,17735,2573,4951,15791,41050
Hokuriku,1964,610,1235,352,,,28.9,,2225.8,4,1,,,,,,4.313,674,1974,534,,,28.9,,3211.8,6,1,,,,,,7.434,7038,3131,1299,5150,16618
Kansai,1964,2841,2043,1782,,78.6,1134.3,,7878.2,854,226,8,,,,,1088.634,3726,3812,3534,,157.2,1948.9,,13178.2,1134,289,11,,,,,1434.515,23639,2212,3321,15174,44346
Chugoku,1964,1435,1390,1055,,261.1,,,4140.1,49,16,8,,,,,72.854,1878,1822,1933,,522.1,,,6155.2,84,19,8,,,,,111.665,12336,409,5760,7698,26203
Shikoku,1964,553,1290,210,239.8,,,,2292.9,a,,,,,,,0.086,646,1862,371,239.8,,,,3118.5,a,,,,,,,0.086,6059,397,2024,3720,12200
Kyushu,1964,1136,3292,1357,,356.4,,,6141.2,26,50,3,,,,,79.028,1402,4216,2185,,579.5,,,8382.7,37,61,7,,,,,103.808,14387,603,6041,16337,37368
Okinawa,1964,,,,,,,,,,,,,,,,,,,,,,,,,,,,,,,,,,,,,
Hokkaido,1963,1978,2467,543,475.9,,,,5463.9,18,13,,,,,,30.942,1996,2847,749,564.2,,,,6155,21,24,,,,,,44.767,6541,175,1322,37525,45563
Tohoku,1963,2584,4971,1772,,,218.7,,9545.7,6,24,,,,,,30.136,2672,5852,2096,,,219.3,,10839,6,28,,,,,,34.237,21376,3076,8182,37823,70457
Tokyo,1963,1534,4395,2529,,,517.9,,8975.9,1067,324,64,,,,,1455.404,1915,6658,4923,,,1037.1,,14533.1,1809,550,163,,,,,2521.881,28569,1515,3921,25139,59144
Chubu,1963,2638,2231,1055,,,319.2,,6243.2,211,39,4,,,,,254.35,3037,3770,2003,,,485.7,,9295.5,283,63,5,,,,,351.474,16753,2499,4947,16580,40779
Hokuriku,1963,612,1247,330,,,29.6,,2218.6,3,1,,,,,,4.313,678,1990,465,,,28.9,,3161.6,6,1,,,,,,7.434,7003,2934,1311,5418,16666
Kansai,1963,2773,1941,1900,,78.1,1061.6,,7753.7,800,201,5,,,,,1005.988,3666,3651,3694,,78.6,1803.6,,12893.4,1080,249,6,,,,,1334.751,23262,2194,3279,16217,44952
Chugoku,1963,1488,1314,1048,,260.8,,,4110.8,49,12,7,,,,,68.458,1966,1726,1909,,522.1,,,6122.9,85,17,6,,,,,107.904,12209,402,5705,7897,26213
Shikoku,1963,668,1174,209,240.5,,,,2291.5,1,,,,,,,0.086,778,1729,372,255.4,,,,3133.7,1,,,,,,,0.086,5952,450,2037,4031,12470
Kyushu,1963,1186,3367,1257,,356.9,,,6166.9,27,49,3,,,,,78.746,1474,4289,2085,,579.5,,,8427.4,38,59,7,,,,,104.278,13724,668,6324,18335,39051
Okinawa,1963,,,,,,,,,,,,,,,,,,,,,,,,,,,,,,,,,,,,,
Hokkaido,1962,,,,,,,,,,,,,,,,,,,,,,,,,,,,,,,,,,,,,
Tohoku,1962,,,,,,,,,,,,,,,,,,,,,,,,,,,,,,,,,,,,,
Tokyo,1962,,,,,,,,,,,,,,,,,,,,,,,,,,,,,,,,,,,,,
Chubu,1962,,,,,,,,,,,,,,,,,,,,,,,,,,,,,,,,,,,,,
Hokuriku,1962,,,,,,,,,,,,,,,,,,,,,,,,,,,,,,,,,,,,,
Kansai,1962,,,,,,,,,,,,,,,,,,,,,,,,,,,,,,,,,,,,,
Chugoku,1962,,,,,,,,,,,,,,,,,,,,,,,,,,,,,,,,,,,,,
Shikoku,1962,,,,,,,,,,,,,,,,,,,,,,,,,,,,,,,,,,,,,
Kyushu,1962,,,,,,,,,,,,,,,,,,,,,,,,,,,,,,,,,,,,,
Okinawa,1962,,,,,,,,,,,,,,,,,,,,,,,,,,,,,,,,,,,,,
